date,growth_pc1,inflation_pc1,gs10,term_spread_10y_1y,state,state_prob_0,state_prob_1,state_prob_2
1972-08-01,1.7914126799333363,-0.5938528837706623,6.21,1.2299999999999995,1,6.509430416434368e-66,1.0,2.671573313495377e-41
1972-11-01,2.9250281409192587,0.3953515828616309,6.28,1.010000000000001,1,8.070504021125594e-07,0.9997816987176285,0.00021749423193557962
1973-02-01,2.6974742942723715,2.490439620269416,6.64,0.4499999999999993,1,9.571531964685394e-08,0.9999998401576832,6.412679174085693e-08
1973-05-01,1.0846040993242712,2.048697479013292,6.85,-0.04,1,2.6681547878833107e-06,0.9999651380786992,3.219376655041849e-05
1973-08-01,-0.5144328650192292,7.839877013142269,7.4,-1.42,1,3.6944891245683473e-13,0.9999999999995453,4.705919427821916e-39
1973-11-01,1.024485608972456,0.4374632365247347,6.73,-0.8399999999999999,1,7.6674996134757e-06,0.9950219155318085,0.004970416968626379
1974-02-01,-1.0259118641646203,3.7512884219309406,6.96,0.08,1,1.8385453266360878e-07,0.9999998160792698,6.616040745997118e-11
1974-05-01,0.0107044091660379,1.2645575208812885,7.58,-1.1999999999999993,1,4.910157871631006e-07,0.9997214342673512,0.0002780747169486754
1974-08-01,-1.588055320794328,4.655792100890325,8.04,-1.3200000000000005,1,1.1474071470103178e-10,0.9999999998854037,6.59334713192767e-18
1974-11-01,-4.028703618930432,1.4014202023179685,7.68,0.0199999999999995,1,2.7185528719535857e-11,0.9999999999358806,3.6954293643261626e-11
1975-02-01,-3.9053594030370737,0.1742380090765533,7.39,1.4099999999999993,1,4.732745665407234e-11,0.9999946946991018,5.305253482632086e-06
1975-05-01,-0.7274128517521826,-0.7548916149118878,8.06,1.6700000000000008,2,9.628893978398093e-09,0.090213011454179,0.9097869789169568
1975-08-01,1.9311316273272463,-0.2636192450805588,8.4,0.7000000000000002,2,8.98817855313271e-12,0.018131762308507583,0.9818682376825981
1975-11-01,0.9145541240113364,0.0193665340213315,8.05,1.5600000000000005,2,1.207988785954243e-10,0.0006998695708193682,0.9993001303085036
1976-02-01,2.215210135372229,-1.104421018811627,7.79,1.88,2,1.0225370294800083e-12,0.000999087698990363,0.9990009122998008
1976-05-01,0.8043456263540161,0.5087850173093553,7.9,1.5,2,4.697313236490122e-13,7.537755483672399e-05,0.9999246224444927
1976-08-01,0.5274102441104415,-0.5631125141776587,7.77,1.7699999999999996,2,1.159226772067741e-13,2.1000671058414446e-05,0.9999789993289243
1976-11-01,1.0375241189416031,0.06703907703772,7.29,2.0,2,3.809821665152933e-12,5.084113044630074e-05,0.9999491588656096
1977-02-01,1.424880041517277,1.5077320765161863,7.39,1.92,2,6.0306272027477794e-12,0.0017244206311946707,0.9982755793628363
1977-05-01,2.0201702052005435,0.3104243461942705,7.46,1.62,2,9.797779881728053e-12,0.00044699209082577963,0.9995530078995402
1977-08-01,0.6655925349654298,-0.1904620624313888,7.4,1.0300000000000002,2,1.246603571350597e-10,0.00012112340579362059,0.9998788764697285
1977-11-01,0.3888731639129686,0.5767547766061131,7.58,0.6299999999999999,2,1.9895516524785596e-10,0.00454216911962103,0.9954578306816181
1978-01-01,-0.7240219273787509,1.2542254026363655,7.96,0.6799999999999997,2,1.2685805791259026e-09,0.0986725494963157,0.9013274492351419
1978-02-01,0.5943208349934004,0.9438459301388764,8.03,0.6899999999999995,2,3.031625296321726e-08,0.17200182861785052,0.8279981410660407
1978-03-01,1.116414993124193,1.4874331393504725,8.04,0.7299999999999995,1,2.1118692989839628e-08,0.677417871153968,0.3225821077272264
1978-04-01,3.151033431295685,1.2820766161035746,8.15,0.7000000000000002,1,3.1480828919272105e-10,0.998636379957129,0.0013636197282580558
1978-05-01,2.552899271543414,1.0969768916284834,8.35,0.5299999999999994,1,1.7642982443022663e-09,0.9994382096552351,0.0005617885806919719
1978-06-01,2.606727495301796,1.303412193114913,8.46,0.370000000000001,1,6.119054478080612e-10,0.9959633312080421,0.004036668179982741
1978-07-01,0.9720090248508,0.2937415167605856,8.64,0.25,1,1.5607622159732026e-08,0.80178605812895,0.19821392626326081
1978-08-01,1.2499489933712506,0.4338950239936532,8.41,0.0999999999999996,1,2.416221488011339e-08,0.7892327864324074,0.21076718940549885
1978-09-01,0.9171598371633513,0.8022252462371083,8.42,-0.2200000000000006,1,2.5568717129656966e-08,0.8369340321902101,0.1630659422411814
1978-10-01,1.1360816233069098,1.361527144300663,8.64,-0.5,1,4.947732240147735e-09,0.96931703363512,0.03068296141725191
1978-11-01,1.390966991195844,0.7177497623562866,8.81,-1.1999999999999993,1,1.75991120331935e-09,0.9929398016520314,0.007060196588064269
1978-12-01,1.0964886012185602,1.4723673639334285,9.01,-1.290000000000001,1,6.793040915406551e-10,0.9998218356160788,0.00017816370479613143
1979-01-01,-0.2275730782415286,1.7111312731711668,9.1,-1.3100000000000005,1,7.18459596502397e-10,0.999991735268897,8.264012840792188e-06
1979-02-01,0.1828725284774582,2.046335208904095,9.1,-1.1400000000000006,1,5.935848637254388e-10,0.9999978030565703,2.196350013396596e-06
1979-03-01,0.6506765610148166,2.1073204594329664,9.12,-1.1300000000000008,1,4.074444985930434e-10,0.9999984750263852,1.5245662946048852e-06
1979-04-01,-1.4141876397384876,2.129500010903932,9.18,-0.9399999999999996,1,1.2267350659742558e-10,0.9999998925832245,1.0729412948129643e-07
1979-05-01,0.5461314327686025,1.2257829336087218,9.25,-0.8699999999999992,1,6.379564050048685e-10,0.99984903159884,0.00015096776300230712
1979-06-01,-0.8560363811120733,1.428197231307203,8.91,-0.6600000000000001,1,2.1263841288178516e-09,0.9999619119640103,3.808590963316845e-05
1979-07-01,-0.2623414022542014,2.221256334124338,8.95,-0.6900000000000013,1,1.244594406003478e-09,0.999998545177426,1.4535781622120114e-06
1979-08-01,-1.0674155168565982,0.8446424512336909,9.03,-0.9500000000000012,1,1.1745467697779735e-09,0.9999142900508963,8.570877433586927e-05
1979-09-01,-0.1040075410429673,1.9964338248540887,9.33,-1.5099999999999998,1,1.691100418210552e-10,0.9999990391065763,9.607240985324618e-07
1979-10-01,-0.6891201038989249,2.0118226323183803,10.3,-2.139999999999999,1,6.05725592335246e-13,0.9999999811866476,1.8812912892659313e-08
1979-11-01,-1.1751667707286877,1.144979669353058,10.65,-1.7400000000000002,1,1.4440058568109888e-13,0.999999607188406,3.928115475330829e-07
1979-12-01,-0.8848285203823397,1.8328060967463435,10.39,-1.59,1,5.566625616944653e-13,0.999999908372051,9.162760715900529e-08
1980-01-01,-0.5368561471285511,2.884278051871648,10.8,-1.2599999999999998,1,2.809191882806679e-14,0.9999999998644853,1.3569062016273002e-10
1980-02-01,-0.636462478035155,2.809638341157961,12.41,-1.5099999999999998,1,1.0809604979380284e-18,0.999999999998181,1.8799137111676398e-12
1980-03-01,-1.9650582726056456,2.59456687240158,12.75,-3.0700000000000003,1,4.6570245768049555e-21,1.0,1.476404306587575e-15
1980-04-01,-4.52377431814795,1.2229835148695456,11.47,-1.83,1,7.369264303394899e-21,1.0,2.1660713576690312e-16
1980-05-01,-5.091671901185689,1.0436755829821138,10.18,0.7899999999999991,1,2.285651427919454e-18,1.0,1.5497338627782377e-15
1980-06-01,-4.853542039998621,0.44245547653423,9.78,1.6199999999999992,1,1.5397508469651137e-16,1.0,1.7761500565994227e-13
1980-07-01,-2.556757224479967,0.4736039267630782,10.25,1.5999999999999996,1,5.278138218782684e-13,0.999998967769521,1.032229985064907e-06
1980-08-01,0.1985542934727666,0.9075399307043096,11.1,0.8599999999999994,1,1.5606635893941863e-13,0.9999077716884534,9.222831143154734e-05
1980-09-01,0.601417802676296,0.5442117142831139,11.51,-0.0099999999999997,1,8.024609410131016e-15,0.9999589226842123,4.107731565975046e-05
1980-10-01,2.746304861312715,1.5236538929068717,11.75,-0.7400000000000002,1,7.899239171749992e-18,0.9999999965552888,3.4446307034619814e-09
1980-11-01,2.218061201737206,0.9912975915563612,12.68,-1.4700000000000006,1,7.213799159380774e-20,0.9999999970323188,2.967551560001605e-09
1980-12-01,1.017824644370041,2.230475199662405,12.84,-2.040000000000001,1,5.543067126281079e-20,0.9999999999813554,1.8453701434337766e-11
1981-01-01,0.2554746517078934,1.0172951344570311,12.57,-1.5099999999999998,1,2.7935312019526874e-18,0.9999999446436065,5.535658737037448e-08
1981-02-01,-0.1811344782701234,1.6945991110545702,13.19,-1.3800000000000008,1,2.264656490624329e-20,0.9999999995648068,4.3518059073148836e-10
1981-03-01,0.3979866677311175,0.885885989828513,13.12,-0.5900000000000016,1,1.0912185160579334e-19,0.9999999350784513,6.492177419520456e-08
1981-04-01,-0.5235274043839557,0.2339101698566218,13.68,-0.6400000000000006,1,1.908052565179749e-21,0.9999999864871825,1.3512827087217177e-08
1981-05-01,-0.6320839468104034,0.2381939667146383,14.1,-2.1,1,2.3669791253819426e-23,0.9999999998572093,1.43008667850075e-10
1981-06-01,-1.0924429494083958,0.7225618321400015,13.47,-1.3899999999999988,1,2.6308103757763992e-21,0.9999999989572643,1.0428283271820724e-09
1981-07-01,-0.0982944607508124,1.3355872985379365,14.28,-1.4400000000000013,1,6.813961366548278e-24,0.9999999999663487,3.37797101017981e-11
1981-08-01,-0.7069599737362657,0.3331568901423478,14.94,-1.7799999999999994,1,2.7429488065949193e-26,0.9999999999936335,6.441416656320763e-12
1981-09-01,-1.339232111052382,1.1925211026681437,15.32,-1.1999999999999993,1,4.507995847434879e-28,1.0,8.305076822847297e-14
1981-10-01,-3.044431242830764,0.1306720866028401,15.15,-0.2300000000000004,1,5.668171115816454e-29,1.0,3.8319214854258846e-15
1981-11-01,-3.6618969361304936,0.5535686202224166,13.39,0.9800000000000004,1,1.0815608399380208e-23,1.0,1.4090534262614182e-13
1981-12-01,-3.4061562882352447,-0.1685328942904592,13.72,0.870000000000001,1,3.0653293515797467e-24,0.9999999999995453,4.801468775509502e-13
1982-01-01,-3.883905796798847,-0.0924774270896568,14.59,0.2699999999999996,1,2.440345712836132e-28,1.0,3.153029231264209e-16
1982-02-01,-0.8207338160782464,0.097157954046436,14.43,-0.3000000000000007,1,5.017241364909692e-24,0.9999999992833182,7.166196179247658e-10
1982-03-01,-2.6299465364944665,-0.8035504679717147,13.86,-0.0899999999999998,1,1.0685146388110885e-23,0.9999999999922693,7.873569775556558e-12
1982-04-01,-1.7773052544062362,-0.538600765298855,13.87,-0.1100000000000012,1,1.0603360757999856e-22,0.9999999995134203,4.86380666093567e-10
1982-05-01,-1.6990165847539955,0.7058505495445374,13.62,0.2799999999999993,1,8.59054617193019e-22,0.9999999990268407,9.733278314335502e-10
1982-06-01,-2.085933068656018,1.119146956775391,14.3,0.2300000000000004,1,1.2815142927893919e-24,0.9999999999959073,4.164933012907964e-12
1982-07-01,-1.9483803345646424,0.4744969520440221,13.95,0.7099999999999991,1,5.308929233212634e-23,0.9999999997594387,2.4077150491767456e-10
1982-08-01,-2.0938524886878715,-0.315979361687248,13.06,1.6300000000000008,1,5.464240153207278e-20,0.9999999908623067,9.137681808065654e-09
1982-09-01,-1.9663062906918147,-0.8629168837593009,12.34,1.4900000000000002,1,1.0079579759086343e-17,0.9999999085757778,9.142431239488326e-08
1982-10-01,-2.121604510281685,-0.1276987343907872,10.91,1.59,1,5.6087394861014844e-14,0.9999962987217544,3.701278103632674e-06
1982-11-01,-1.6913906017142557,-0.3748063761094695,10.55,1.3900000000000006,1,1.0857256617707169e-12,0.999950548866241,4.9451132458443334e-05
1982-12-01,-1.4357743720619205,-0.8366542480383012,10.54,1.629999999999999,1,1.993162102567242e-12,0.9997420103666627,0.0002579896314419206
1983-01-01,0.9618948432259904,-0.5712577950875832,10.46,1.8400000000000016,1,7.65919335588195e-12,0.9966814517479448,0.0033185482443292324
1983-02-01,0.6936724751448443,-0.995121974842333,10.72,1.8000000000000007,1,2.1405415919711857e-12,0.9976218619376681,0.002378138060232872
1983-03-01,1.5347160022238184,-0.9466979342791776,10.51,1.4700000000000006,1,1.929763670893321e-12,0.9989176266887054,0.001082373309504864
1983-04-01,2.4049704647833146,-0.416110067535562,10.4,1.42,1,4.612045927892072e-13,0.9997946161559077,0.00020538384353087767
1983-05-01,2.1002253771830084,0.0887004420893131,10.38,1.4800000000000004,1,1.1783263837734728e-12,0.9997179167629129,0.0002820832358651992
1983-06-01,2.209243434741532,-0.1416850476649846,10.85,1.1899999999999995,1,5.865665201218686e-14,0.9999209389852777,7.906101476989751e-05
1983-07-01,2.902950276932441,0.0815388391054486,11.38,1.1800000000000015,1,2.8613761159285565e-16,0.9999986198013605,1.3801986759041961e-06
1983-08-01,2.179875711664353,0.4381562369932489,11.85,1.3200000000000005,1,1.4114090943107913e-16,0.9999964356706954,3.564329303368794e-06
1983-09-01,3.068428317558906,0.2170018367133222,11.65,1.4900000000000002,1,3.339513110504079e-17,0.9999996944957741,3.055041023349639e-07
1983-10-01,2.3558805314358207,0.1385768431278763,11.54,1.7299999999999986,1,8.004175891157396e-16,0.9999924002438566,7.599755938281632e-06
1983-11-01,2.333027448121971,-0.4116753604554187,11.69,1.75,1,3.551983407237207e-16,0.999993806345255,6.193654912950948e-06
1983-12-01,2.5872531494832574,-0.3584110060059995,11.83,1.7200000000000006,1,6.733822931874561e-17,0.9999982080555722,1.7919446366091354e-06
1984-01-01,2.0830016584698465,-0.018723728092696,11.67,1.7699999999999996,1,7.814555961999795e-16,0.9999858625604967,1.4137439556596117e-05
1984-02-01,2.006559152247072,0.2521435609683646,11.84,1.8000000000000007,1,3.0964537841898293e-16,0.9999910918342051,8.908165821104369e-06
1984-03-01,1.3548608253479617,-0.1126886124319299,12.32,1.7300000000000004,1,5.2384316612478775e-17,0.9999883311619272,1.1668838118317933e-05
1984-04-01,1.8920386970698877,0.4123130605884423,12.63,1.7300000000000004,1,1.9542370807765556e-18,0.9999990956893722,9.043107504156724e-07
1984-05-01,1.05395413650069,-0.4411847662285556,13.41,1.75,1,3.636213487220866e-20,0.9999995539561581,4.460439018525e-07
1984-06-01,1.2153185485210765,-0.2832576865998823,13.56,1.4800000000000004,1,8.356913254617544e-21,0.9999997854320329,2.1456809450389372e-07
1984-07-01,0.5631083573577761,-0.1814177430526672,13.36,1.33,1,6.967952671672141e-20,0.9999992818145834,7.181854481710854e-07
1984-08-01,0.1478385988835719,-0.4301975249587648,12.72,0.9000000000000004,1,6.740465735310326e-18,0.9999953517593696,4.648240770161557e-06
1984-09-01,-0.7008901256207081,-0.518276949212796,12.52,0.9399999999999996,1,1.9945137611612352e-17,0.9999969078546714,3.0921452787108315e-06
1984-10-01,-0.0038179159641464,0.1820960733361612,12.16,1.2599999999999998,1,3.4676389060382113e-16,0.9999709192169877,2.9080783145803726e-05
1984-11-01,0.0003356054064425,-0.0879368235442421,11.57,1.75,1,1.995027809683959e-14,0.9997851596866552,0.0002148403131791845
1984-12-01,0.188099538366759,-0.2918583536887861,11.5,2.17,1,3.668990966179345e-14,0.9996849474247894,0.0003150525751641779
1985-01-01,-0.0807182878523304,-0.6077491975462117,11.38,2.360000000000001,1,8.19059468964097e-14,0.9997210503148071,0.0002789496852492342
1985-02-01,-0.5388190776449273,-0.0493097401348198,11.51,2.2200000000000006,1,2.8961707296313605e-14,0.9998658918686828,0.00013410813137705713
1985-03-01,0.0446202556825854,-0.1009359707664471,11.86,2.0,1,3.587184655681218e-15,0.9998879202362141,0.00011207976386921554
1985-04-01,-0.3433080851509543,-0.0471400381083941,11.43,2.289999999999999,1,5.4379975673083383e-14,0.9997022515006587,0.00029774849925160433
1985-05-01,-0.1398786197999546,-0.0013017000512989,10.85,2.389999999999999,1,1.8450752927187675e-12,0.9990981216382726,0.000901878360100826
1985-06-01,-3.479926813852689,-0.7886882706971984,10.16,2.3600000000000003,1,1.6327519907638733e-14,0.9999947697624874,5.230237333045165e-06
1985-07-01,0.1599583870320861,-0.2568467132486177,10.31,2.45,2,7.135124814335946e-12,0.40432835933754363,0.5956716406553028
1985-08-01,0.3822532478684657,-0.5662840183723032,10.33,2.28,2,2.934221893498862e-12,0.18695614041662725,0.8130438595804413
1985-09-01,0.4127552861487574,-0.7207027813326896,10.37,2.299999999999999,2,1.2513487777089438e-12,0.10010819398590773,0.8998918060126981
1985-10-01,-0.2561181958092186,0.5933845744857904,10.24,2.2300000000000004,2,3.5355990262731213e-13,0.055422597182137365,0.9445774028173568
1985-11-01,0.3716895393437278,0.2877877312788585,9.78,1.9,2,3.6148329116948666e-13,0.00911977490337211,0.9908802250964475
1985-12-01,0.400428270732073,-0.1231094565105948,9.26,1.59,2,1.917875971429819e-12,0.0010408188325865466,0.9989591811655846
1986-01-01,0.7212000479252121,-0.4921875133531733,9.19,1.459999999999999,2,2.1195147687239077e-12,0.0014527148946443021,0.9985472851033907
1986-02-01,-0.3396562312230904,-2.038164427345768,8.7,1.089999999999999,2,1.9157355259300985e-11,0.014887712774995572,0.9851122872056617
1986-03-01,-0.2338945116914561,-1.9579232252091008,7.78,0.75,2,9.67602305696327e-10,0.011563232539723706,0.9884367664926651
1986-04-01,0.0944685382391816,-1.503885877999592,7.3,0.8599999999999994,2,1.9735406541215787e-10,0.0017308257788456029,0.9982691740238154
1986-05-01,-0.0620216382147397,-0.0075640010381396,7.71,1.0599999999999996,2,2.1560451650387966e-12,6.382599324555584e-05,0.9999361740043853
1986-06-01,-0.215847806626343,-0.3784943368589537,7.8,1.0699999999999994,2,6.541005978799537e-14,3.1968231449839494e-05,0.9999680317685895
1986-07-01,0.0094379655630452,-0.7867317413828238,7.3,1.0300000000000002,2,8.841648852120762e-14,3.05572187248316e-05,0.9999694427814042
1986-08-01,0.570673750608273,-0.2424224473906464,7.17,1.2400000000000002,2,7.49018308667675e-14,1.545174284362339e-05,0.9999845482568699
1986-09-01,0.7326045184176676,0.1122700771917634,7.45,1.6800000000000006,2,2.537714086361829e-14,1.7999551766358855e-05,0.9999820004483028
1986-10-01,-0.2996508852558735,-0.482992754282649,7.43,1.71,2,3.9485709957408226e-14,2.4757255889224358e-05,0.999975242744279
1986-11-01,0.2567860537784308,0.1114112462354688,7.25,1.4500000000000002,2,5.608973995362239e-14,1.6823202418732524e-05,0.9999831767973717
1986-12-01,0.6363602593648241,-0.197347109086261,7.11,1.2400000000000002,2,1.4759907951156523e-13,1.588507478280662e-05,0.9999841149249046
1987-01-01,-0.1079894680930222,0.7074833515466694,7.08,1.2999999999999998,2,2.5126823377287435e-13,5.5536338800943204e-05,0.9999444636611464
1987-02-01,0.9281956276337694,0.297906772552134,7.25,1.29,2,1.1454633448625024e-13,2.6875355748159276e-05,0.9999731246440091
1987-03-01,0.3380962139301732,0.0355609713911214,7.25,1.2199999999999998,2,1.052508922619982e-13,1.7131538353081728e-05,0.99998286846162
1987-04-01,0.4797706773392218,0.3130604550576013,8.02,1.5199999999999996,2,2.962151320677845e-14,3.108307234230763e-05,0.999968916927775
1987-05-01,1.3920178282761038,0.4054613466470695,8.61,1.6099999999999994,2,2.1448471022349923e-15,0.00011970051353703346,0.9998802994865827
1987-06-01,0.8210218518624856,0.0897993168595858,8.4,1.6000000000000003,2,3.0087755872256915e-14,3.866038254672656e-05,0.9999613396173118
1987-07-01,1.4947265127690168,-0.1372513531860443,8.45,1.7699999999999996,2,7.790192505829897e-15,7.756297358340824e-05,0.9999224370262801
1987-08-01,0.9912799036283124,0.1619693556316665,8.76,1.7299999999999995,2,4.3996325661724744e-14,8.775575948760008e-05,0.9999122442404382
1987-09-01,0.9135808165422742,-0.3931403064076056,9.42,1.75,2,3.5128656951504245e-14,0.0005569225958964121,0.9994430774041806
1987-10-01,1.6370284747621149,0.4564701204729698,9.52,1.93,2,1.16771281345728e-13,0.0050597202504734365,0.994940279749462
1987-11-01,1.085875973006488,0.2751270006966404,8.86,1.9,2,6.886166716178494e-11,0.012167482037346647,0.9878325178935716
1987-12-01,1.3844061069766112,-0.7320198830562552,8.99,1.8200000000000005,2,6.927499579834272e-11,0.12326626151414118,0.8767337384166913
1988-01-01,0.3039678017339724,-11.79912808400016,8.67,1.6799999999999995,1,2.3505975057561961e-23,1.0,1.7260962963400984e-71
1988-02-01,0.4676106304831862,-0.3222010959795729,8.21,1.5700000000000012,2,1.8944146814932452e-10,0.019976470915022554,0.9800235288956634
1988-03-01,0.3720438941441772,-0.064241179674921,8.37,1.6599999999999993,2,1.3136273230260826e-11,0.000529577523818403,0.999470422463014
1988-04-01,0.8478302468061596,0.7914160083912892,8.72,1.7100000000000009,2,9.721803133772985e-14,0.0002186121425175841,0.9997813878575086
1988-05-01,0.5224347099154482,0.0318398052504198,9.09,1.6899999999999995,2,1.0640192408653706e-14,7.49927510737242e-05,0.9999250072491425
1988-06-01,1.2319056120393723,0.2908608524343055,8.92,1.4299999999999995,2,5.3874604984740536e-15,0.00012799847580685663,0.999872001524412
1988-07-01,0.597076180597955,0.4899629908994727,9.06,1.3100000000000005,2,6.34360837099125e-15,0.00012782293646124393,0.999872177063537
1988-08-01,0.3609733105082101,-0.2708841552598091,9.26,1.09,2,1.9245049807036808e-15,9.336252984841736e-05,0.9999066374701023
1988-09-01,0.2215332025169272,-0.0983942228526429,8.98,0.8900000000000006,2,5.4795930176397075e-15,7.619832126811207e-05,0.9999238016786381
1988-10-01,0.9081438069898004,0.2376568768133566,8.8,0.6900000000000013,2,9.334793909871251e-15,0.00010710312633389126,0.9998928968736828
1988-11-01,0.8047202768310076,-0.1459263130196336,8.96,0.4800000000000004,2,2.6200232504825595e-14,0.00014353150317507433,0.9998564684967861
1988-12-01,0.9025320898895708,0.3442650895478389,9.11,0.1199999999999992,2,5.979152941685259e-14,0.0005532063466310082,0.999446793653387
1989-01-01,0.6486259005337472,0.8369086785403755,9.09,0.0399999999999991,2,3.9636858418008284e-13,0.0015122038147323833,0.998487796184818
1989-02-01,0.0310029172419507,0.2971718915195021,9.17,-0.08,2,1.5776570883371818e-12,0.0018608793371303566,0.9981391206611212
1989-03-01,-0.1986399816871726,0.5571757419116364,9.36,-0.2100000000000008,2,9.936546088414625e-13,0.0045708706523925466,0.9954291293465429
1989-04-01,-0.0384164493568114,0.9675923526897888,9.18,-0.1799999999999997,2,3.529937843702055e-12,0.0066674662249094985,0.9933325337714373
1989-05-01,-0.5245695163493603,0.7624958022538275,8.86,-0.120000000000001,2,7.707132322354594e-12,0.004966364978401642,0.9950336350137852
1989-06-01,-0.8134613846084767,-0.5696964100751425,8.28,-0.1600000000000001,2,2.363311591863089e-11,0.0018177097600357043,0.998182290216148
1989-07-01,-0.9031938398472952,-0.4540274417673919,8.02,0.1299999999999999,2,1.967760435388501e-11,0.000669091780093823,0.9993309082002544
1989-08-01,-0.1346333939258924,-0.8979285892664807,8.11,-0.0700000000000002,2,1.797001401040921e-11,0.000449696016089109,0.9995503039659053
1989-09-01,-0.9078111071991624,-0.6117690277629728,8.19,-0.0300000000000011,2,1.890478835791467e-11,0.0014529515224446375,0.9985470484588426
1989-10-01,-1.0773803788953764,0.4086884471996808,8.01,0.0199999999999995,2,1.3686373367341266e-10,0.0037649982406933345,0.9962350016223587
1989-11-01,-0.5323099335643521,0.0776784642079037,7.87,0.1000000000000005,2,1.6316291204695988e-09,0.0069277841181989465,0.9930722142501968
1989-12-01,-0.2074312103065027,0.1238143736505874,7.84,0.1200000000000001,2,5.015648566166352e-09,0.04734606044388159,0.9526539345403162
1990-01-01,-0.8254797857041626,1.977580466371617,8.21,0.2900000000000009,1,1.9493324567694272e-09,0.7110488178694059,0.28895118018124405
1990-02-01,0.5115342192179944,-0.0068692320857444,8.47,0.3600000000000012,1,4.706595897697164e-08,0.6933983047593258,0.30660164817488256
1990-03-01,-2.8855971896238484,-0.2235332997936772,8.59,0.2400000000000002,1,6.85422679072153e-11,0.8735499987449556,0.12645000118638808
1990-04-01,-0.6702797047850508,-0.6569805170486045,8.79,0.3899999999999988,2,3.5271414554419045e-09,0.3455487087063196,0.6544512877663506
1990-05-01,-0.0312682170087357,0.1126756198671928,8.76,0.4399999999999995,2,5.199940319252688e-09,0.22464706868459555,0.7753529261156862
1990-06-01,-0.3652940521290825,0.1175197874374597,8.48,0.3800000000000008,2,1.477620882580668e-08,0.233701509388859,0.7662984758348687
1990-07-01,-1.1341169337421098,0.0235758052152948,8.47,0.5300000000000002,2,8.881767594811809e-09,0.4367939800075431,0.5632060111108736
1990-08-01,-1.0927421043708896,2.5408477842147827,8.75,0.9699999999999998,1,1.1219219400673639e-09,0.9998918466649561,0.00010815221306624008
1990-09-01,-1.0883970545151718,1.85720777138299,8.89,1.1300000000000008,1,3.333437718048371e-09,0.9999845863363707,1.541033020250952e-05
1990-10-01,-2.3530781919584274,2.324359070150108,8.72,1.1700000000000008,1,2.790067055435814e-10,0.9999999897086127,1.0012415729331375e-08
1990-11-01,-3.0755430766097294,-0.7318001432264785,8.39,1.080000000000001,1,4.2506224825425075e-10,0.9999992433120631,7.562627747282562e-07
1990-12-01,-2.470678251154018,-0.8948971584062839,8.08,1.0300000000000002,1,1.0829732053529108e-08,0.9999789215860434,2.1067584252604494e-05
1991-01-01,-2.443576194631139,0.1688293085656046,8.09,1.4500000000000002,1,1.4150187665368713e-08,0.9999575537299418,4.2432119839419736e-05
1991-02-01,-2.314366839541456,-1.4875680320358566,7.85,1.58,1,4.2124843007656696e-08,0.9999801516419967,1.9806233023270072e-05
1991-03-01,-1.9915246573526075,-2.486588455950236,8.11,1.709999999999999,1,9.05707541460919e-10,0.9995558670190894,0.0004441320754019423
1991-04-01,-0.6490204359348254,-0.0139981245264301,8.04,1.799999999999999,2,1.0452742338872551e-09,0.0472279822160893,0.9527720167387946
1991-05-01,-0.1688746247391975,0.3149479782708396,8.07,1.9400000000000004,2,3.183812753407945e-11,0.0015917332913081873,0.9984082666768509
1991-06-01,0.6568607453313225,-0.6513787997047864,8.28,1.919999999999999,2,2.857670920181368e-13,7.28930127798889e-05,0.999927106987079
1991-07-01,0.2550158699091043,-0.5482286656337101,8.27,1.96,2,1.0235633730348329e-14,2.842364744998885e-05,0.9999715763525803
1991-08-01,0.2617017626006988,-0.2056394538305944,7.9,2.12,2,1.0189695442251807e-14,1.836138644717078e-05,0.9999816386133237
1991-09-01,0.3713913237313832,-0.2517504470377355,7.65,2.08,2,1.864774448016952e-14,1.563751491474231e-05,0.9999843624850057
1991-10-01,-0.1362122796837916,-0.0203909761625154,7.53,2.2,2,1.6722590784421337e-13,2.2159662943718184e-05,0.9999778403370891
1991-11-01,-0.6217540990620652,0.6306390612645502,7.42,2.53,2,1.0046429999193426e-12,0.00010753939045704574,0.999892460608615
1991-12-01,-0.9774600756977072,-0.439086312078505,7.09,2.71,2,6.172811493568229e-12,9.89700504074436e-05,0.9999010299432058
1992-01-01,-0.5607920027723535,-0.6435072244560746,7.03,2.88,2,2.5770771964653217e-12,5.2084784850180416e-05,0.999947915212436
1992-02-01,0.6450412682991256,-0.093825939961766,7.34,3.05,2,2.904678653137627e-13,2.139286226504197e-05,0.9999786071376564
1992-03-01,0.982226304306408,-0.3867511873680251,7.54,2.91,2,5.4819574431994735e-14,2.6312180844060635e-05,0.9999736878190739
1992-04-01,0.9009068701506766,-0.3050393393329939,7.48,3.1800000000000006,2,9.273579942036343e-14,2.7609486669265674e-05,0.9999723905130646
1992-05-01,0.7184023034852335,-0.0471176546572285,7.39,3.2,2,1.3352785328677466e-13,2.4681999899324915e-05,0.9999753179999219
1992-06-01,0.2947609054226355,0.1409301683897508,7.26,3.09,2,2.189657897744159e-13,2.358123177154697e-05,0.999976418767992
1992-07-01,0.8696884606751669,-0.2162028475021054,6.84,3.24,2,5.87877325173483e-13,2.4378269989504775e-05,0.9999756217295955
1992-08-01,-0.0648216868368981,-0.3113234520619182,6.59,3.12,2,2.1636047871554964e-12,2.3996567828031697e-05,0.9999760034298323
1992-09-01,-0.1144797188649369,-0.1318785424263931,6.42,3.24,2,4.3891092539882045e-12,2.7936777805703405e-05,0.9999720632177491
1992-10-01,0.2927003366257569,0.1770499530558912,6.59,3.29,2,1.1061792518604773e-11,2.897304783538986e-05,0.9999710269412343
1992-11-01,0.6772946276707291,-1.356403392949006,6.87,3.19,2,6.846854889564339e-12,0.00011705972357083924,0.9998829402696912
1992-12-01,1.043324635680576,-1.0455651432609911,6.77,3.06,2,7.776273562826153e-12,6.664794210889962e-05,0.9999333520500804
1993-01-01,0.5559616351217784,0.3994499970866262,6.6,3.1,2,4.842216158957145e-12,3.21814143852564e-05,0.9999678185807747
1993-02-01,0.4134478646328139,0.2705107942765757,6.26,2.87,2,6.22736100867231e-12,2.4010547116197377e-05,0.999975989446687
1993-03-01,-0.2291037556663398,-0.2187896918480625,5.98,2.6500000000000004,2,2.51304160655981e-11,2.6602847521699373e-05,0.9999733971272473
1993-04-01,-0.6745508522530319,0.3079467544009669,5.97,2.7299999999999995,2,2.1107889680976883e-11,7.425148462930671e-05,0.9999257484943074
1993-05-01,0.0069032449157268,0.1631394228167905,6.04,2.68,2,4.072415304074215e-11,2.5797522543304078e-05,0.9999742024368757
1993-06-01,-0.3860121299852561,-0.8176341452729806,5.96,2.42,2,1.4803620067096082e-11,4.64571542317682e-05,0.9999535428310604
1993-07-01,-0.0407941452091628,-0.3719442845742298,5.81,2.3399999999999994,2,2.2617265542207114e-11,2.200786026220761e-05,0.9999779921170343
1993-08-01,0.0486363563774854,-0.5368970670269292,5.68,2.24,2,2.8120182901227744e-11,2.3872026240635083e-05,0.9999761279457717
1993-09-01,-0.1105614296544039,-0.6669321190407164,5.36,2.0000000000000004,2,5.952377142797695e-11,3.750100712201636e-05,0.9999624989333438
1993-10-01,1.1407779053280818,-0.1758096364545588,5.33,1.94,2,3.944261355391653e-11,3.570763160544763e-05,0.9999642923289467
1993-11-01,1.1268961344731383,-0.2928518287540586,5.72,2.14,2,3.5733639159062705e-11,2.8566450300645452e-05,0.9999714335141412
1993-12-01,1.2972716427555795,-1.0598459496198545,5.77,2.16,2,1.4144114995370321e-11,8.275921790197333e-05,0.9999172407679316
1994-01-01,0.8314646214781996,-0.5930798243513543,5.75,2.21,2,2.0660166582505775e-11,2.5234759525766587e-05,0.9999747652196558
1994-02-01,0.9189872804239424,-0.0640500430610703,5.97,2.1,2,4.912016264795323e-12,1.960475245001452e-05,0.9999803952426186
1994-03-01,1.2943003410052891,0.1841559363751622,6.48,2.16,2,5.404339620800375e-13,3.075928120380682e-05,0.9999692407183401
1994-04-01,1.0484677891286154,-0.5194794947772104,6.97,2.1499999999999995,2,1.6429063199542215e-13,2.0419958985404625e-05,0.9999795800406331
1994-05-01,0.9501351329059144,-0.2532012539060946,7.18,1.87,2,1.0084065960867652e-13,1.694016581774325e-05,0.9999830598342349
1994-06-01,1.4023100508167758,0.1929087931663043,7.1,1.83,2,5.1111227960071934e-14,3.62455685122862e-05,0.9999637544312958
1994-07-01,0.693459376467011,0.1018400727139836,7.3,1.82,2,1.0979339116971401e-13,1.678113043502606e-05,0.9999832188694349
1994-08-01,1.3228878510461517,-0.0818147120458973,7.24,1.6800000000000006,2,2.7195328246702354e-14,2.7537177362060132e-05,0.9999724628227208
1994-09-01,0.5637088475725358,-0.4444330802801436,7.46,1.7000000000000002,2,9.156467143111736e-14,1.6285005521295766e-05,0.9999837149942301
1994-10-01,1.3977612458413582,-0.6734781269143019,7.74,1.63,2,1.4146749288762844e-14,4.93036330601133e-05,0.9999506963667198
1994-11-01,1.0106077880021114,0.1499339275807516,7.96,1.42,2,2.611816155827414e-14,3.2824290266311044e-05,0.9999671757098791
1994-12-01,1.1465026391297837,-0.3843840958253486,7.81,0.6699999999999999,2,1.6584177840382474e-14,4.3483218608126166e-05,0.9999565167813699
1995-01-01,0.3483110859220437,0.1187776771569179,7.78,0.7300000000000004,2,3.8271821001060385e-14,2.97537431216362e-05,0.999970246256635
1995-02-01,0.019516835352822,0.2414557400099249,7.47,0.7699999999999996,2,1.870828562618953e-13,3.333659077669145e-05,0.999966663408916
1995-03-01,-0.6288324698318238,0.2015199511400787,7.2,0.7700000000000005,2,1.2882737849208356e-12,6.950661093321783e-05,0.999930493387716
1995-04-01,-0.9147666244064292,0.1411808233469093,7.06,0.79,2,6.3109015170649765e-12,0.00011939668893057663,0.9998806033047065
1995-05-01,-0.993309980923916,0.0846625101346372,6.63,0.6299999999999999,2,2.974424558774796e-11,0.00015219290311308653,0.9998478070671035
1995-06-01,-0.8257857657327677,-0.4414082902694964,6.17,0.5300000000000002,2,4.48954900800095e-11,0.00011412502946565716,0.9998858749257645
1995-07-01,-0.3327412203854027,-0.4793500011367375,6.28,0.6900000000000004,2,1.147166896026158e-11,4.114005286948284e-05,0.9999588599357502
1995-08-01,0.4143273799141652,-0.6792843422993647,6.49,0.7400000000000002,2,3.2251534451215014e-12,2.676067927839042e-05,0.9999732393173016
1995-09-01,-0.3865152762362234,0.1245045789732062,6.2,0.5800000000000001,2,1.2130969626820585e-11,5.1023958767080725e-05,0.9999489760291981
1995-10-01,-0.7230525861674172,-0.2200804144877655,6.04,0.4500000000000002,2,3.873089401103023e-11,9.100549603675376e-05,0.9999089944652568
1995-11-01,-0.3599008175428875,-0.4293790034048138,5.93,0.5,2,3.1955402384717016e-10,6.016954671246664e-05,0.9999398301337559
1995-12-01,-0.6116014940999416,-0.40179151426592,5.71,0.4000000000000003,2,1.59885881324082e-09,0.00018072287281500852,0.9998192755282819
1996-01-01,-1.4541790812243869,0.4398656897629721,5.65,0.5600000000000005,2,2.8104381243745374e-10,0.001205296036209384,0.9987947036826429
1996-02-01,0.3746651824806625,-0.3564088318035218,5.81,0.8699999999999992,2,4.096026215099004e-10,4.7677526950927234e-05,0.9999523220633243
1996-03-01,-0.5349639535432688,-0.3616233435238895,6.27,0.9299999999999996,2,1.6358373082170674e-11,4.29702346535933e-05,0.9999570297487677
1996-04-01,0.757958219842498,0.5127720570028025,6.51,0.9699999999999998,2,1.7591625335115475e-12,3.729081901374967e-05,0.999962709179283
1996-05-01,0.6352768949644096,0.4160133617840179,6.74,1.1000000000000003,2,8.176839903191008e-13,2.7285130154697885e-05,0.9999727148690806
1996-06-01,1.0058209957484217,-0.8029955939252379,6.91,1.1000000000000003,2,1.9819912037851713e-13,3.237153877970475e-05,0.9999676284611365
1996-07-01,0.0325583673777343,-0.4420642082217119,6.87,1.0200000000000005,2,2.569066670209584e-13,1.9779383576306163e-05,0.9999802206162536
1996-08-01,0.3587306758971836,-0.340778066771878,6.64,0.9699999999999998,2,2.3975703039347955e-13,1.689222587676507e-05,0.9999831077737991
1996-09-01,0.2486865830045456,-0.2873338410206992,6.83,1.0,2,1.7265724528259845e-13,1.6747781869993937e-05,0.9999832522177728
1996-10-01,-0.133889236007821,-0.4220482656780427,6.53,0.9800000000000004,2,6.75343435886696e-13,2.3200573681937802e-05,0.9999767994258216
1996-11-01,0.9403247558134504,-0.3711400963833829,6.2,0.7800000000000002,2,4.7071239883019986e-12,2.7580984445726418e-05,0.99997241901084
1996-12-01,0.9358442470666284,0.3573686834416111,6.3,0.8300000000000001,2,7.754432754920545e-11,8.035124692254883e-05,0.9999196486756755
1997-01-01,-1.8337652181735595,-0.094093559531282,6.58,0.9699999999999998,2,1.4936410478784887e-11,0.001450019111535205,0.9985499808737454
1997-02-01,0.6937486122600887,-1.0212524700415235,6.42,0.8899999999999997,2,2.0356201252378306e-10,0.00010005633883470731,0.9998999434575525
1997-03-01,0.8343705421029938,-1.1401171782596773,6.69,0.8900000000000006,2,4.138960403108935e-12,6.43937108901385e-05,0.9999356062850785
1997-04-01,0.3766353872592194,-0.7916880301424968,6.89,0.8999999999999995,2,1.1109772304897968e-12,2.7767727644163693e-05,0.9999722322712798
1997-05-01,1.2494034092449025,-0.4596222728890541,6.71,0.8399999999999999,2,3.970923945083293e-13,3.4817968662457065e-05,0.9999651820307731
1997-06-01,0.9468334537717192,-0.6500612015538544,6.49,0.7999999999999998,2,1.4480883713237551e-12,3.083315403105655e-05,0.9999691668446344
1997-07-01,0.9583063287474696,-0.7083578053407662,6.22,0.6799999999999997,2,2.831520870993188e-12,3.84295058857746e-05,0.9999615704913732
1997-08-01,1.2206084321194233,-0.0231798944959499,6.3,0.7400000000000002,2,1.5492678496476098e-12,3.70626470741423e-05,0.9999629373511972
1997-09-01,0.9162254065450902,-0.2453333088118531,6.21,0.6900000000000004,2,4.007422783454749e-12,2.719650868892143e-05,0.9999728034873755
1997-10-01,0.7611108543067272,-0.1889406485134224,6.03,0.5700000000000003,2,5.688500088565416e-11,4.1323257299746746e-05,0.9999586766860356
1997-11-01,2.2351574472757845,-0.5203006225203621,5.88,0.4199999999999999,2,2.1787300869025578e-11,0.0005984823413107747,0.9994015176369108
1997-12-01,0.456253889014268,-0.7127469963291987,5.81,0.2799999999999993,2,4.194481369916163e-09,0.00010644226696610314,0.9998935535387702
1998-01-01,0.3511019003582105,-1.6225915768535693,5.54,0.2999999999999998,2,1.9893375353656047e-09,0.0005960592352750249,0.9994039387755355
1998-02-01,0.3051567828035912,-1.0164519075197187,5.57,0.2600000000000007,2,1.4024092143342247e-09,0.00014618992583235094,0.9998538086715362
1998-03-01,-0.0206091460163303,-0.5006694493927788,5.65,0.2600000000000007,2,2.881990316730894e-10,5.921403351624686e-05,0.9999407856782496
1998-04-01,0.2517555780413604,-0.3406978200295555,5.64,0.2599999999999998,2,1.421857321552785e-10,4.454535430998761e-05,0.9999554545033003
1998-05-01,0.2709778292136343,0.0567641817435331,5.65,0.2099999999999999,2,3.9649744768208363e-10,5.529434909358442e-05,0.9999447052545704
1998-06-01,-0.6728812980662208,-0.6319615593184835,5.5,0.0899999999999998,2,2.4457631198231917e-09,0.0002101428030924513,0.9997898547509816
1998-07-01,-0.5894185704624489,-0.2945261472046909,5.46,0.0999999999999996,2,2.0652150838786417e-08,0.00016620058759763597,0.9998337787602959
1998-08-01,1.2444210527479689,-0.6733106072181879,5.34,0.1299999999999999,2,6.130197107773453e-08,0.00016745859661607585,0.999832480101281
1998-09-01,-0.2822538019420504,-0.5810483696291674,4.81,0.0999999999999996,2,2.576183984502939e-07,0.00021683221815362475,0.9997829101636314
1998-10-01,-0.0467728322629143,0.0629688436829576,4.53,0.4100000000000001,2,4.097761540481468e-07,0.00018330317860185035,0.9998162870454314
1998-11-01,1.134919827362167,-0.9613728462084846,4.83,0.2999999999999998,2,4.127682683131237e-07,0.0003040468443897559,0.9996955403874577
1998-12-01,0.4356639793888995,-0.7107887683180858,4.65,0.1300000000000007,2,4.4828440391601327e-07,0.00021184294570561238,0.9997877087700214
1999-01-01,-0.1119190119976193,-0.7315643205159166,4.72,0.2099999999999999,2,3.878696477977784e-07,0.00022604046967452534,0.9997735716607368
1999-02-01,0.3809240537919601,-1.151855630651222,5.0,0.2999999999999998,2,2.098328309275686e-07,0.00023908208950626424,0.9997607080775959
1999-03-01,0.1421485740462316,-0.0449532976900013,5.23,0.4500000000000002,2,1.3698418171425407e-07,7.637592010538082e-05,0.9999234870957099
1999-04-01,0.3178841863290262,1.0231153344154773,5.18,0.4899999999999993,2,1.6762324063760966e-08,0.0003493690564329095,0.9996506141811325
1999-05-01,0.5580588447193965,-0.1714377437666455,5.54,0.6900000000000004,2,1.3332946995358804e-09,3.90662935795629e-05,0.9999609323732356
1999-06-01,0.3012064894528728,-0.3925363857778831,5.9,0.8000000000000007,2,7.877939654567544e-11,2.440284356626076e-05,0.9999755970774334
1999-07-01,0.5946973101326533,0.143741409175176,5.79,0.7599999999999998,2,1.7369960876747246e-11,3.0486004500162608e-05,0.9999695139781143
1999-08-01,0.7321250227809775,0.5467444003788454,5.94,0.7400000000000002,2,1.0744911839357113e-11,5.3770959074656954e-05,0.9999462290302976
1999-09-01,0.5619956181203031,0.3493358687083387,5.92,0.6699999999999999,2,3.4024435850493487e-11,4.040073384724061e-05,0.9999595992320317
1999-10-01,1.5220858183104566,-0.2486318961475342,6.11,0.6800000000000006,2,4.2324389993111094e-11,8.580034355558825e-05,0.9999141996139518
1999-11-01,2.1877116192572617,-0.4347729633559076,6.03,0.4800000000000004,2,1.3676454334549596e-11,0.00044037271837875537,0.9995596272678396
1999-12-01,1.325714249422976,-0.4227392430153171,6.28,0.4400000000000004,2,2.4611028943985764e-11,7.359530118485984e-05,0.9999264046744184
2000-01-01,0.5405513091628664,-0.5938377970617853,6.66,0.54,2,1.711750804628822e-11,3.397723704912168e-05,0.9999660227460317
2000-02-01,0.1081642885534591,0.9720131106281146,6.52,0.2999999999999998,2,9.27982201474168e-11,0.0002714115394883076,0.999728588367536
2000-03-01,0.1199167604111856,1.1809132827244229,6.26,0.04,2,9.214352411176337e-10,0.0006457952579891132,0.9993542038204472
2000-04-01,1.1853310822885283,-0.8234675494971836,5.99,-0.1600000000000001,2,4.779453361419749e-09,0.0002508727442755903,0.9997491224764069
2000-05-01,0.1825181099123014,-0.1863310194344723,6.44,0.1100000000000003,2,2.826724548735537e-08,0.0003446017993523889,0.9996553699333518
2000-06-01,0.3246369725429168,1.6845864284501149,6.1,-0.0700000000000002,2,4.248872307293589e-07,0.008832160096939618,0.991167415015616
2000-07-01,-0.4566757242541423,-0.4936135298444694,6.05,-0.0300000000000002,2,3.8214647106935464e-05,0.005111031717166985,0.9948507536356319
2000-08-01,-0.7223667604319784,-1.0076455673565303,5.83,-0.3499999999999996,2,9.61575872832089e-05,0.015456451043750416,0.9844473913688219
2000-09-01,-0.4399717571295704,1.1634386849541625,5.8,-0.33,2,0.0003376255667525657,0.038292421234733705,0.9613699531986386
2000-10-01,-0.6987234666170504,0.0291101230823963,5.74,-0.2699999999999996,2,0.0012119433276193343,0.051435172163325646,0.947352884508873
2000-11-01,-0.03137791259703,-0.7090326556217489,5.72,-0.3700000000000001,2,0.0023237365868913618,0.1342907664164656,0.8633854969966659
2000-12-01,-1.3876935844280878,0.8727361417773883,5.24,-0.3599999999999994,1,0.00425062386559465,0.8931707621421363,0.10257861399234008
2001-01-01,-2.0139326107041944,2.720738466684556,5.16,0.3500000000000005,1,0.01896884722799182,0.9810309975182065,1.552537870597411e-07
2001-02-01,-2.0299969971113887,-1.0398788550897142,5.1,0.4199999999999999,1,0.2532366368114694,0.746743228291314,2.013489739877218e-05
2001-03-01,-1.6258225602785317,-1.282734688153822,4.89,0.5899999999999999,0,0.6683909928190217,0.33157680845166476,3.219872913654433e-05
2001-04-01,-1.5454988579677815,0.2268326211751342,5.14,1.1599999999999997,0,0.8731986479750086,0.1266833135263834,0.00011803849853649934
2001-05-01,-1.375639935090668,-0.1451868097707126,5.39,1.61,0,0.9585642726652147,0.04131193689844345,0.0001237904361894547
2001-06-01,-1.1834033225236371,-0.9499759097076604,5.28,1.7000000000000002,0,0.9901015870231161,0.009839974909935253,5.843806691955765e-05
2001-07-01,-1.0789882119114564,-1.9087081770624796,5.24,1.62,0,0.9973279927689311,0.0026695101892066516,2.497041808913687e-06
2001-08-01,-1.1108504621975792,-0.4844075952991001,4.97,1.4999999999999996,0,0.9996159646348041,0.00038240961881583495,1.6257464198686862e-06
2001-09-01,-1.6419541785061744,0.5574678277076597,4.73,1.9100000000000008,0,0.9998669801592722,0.0001328808193480945,1.3902146540349609e-07
2001-10-01,-1.6415037719580592,-2.429079698340573,4.57,2.24,0,0.9999017388421456,9.826113658633599e-05,2.1141179452961315e-11
2001-11-01,-1.563051204156659,-0.9546685650932746,4.65,2.47,0,0.9999672196565857,3.277985138254837e-05,4.920412996104356e-10
2001-12-01,-0.731146845618385,-1.992229880726988,5.09,2.87,0,0.9999785514577645,2.1448147769044195e-05,3.945350180175296e-10
2002-01-01,-0.038768679108501,-0.4879395688168855,5.04,2.88,0,0.9999927933190996,7.193086283125753e-06,1.359455364078201e-08
2002-02-01,0.6776620388977488,-0.2057949614394107,4.91,2.68,0,0.9999919875529433,7.99458832308545e-06,1.78588462427033e-08
2002-03-01,0.947786578234564,0.2339059879487202,5.28,2.7100000000000004,0,0.9999796043636631,2.0377178371133837e-05,1.845810122211743e-08
2002-04-01,0.428523889728478,0.7853644999083036,5.21,2.73,0,0.9999850685963497,1.491818554017466e-05,1.3218180965996112e-08
2002-05-01,0.4754964052554242,-0.902106896507346,5.16,2.81,0,0.999989289769985,1.0700868294125412e-05,9.36188985132066e-09
2002-06-01,0.8502144981470195,-0.103485193062635,4.93,2.7299999999999995,0,0.9999910070104863,8.988643070608558e-06,4.346251831603514e-09
2002-07-01,-0.4765923202590518,-0.0166387517923363,4.65,2.6900000000000004,0,0.9999954788911394,4.5202844872768365e-06,8.245185559729862e-10
2002-08-01,-0.5274122033140027,0.0167776804675285,4.26,2.5,0,0.9999970384454371,2.9613508867225065e-06,2.0368358534053207e-10
2002-09-01,-0.4897906269753679,0.117258642538642,3.87,2.1500000000000004,0,0.9999969898953907,3.0098800269759483e-06,2.2440812496903e-10
2002-10-01,-0.9597870244036942,0.6038500137286961,3.94,2.29,0,0.9999338760879644,6.61231509479953e-05,7.611674473787846e-10
2002-11-01,-3.4164136539153915,-0.7810341731681341,4.05,2.56,0,0.9971466104491385,0.002853389550740576,1.805878093552128e-14
2002-12-01,-0.4063169094269876,-0.8255878133418754,4.03,2.58,0,0.9999647192287877,3.5277886233909204e-05,2.884941815666482e-09
2003-01-01,0.495110214962434,1.4339804089051842,4.05,2.6899999999999995,0,0.9999952098474882,4.790123581667303e-06,2.8770515502039083e-11
2003-02-01,-0.5612277405320032,1.6068961213440598,3.9,2.6,0,0.9999952877630744,4.712236355423772e-06,4.4632454971800003e-13
2003-03-01,-1.02873699737207,1.9594856192832035,3.81,2.5700000000000003,0,0.9999895073069881,1.0492693037666826e-05,8.621248687507578e-14
2003-04-01,-0.958019107799556,-3.368683407691143,3.96,2.69,0,0.9999762312991971,2.3768700909377396e-05,4.893829914657383e-17
2003-05-01,-0.0721788673741313,-1.10635953524499,3.57,2.39,0,0.9999983486677585,1.6513297423226476e-06,2.3672354410435187e-12
2003-06-01,0.0659930890189303,0.4212646849079299,3.33,2.3200000000000003,0,0.9999987064178821,1.2935818675488341e-06,3.7191805236881564e-13
2003-07-01,0.6956601599667841,-0.6292321236031245,3.98,2.86,0,0.99999794226035,2.0577367261431992e-06,2.798649477192443e-12
2003-08-01,0.795108741034403,0.0778966989363325,4.45,3.14,0,0.9999964216631627,3.5783205680687704e-06,1.6304472804661074e-11
2003-09-01,1.110550028551667,0.0987554083444175,4.27,3.03,0,0.9999956465143618,4.353449147420911e-06,3.662577131084111e-11
2003-10-01,1.2873194998565225,-0.3707741917854891,4.29,3.04,0,0.9999940766063348,5.923289021279698e-06,1.0457247827727304e-10
2003-11-01,1.7940114154290805,-1.3864199375248587,4.3,2.96,0,0.9999807118615804,1.9288125826649453e-05,1.2505076360553069e-11
2003-12-01,1.372510807041467,0.0359347831182968,4.27,2.9599999999999995,0,0.999992972365045,7.027525984156944e-06,1.0885938736852984e-10
2004-01-01,1.1905371126250297,0.1276396144092352,4.15,2.91,0,0.9999954843094295,4.515646396438111e-06,4.4307257505224554e-11
2004-02-01,1.194082942716254,0.7427208263975599,4.08,2.84,0,0.9999948141797036,5.1858147104227946e-06,5.529253918680835e-12
2004-03-01,0.8196870007843612,0.4166340001662148,3.83,2.64,0,0.9999974925294342,2.5074527764244037e-06,1.7996272897559836e-11
2004-04-01,1.1619221809041518,0.6062445266908957,4.35,2.92,0,0.9999930408686164,6.95907268531342e-06,5.864366260151764e-11
2004-05-01,1.4549377992099772,1.5193692306608615,4.72,2.9399999999999995,0,0.9999709461304273,2.9053860933585363e-05,8.694931112589536e-12
2004-06-01,0.0243745658562666,-0.3961109872647099,4.73,2.6100000000000003,0,0.9999950849158096,4.914442698649727e-06,6.414394485302977e-10
2004-07-01,0.8603144720266431,-0.6837243850552588,4.5,2.4,0,0.999994640328889,5.359430429996571e-06,2.4067448385129214e-10
2004-08-01,0.8429802322944691,-0.224879852143727,4.28,2.26,0,0.9999959054846083,4.094411230733522e-06,1.0438051742429598e-10
2004-09-01,0.3676157022816732,-0.4200171885652244,4.13,2.01,0,0.9999972060925678,2.793827287231912e-06,8.017750832843178e-11
2004-10-01,0.8739022343254391,1.53703586974758,4.1,1.87,0,0.9999911876336165,8.812364390415824e-06,1.9213032238973094e-12
2004-11-01,0.4804729540648893,0.1502059967106347,4.19,1.6900000000000004,0,0.9999959646278989,4.035175288615386e-06,1.9697561054084092e-10
2004-12-01,1.3868856829499814,-1.4951945807649036,4.23,1.5600000000000005,0,0.9999852571131597,1.4742870971912467e-05,1.5715409119159782e-11
2005-01-01,0.4035912987679926,-0.0575936803915379,4.22,1.36,0,0.9999955545466622,4.445217776868854e-06,2.3535357888257783e-10
2005-02-01,0.6599037977340106,0.2852587731046524,4.17,1.14,0,0.9999942647155726,5.735132109771965e-06,1.524936264275345e-10
2005-03-01,0.230674606770327,1.3232332486276603,4.5,1.2000000000000002,0,0.9999888206718492,1.1179308690671834e-05,1.9365177921863206e-11
2005-04-01,-0.0045752063843712,1.015200111233134,4.34,1.02,0,0.9999919892077556,8.010763960842237e-06,2.838978301763402e-11
2005-05-01,-0.2297338478295186,-0.9230823898339772,4.14,0.8099999999999996,0,0.9999947408538952,5.2591108484914465e-06,3.537103411213323e-11
2005-06-01,0.4732352027745514,-1.2726853337274897,4.0,0.6400000000000001,0,0.9999938061874587,6.193777713840321e-06,3.478985752506981e-11
2005-07-01,0.0657271339263806,0.9571502968553192,4.18,0.5399999999999996,0,0.9999885566967265,1.1443031196444855e-05,2.720327720398566e-10
2005-08-01,0.3803315255452157,1.176172943827621,4.26,0.3899999999999997,0,0.9999146380524624,8.535947191170183e-05,2.475717305159484e-09
2005-09-01,-0.3941771354081622,4.237250710234162,4.2,0.3500000000000001,0,0.9988053069013123,0.0011946930985943104,1.0040526384655482e-18
2005-10-01,-1.3450853221780166,1.685696729274318,4.46,0.2800000000000002,0,0.9994699846965128,0.0005300143284186628,9.749671206173123e-10
2005-11-01,1.1089217886874705,-2.772657557883208,4.54,0.2099999999999999,0,0.9997383360776012,0.00026166388917042184,3.334976558196154e-11
2005-12-01,0.7060723683072708,-1.6694638102051222,4.47,0.1200000000000001,0,0.9999501906508828,4.9806687670793285e-05,2.6615539130944963e-09
2006-01-01,0.9437238729017128,0.852612849052962,4.42,-0.0300000000000002,0,0.9999680357761498,3.1961498218552434e-05,2.7256407163576487e-09
2006-02-01,0.925676925924254,-1.149212481139462,4.57,-0.1099999999999994,0,0.9999688329708396,3.116177855313896e-05,5.250530433758406e-09
2006-03-01,0.6221037871042144,-0.1381308689767894,4.72,-0.0499999999999998,0,0.9999727676506216,2.7217251450507064e-05,1.509799402597618e-08
2006-04-01,0.145140772699256,1.2200016043975512,4.99,0.0899999999999998,0,0.9999470395978386,5.295289139878633e-05,7.51094468012701e-09
2006-05-01,-0.2715614692305509,1.2072311649589886,5.11,0.1100000000000003,0,0.9999330176280323,6.696501635820668e-05,1.73558183288683e-08
2006-06-01,0.1788337666311389,-0.6504739347206878,5.11,-0.0499999999999998,0,0.9999536531958496,4.6253237394343284e-05,9.356685655067817e-08
2006-07-01,-0.2573676083573171,0.2811068597670333,5.09,-0.1299999999999999,0,0.9999533776945173,4.653352764321051e-05,8.877772329276183e-08
2006-08-01,-0.0971608997532318,0.3477519929113846,4.88,-0.2000000000000001,0,0.9999590501242042,4.0883748265853895e-05,6.612774914699273e-08
2006-09-01,-0.463528747438536,-2.4007445159919456,4.72,-0.25,0,0.999908618914121,9.138086257202365e-05,2.2327227052745076e-10
2006-10-01,0.0168863742571985,-2.9862460162762705,4.73,-0.2799999999999993,0,0.9998694358064385,0.00013056419188396502,1.803341723201901e-12
2006-11-01,-0.7036705050435875,0.5299702042474568,4.6,-0.4100000000000001,0,0.9999533461137867,4.665096004587392e-05,2.9262835613407015e-09
2006-12-01,0.2447763695707983,0.565638470820601,4.56,-0.3800000000000008,0,0.999972470537752,2.752548737868074e-05,3.974967827180898e-09
2007-01-01,-0.8080498132460963,-1.3572345195899018,4.76,-0.2999999999999998,0,0.9999489223617462,5.1076830166084446e-05,8.081576676098651e-10
2007-02-01,0.3323783140379822,1.504762851315277,4.72,-0.33,0,0.9999394382388669,6.056136883970613e-05,3.9214981264910864e-10
2007-03-01,-0.6071427805732071,1.4855364242864295,4.56,-0.3600000000000003,0,0.9999441754283119,5.5824444673250695e-05,1.2692254862150064e-10
2007-04-01,0.2257907974420138,0.9037463122572624,4.69,-0.2399999999999993,0,0.9999660623759177,3.393457060943641e-05,3.053639400760625e-09
2007-05-01,0.0902556606488643,0.994122826675766,4.75,-0.1600000000000001,0,0.9999664402186511,3.35536370145558e-05,6.144425236002714e-09
2007-06-01,0.3339734938504868,0.0394919696266932,5.1,0.1399999999999996,0,0.9999646945036826,3.5277866220720174e-05,2.763013027302724e-08
2007-07-01,0.111882448424561,-0.3212918503178741,5.0,0.04,0,0.9999719534298052,2.8025420646943927e-05,2.114947645159016e-08
2007-08-01,0.0278970958790916,-1.234677587081299,4.67,0.2000000000000001,0,0.9999826886089568,1.7306364535727765e-05,5.02647333760675e-09
2007-09-01,-0.1870684005206001,0.1687049945595162,4.52,0.3799999999999999,0,0.9999889653367434,1.103146488851756e-05,3.198591970866736e-09
2007-10-01,-0.221844236832291,0.4212166888780174,4.53,0.4300000000000006,0,0.9999869253920033,1.3072340959113568e-05,2.2670490297105087e-09
2007-11-01,-0.3065284834247475,2.6706873468662646,4.15,0.6500000000000004,0,0.9999576160085878,4.238399139387578e-05,2.404666318999218e-14
2007-12-01,-0.8403360451757916,-0.3414728489442482,4.1,0.8399999999999999,0,0.9999916551539929,8.344657742552342e-06,1.8832670162519622e-10
2008-01-01,-1.022569809092949,1.002917198244336,3.74,1.0300000000000002,0,0.9999907746385257,9.225350206804009e-06,1.1293246434810657e-11
2008-02-01,-1.690972877320565,0.5971232648850447,3.74,1.6900000000000004,0,0.9999734666703667,2.6533293354752892e-05,3.6454294786910175e-11
2008-03-01,-2.025789609018517,2.112166766809016,3.51,1.97,0,0.999850503835909,0.0001494961640380885,1.6024548844686903e-13
2008-04-01,-1.2938283932678758,1.2853145186618526,3.68,1.94,0,0.9997721503943036,0.00022784749635912548,2.1095327236537105e-09
2008-05-01,-1.0417688890223686,2.77679921576765,3.88,1.82,0,0.9966989786700435,0.003301021326607961,3.358514290294295e-12
2008-06-01,-0.5193218081974453,2.559183489051726,4.1,1.6799999999999995,0,0.9816658865488391,0.01833411239820294,1.0528542308412972e-09
2008-07-01,-1.694688511689627,2.0467067237193306,4.01,1.73,0,0.8550392078952871,0.1449607856692883,6.435567785428468e-09
2008-08-01,-2.2444256188902703,-2.673520007624022,3.89,1.71,1,0.42987553152005326,0.5701244671905061,1.2893692980558636e-09
2008-09-01,-3.678349225861669,-1.8347549137856216,3.69,1.78,1,0.005500178888728947,0.9944998210419844,6.938263019309045e-11
2008-10-01,-3.300110390113061,-3.557105687697972,3.81,2.39,1,6.935403616295009e-05,0.9999306459639574,2.935259050256859e-14
2008-11-01,-4.699901038740619,-5.0681285835659295,3.53,2.46,1,2.489743349563397e-10,0.9999999997507985,4.6976685782010817e-26
2008-12-01,-5.559804107824735,-3.730517412569402,2.42,1.93,1,9.669191272461722e-12,0.9999999999904503,2.4834203226588855e-24
2009-01-01,-4.680903523710318,-0.1466598597513015,2.52,2.08,1,3.3369445258859035e-07,0.99999966630554,1.1833477260553393e-13
2009-02-01,-3.4962353827663635,-0.4194142622560445,2.87,2.25,1,0.0014416806814677838,0.9985583168981685,2.42025923546305e-09
2009-03-01,-3.7992381815281537,-1.3225659408528214,2.82,2.18,1,0.01764493297505304,0.9823550670214175,3.3209756213989723e-12
2009-04-01,-1.9408893654024515,-0.8062394855150851,2.93,2.38,0,0.9422169502481681,0.05778302617525974,2.3576585138539435e-08
2009-05-01,-1.8758772979977167,-0.0581670045509732,3.29,2.79,0,0.9972219252766683,0.002778071388433561,3.3349956581109166e-09
2009-06-01,-1.2882445704781185,1.665031458080012,3.72,3.21,0,0.9998811363569773,0.00011886363976672307,3.0516605126317425e-12
2009-07-01,0.2955753016742158,-0.8456780512015679,3.56,3.08,0,0.9999981715307859,1.8284339395635828e-06,3.537777999519679e-11
2009-08-01,1.2117815694800471,1.0341887163056065,3.59,3.13,0,0.9999964006852881,3.599314509368678e-06,1.8257076341023849e-13
2009-09-01,0.6737574016907725,-1.2785637814248327,3.4,3.0,0,0.9999985311043803,1.4688956305336488e-06,1.3064474782459176e-13
2009-10-01,0.3807035672251615,0.3828468213854518,3.39,3.02,0,0.9999989006343316,1.099365327684668e-06,2.096733332010903e-13
2009-11-01,0.8667512147347723,1.0281378643118928,3.4,3.09,0,0.9999979213392866,2.0786607794308834e-06,3.963686678508793e-14
2009-12-01,0.8677411284925175,-0.5442215005965586,3.59,3.22,0,0.9999984834246465,1.516574761803779e-06,5.528762718452571e-13
2010-01-01,0.7771410837104956,0.8352950590537841,3.73,3.38,0,0.9999980481316875,1.9518682678690237e-06,1.0121497505146197e-13
2010-02-01,-0.1896562950420302,-0.8786599456616871,3.69,3.34,0,0.9999988994001486,1.1005998511935026e-06,1.9822510040104606e-13
2010-03-01,0.7938927141287692,0.349880484742839,3.73,3.33,0,0.9999983469374477,1.6530622995764915e-06,3.521327800739621e-13
2010-04-01,1.044457530583505,-0.2117502059878013,3.85,3.4,0,0.9999978511841968,2.1488144879071234e-06,1.2049834042024418e-12
2010-05-01,1.2827811765567292,-0.7970858042050817,3.42,3.05,0,0.9999972987029756,2.7012944952870166e-06,2.325745672192586e-12
2010-06-01,-1.9339419015991164,-1.416812688945078,3.2,2.8800000000000003,0,0.9999879806927496,1.2019307026030511e-05,3.5524907801841404e-15
2010-07-01,0.5792086477436372,0.5961636924441841,3.01,2.72,0,0.9999986851834823,1.3148164124818484e-06,3.0987317773774325e-13
2010-08-01,-0.0275975757065014,-0.067676449873902,2.7,2.4400000000000004,0,0.9999991015069498,8.984928625477865e-07,2.9159989833016935e-14
2010-09-01,-0.2045075007730489,-0.4374160271484049,2.65,2.39,0,0.9999990725727665,9.274273268618515e-07,1.6557986622078548e-14
2010-10-01,0.207816554800998,0.3566969582220263,2.54,2.31,0,0.9999989541212029,1.0458788586434621e-06,1.228671973005146e-14
2010-11-01,0.2014713022002048,-0.3407971786238841,2.76,2.51,0,0.9999991162648524,8.837351570628343e-07,4.128917101478714e-14
2010-12-01,0.6711863398934609,0.6001322300624548,3.29,3.0,0,0.999998649210741,1.3507893038581404e-06,5.33840976167418e-14
2011-01-01,0.1613501704089109,1.0248275144856172,3.39,3.12,0,0.9999986664460973,1.3335540790436523e-06,3.131954117032289e-14
2011-02-01,-0.0394880612537177,1.0407313354006011,3.58,3.29,0,0.9999985575997414,1.4424001122294222e-06,8.747502295874442e-14
2011-03-01,-0.4281885074418299,2.091970914813308,3.41,3.1500000000000004,0,0.9999962941297327,3.7058703511206222e-06,4.139413601471447e-16
2011-04-01,-0.0022018662183508,1.2128671563626232,3.46,3.21,0,0.9999984767539678,1.5232461881840816e-06,3.005560502028146e-14
2011-05-01,-0.3361217905498775,-0.3918938235126601,3.17,2.98,0,0.9999991124081435,8.875919684667675e-07,4.4589424272599865e-14
2011-06-01,0.0625194068473874,-0.7820394341218312,3.0,2.82,0,0.9999991480621239,8.519380481888861e-07,2.6038038823324965e-14
2011-07-01,0.1611173090864766,0.8469099174870948,3.0,2.81,0,0.9999988727751756,1.127224746888066e-06,1.4586211113172915e-14
2011-08-01,-0.6307561910504135,0.0196732249558988,2.3,2.19,0,0.9999986678971942,1.3321027808642e-06,1.1580732863134899e-14
2011-09-01,-0.6782382165978679,-0.3122973392768312,1.98,1.88,0,0.9999983123121328,1.6876877740808722e-06,7.239462368323604e-15
2011-10-01,0.2025006485194887,-1.6056346992304509,2.15,2.04,0,0.9999983854885913,1.6145113808739937e-06,2.467588203043593e-15
2011-11-01,-0.0462236978718125,-0.7581104981030419,2.01,1.9,0,0.9999987194782093,1.280521562123618e-06,1.482245728377781e-14
2011-12-01,0.5132935227395626,-1.5460065954462066,1.98,1.86,0,0.9999979705305707,2.0294693636056944e-06,2.20074190236642e-15
2012-01-01,0.4817142598606534,-0.2311270792924172,1.97,1.85,0,0.9999985509422499,1.449057666511469e-06,2.326593847128725e-14
2012-02-01,0.1984584814534085,0.2121069283279591,1.97,1.81,0,0.9999985976279105,1.4023718727973057e-06,1.1896816676888624e-14
2012-03-01,0.0438791113176076,0.6104926658481346,2.17,1.98,0,0.9999986355105862,1.3644895006026098e-06,9.223528521598778e-15
2012-04-01,0.3840370837416644,-0.7497327191119045,2.05,1.87,0,0.9999986198213694,1.3801787178303959e-06,2.1867885530596448e-14
2012-05-01,-0.0153679790503606,-1.7532636645095268,1.8,1.61,0,0.9999975798211563,2.42017890856049e-06,1.0499651905469185e-15
2012-06-01,-0.4878514624899291,-0.776754695319499,1.62,1.4300000000000002,0,0.9999977062124277,2.2937875019817144e-06,9.49240927226021e-15
2012-07-01,-0.5701145352101316,-0.3997417404308948,1.53,1.34,0,0.9999973425736992,2.657426231648944e-06,3.075888584956191e-14
2012-08-01,-1.3796723088245602,0.977372451614582,1.68,1.5,0,0.9999914150548811,8.584944891559232e-06,1.0774726226434767e-15
2012-09-01,-0.3824981434662433,0.4504987456422506,1.72,1.54,0,0.9999978080796985,2.191920304182682e-06,4.8539129429203226e-14
2012-10-01,-0.9080887804046012,-1.0145063381059454,1.75,1.57,0,0.9999969366964786,3.0633037042717704e-06,4.7612308271431325e-15
2012-11-01,-0.1368332045916386,-1.563464604286439,1.65,1.47,0,0.9999974327707817,2.5672290137895155e-06,2.2256253032194903e-15
2012-12-01,-0.2988218496144853,-0.0485153702428771,1.72,1.56,0,0.9999982186779965,1.7813217849639203e-06,1.0622156438310905e-14
2013-01-01,-0.097846508099311,-0.2282864536201798,1.91,1.76,0,0.99999862493727,1.3750626788430319e-06,1.9442451710737723e-14
2013-02-01,0.6977320322719357,0.6579463521071696,1.98,1.82,0,0.9999978938439551,2.1061558521591713e-06,8.92020995382873e-15
2013-03-01,-0.198868245823217,-1.0349874118107434,1.96,1.81,0,0.9999984885082595,1.511491687328274e-06,1.589692076219236e-14
2013-04-01,-0.9264752435555018,-1.1073972741827798,1.76,1.64,0,0.9999969211086968,3.078891384039479e-06,1.6679914525754104e-15
2013-05-01,-0.4338256936235686,-0.8044746285911116,1.93,1.81,0,0.9999984201439222,1.5798561848625347e-06,8.757122690768025e-15
2013-06-01,-0.0849911623719481,0.1279033778132457,2.3,2.16,0,0.99999893833512,1.061664778400694e-06,1.318153221265933e-14
2013-07-01,-0.0725082321349654,-0.4467968787913107,2.58,2.46,0,0.9999991216640629,8.78336005391447e-07,1.997966369543943e-14
2013-08-01,0.7899175554869868,-0.3540119922842547,2.74,2.6100000000000003,0,0.9999988068919107,1.1931081515883776e-06,3.343540832920953e-14
2013-09-01,0.7385409790909472,-0.1478481498753986,2.81,2.69,0,0.9999988744681981,1.125531711573797e-06,4.3009238699315306e-14
2013-10-01,0.2911460305991823,-0.8280837053699844,2.62,2.5,0,0.9999990473515926,9.526484177608782e-07,3.14925079157158e-14
2013-11-01,1.0714516788174986,-1.1184005484858262,2.72,2.6,0,0.9999981150426296,1.884957283811681e-06,1.6471315266734216e-14
2013-12-01,0.8135583235844162,-0.4825550528711414,2.9,2.77,0,0.9999987945864621,1.2054134744553527e-06,1.8484240921804796e-13
2014-01-01,-1.2556123862840451,0.280573578094517,2.86,2.74,0,0.9999975903212472,2.4096788508164166e-06,6.399735287625403e-15
2014-02-01,0.0479535285188043,0.1224250024677238,2.71,2.59,0,0.999999120046528,8.799532626273983e-07,5.00371402572422e-14
2014-03-01,0.4989874943988943,0.187374781747342,2.72,2.5900000000000003,0,0.9999989827838989,1.0172161991724612e-06,1.9533321426266987e-14
2014-04-01,0.1717191186517394,-0.1389117197863884,2.71,2.6,0,0.9999991493295036,8.506704106179948e-07,3.482603769225664e-14
2014-05-01,0.8923841766678283,-0.0820797564079431,2.56,2.46,0,0.9999985960099217,1.4039901249337187e-06,2.4908688659841932e-14
2014-06-01,0.6777231499581028,-0.2231107863887761,2.6,2.5,0,0.9999988756023368,1.1243975593170077e-06,5.90145306501474e-14
2014-07-01,1.0014483675981043,-0.545300223390539,2.54,2.43,0,0.9999983918482228,1.6081518776074475e-06,3.5295670999030485e-14
2014-08-01,0.5840178709140895,-1.2467814125311392,2.42,2.31,0,0.999998629738486,1.3702616628797173e-06,1.3953441356777687e-14
2014-09-01,0.899367002452799,-0.8438010489544818,2.53,2.42,0,0.999998485367779,1.5146323855447389e-06,3.928624604593953e-14
2014-10-01,0.5575400408459849,-1.6584810895288125,2.3,2.2,0,0.9999981957874202,1.804212661144432e-06,1.3792057264885142e-14
2014-11-01,1.463917643485215,-1.8474425053351549,2.33,2.2,0,0.9999939570653401,6.042934680485298e-06,6.6923023697270785e-15
2014-12-01,0.0206247741844737,-2.593335618093535,2.21,2.0,0,0.999996272972236,3.7270278240527555e-06,1.2299357084760095e-15
2015-01-01,-0.3264683098604696,-3.1928441309347373,1.88,1.68,0,0.999990198412721,9.801587140924884e-06,1.5351705835032761e-18
2015-02-01,-0.4896748131632211,-0.4360494628863482,1.98,1.76,0,0.9999983804154381,1.6195846374479466e-06,5.62119393080336e-14
2015-03-01,-0.3466349715970464,0.0040829452113439,2.04,1.79,0,0.99999858520514,1.4147949373890746e-06,1.3175413610698007e-14
2015-04-01,-0.1827559747854467,-0.893563013896559,1.94,1.71,0,0.9999984899470779,1.5100531320829717e-06,9.075781211689312e-15
2015-05-01,-0.2152351588693252,1.2738087193315373,2.2,1.96,0,0.9999979363641079,2.0636357709876438e-06,1.3621614123934742e-15
2015-06-01,0.1486440819802237,-0.084221495319396,2.36,2.08,0,0.9999989390067812,1.0609933960856158e-06,4.7316895710941786e-14
2015-07-01,0.8010544478662133,-0.5267384812665787,2.32,2.02,0,0.9999984378317472,1.562168300293039e-06,3.5488788959650294e-14
2015-08-01,-0.6623170098594057,-1.2682985467833467,2.17,1.79,0,0.9999980115537016,1.988446458698235e-06,4.716433780177149e-15
2015-09-01,-0.5479867086452084,-1.371254688477832,2.17,1.7999999999999998,0,0.9999981012679036,1.8987322622365363e-06,4.631613318798415e-15
2015-10-01,-0.4904363150892991,-1.0794617248430496,2.07,1.81,0,0.9999983209809669,1.679019229731599e-06,1.32276179732457e-14
2015-11-01,-1.0782980478996822,-1.2718911818748275,2.26,1.7799999999999998,0,0.9999968725190931,3.1274809973398755e-06,6.970137379455748e-15
2015-12-01,-0.9738654102715246,-1.588235663337719,2.24,1.5900000000000003,0,0.9999965139838248,3.4860160705710487e-06,2.7303288664912494e-15
2016-01-01,0.030208023571033,-0.7456218247010152,2.09,1.5499999999999998,0,0.9999985281544386,1.4718454734816379e-06,6.550429483883336e-14
2016-02-01,-0.6116083815044312,-1.2718431079118468,1.78,1.25,0,0.9999971083289865,2.8916709463764397e-06,3.5356163369374214e-15
2016-03-01,-0.912576531539652,-0.1590653182121397,1.89,1.23,0,0.9999969406982431,3.059301845198118e-06,1.5392253160110396e-14
2016-04-01,0.0925012655226761,0.4832371605422476,1.81,1.25,0,0.9999978758873844,2.124112412235951e-06,2.32435877551754e-14
2016-05-01,-0.5352941614222368,0.060601001074644,1.81,1.2200000000000002,0,0.9999976817648116,2.3182350744008686e-06,1.7218112419305705e-14
2016-06-01,0.2208962803103905,0.620500030917651,1.64,1.09,0,0.999997270722447,2.7292774623135403e-06,1.2815563118509277e-14
2016-07-01,0.4173748432904899,-0.3949507763940477,1.5,0.99,0,0.9999972106450308,2.789355083480094e-06,2.973717616556714e-14
2016-08-01,-0.7106509144828345,-0.7109975385551497,1.56,0.99,0,0.9999965238308898,3.47616896226955e-06,7.325724058406378e-15
2016-09-01,-0.125756920632727,-0.2240112571160342,1.63,1.04,0,0.9999977101528044,2.2898471033795957e-06,2.3908335180137517e-14
2016-10-01,-0.3087928938938042,0.0788496394598194,1.76,1.1,0,0.9999977698073366,2.2301927022346843e-06,1.4185496900274571e-14
2016-11-01,-0.4838467766390837,-0.9614013381396208,2.14,1.4,0,0.9999981060454702,1.8939543528828633e-06,1.4449531124169092e-14
2016-12-01,0.7237613117269777,0.1492027055600545,2.49,1.62,0,0.9999982122647062,1.7877353309088404e-06,9.669823113731547e-14
2017-01-01,0.1717100307743319,0.922411606686402,2.43,1.6,0,0.9999981710355669,1.8289643106384173e-06,1.5992946782657896e-14
2017-02-01,0.5732913181752186,0.0127722583030526,2.42,1.6,0,0.9999984280901648,1.571909584897047e-06,7.192182295899746e-14
2017-03-01,0.30992480679463,-1.0799932491561106,2.48,1.47,0,0.9999983939418763,1.6060578826311792e-06,3.6169302588218556e-14
2017-04-01,0.6389534838162956,0.1268136572813867,2.3,1.2599999999999998,0,0.9999979922042405,2.0077956254836988e-06,5.2800893680530824e-14
2017-05-01,0.1893511178865538,-0.8681938638655056,2.3,1.1799999999999995,0,0.9999982785572039,1.7214426827855155e-06,4.637585378511313e-14
2017-06-01,0.6112531077532679,-0.228394453908497,2.19,0.99,0,0.9999977927415589,2.2072584598438784e-06,5.11222836040645e-14
2017-07-01,0.4022352870196786,-0.401361700796737,2.32,1.1,0,0.9999982032857357,1.7967141957833865e-06,7.718373092445324e-14
2017-08-01,0.1248691785797794,-0.2142820347987279,2.21,0.98,0,0.9999981897693047,1.8102305556383526e-06,7.523237384216631e-14
2017-09-01,0.7146068164948179,0.598686723828862,2.2,0.9200000000000002,0,0.9999968902150763,3.10978485753624e-06,1.3845230387087096e-13
2017-10-01,1.5856027208973549,-0.8444307910115456,2.36,0.96,0,0.9999914745594272,8.525440514916708e-06,2.169067611469045e-13
2017-11-01,0.975305977628402,0.4046581776733716,2.35,0.79,0,0.9999959104031355,4.089595516938535e-06,1.5079773295202822e-12
2017-12-01,1.6245469770902303,-0.10217965541848,2.4,0.7,0,0.9999900133951348,9.98660465753286e-06,3.3573679461022877e-13
2018-01-01,0.5252437095909754,0.6574849219002383,2.58,0.78,0,0.9999970762430161,2.9237560694178605e-06,8.182619749457049e-13
2018-02-01,1.2390489983764903,-0.2272604853172899,2.86,0.8999999999999999,0,0.9999953821336234,4.61786583241882e-06,5.577836296745516e-13
2018-03-01,0.1986120944002995,-0.8291544362483136,2.84,0.7799999999999998,0,0.9999978577816572,2.142217813221379e-06,4.649056258801473e-13
2018-04-01,0.5662508204463947,0.1964691366460197,2.87,0.7200000000000002,0,0.9999973957071494,2.604292267253941e-06,4.1864601891172993e-13
2018-05-01,0.4063825658419272,0.7382148411562409,2.98,0.71,0,0.999997008858753,2.9911407558097395e-06,2.897232671160682e-13
2018-06-01,0.7231408779799567,-0.1356142962705357,2.91,0.5800000000000001,0,0.9999969635351307,3.0364641266906043e-06,6.631055534900039e-13
2018-07-01,0.4124567170013412,-0.3398891937422083,2.89,0.5,0,0.9999974419671137,2.5580321133301097e-06,7.822173767921095e-13
2018-08-01,0.8542342064529004,-0.4816479271145285,2.89,0.4399999999999999,0,0.9999963177910595,3.6822083135324327e-06,5.734980304024656e-13
2018-09-01,0.4916422597741995,-0.758797002778201,3.0,0.4399999999999999,0,0.9999970450792719,2.954920235337524e-06,6.745758580265835e-13
2018-10-01,-0.0185069596763515,0.2619977826160114,3.15,0.5,0,0.999997266667476,2.7333318004056304e-06,7.904786725905307e-13
2018-11-01,0.3211658612328232,-1.20911139640012,3.12,0.4199999999999999,0,0.9999967202246932,3.279774828772228e-06,3.717544547698838e-13
2018-12-01,-0.4111353532621744,-1.1610676198619494,2.83,0.1699999999999999,0,0.999996368330131,3.6316697962196073e-06,1.079997198021488e-13
2019-01-01,-0.2002162086701411,-0.735163475494064,2.71,0.1299999999999999,0,0.9999970180659952,2.981933679057271e-06,2.045361308967046e-13
2019-02-01,-0.1672760162853782,-0.5414768567022918,2.68,0.1300000000000003,0,0.9999971361162434,2.863883613155678e-06,2.1075554659836605e-13
2019-03-01,0.238262251900354,0.1548359512959164,2.57,0.0799999999999996,0,0.999996897060367,3.102939243174076e-06,3.023588869909036e-13
2019-04-01,-0.7871892910657416,0.3326327941511328,2.53,0.1099999999999998,0,0.9999953780027175,4.621997144561703e-06,7.15757142800943e-14
2019-05-01,0.0195977364176866,-0.8475810451409546,2.4,0.06,0,0.9999968877667242,3.1122332962137887e-06,1.529299680840043e-13
2019-06-01,-0.2720128029193667,-0.8526829118192408,2.07,0.0699999999999998,0,0.9999965098906582,3.490109313408206e-06,3.9627270743944184e-14
2019-07-01,-0.4278307332281271,-0.0499869056354542,2.06,0.1,0,0.9999964381854393,3.5618143691004423e-06,7.49310501638762e-14
2019-08-01,0.0080269767609704,-0.4062540540446711,1.63,-0.1400000000000001,0,0.9999955460038165,4.453996273452202e-06,5.32826003628275e-14
2019-09-01,-0.6935145549602969,-1.0923093403698718,1.7,-0.1,0,0.9999934067654053,6.593234536320882e-06,2.3022267025402597e-14
2019-10-01,-1.1143645702338951,-0.2362208398945387,1.71,0.0999999999999998,0,0.9999917819114935,8.218088685167086e-06,3.178988200505426e-14
2019-11-01,-0.0962191351592173,-0.2333656355613916,1.81,0.24,0,0.9999953329438308,4.667053675561476e-06,2.708438459812357e-12
2019-12-01,-0.8513389588483208,-0.5058128083903141,1.86,0.31,0,0.9999172406869934,8.275929309912047e-05,1.9901618211501653e-11
2020-01-01,-1.3040958343977345,-0.3945222175330173,1.76,0.2299999999999999,0,0.9969459965727351,0.0030540031663649236,2.6090032462016254e-10
2020-02-01,-1.069268230101449,-1.3823759920067165,1.5,0.09,0,0.9401724358014268,0.05982756272720151,1.4715087384956515e-09
2020-03-01,-5.544531985081921,-1.409690853026463,0.87,0.54,1,1.1200179270124125e-07,0.9999998879980074,1.7466436598880835e-21
2020-04-01,-17.111061748249117,-2.486868312251153,0.66,0.48,1,4.8387707650055164e-82,1.0,1.455613111085668e-124
2020-05-01,-2.449783690151793,0.4658943746609748,0.67,0.51,1,0.00010991084131790693,0.999890088213185,9.45638600030816e-10
2020-06-01,2.6737041634174075,0.7128066653875625,0.73,0.55,1,7.284622542117039e-05,0.9999271420150788,1.175929302863105e-08
2020-07-01,6.462479834933425,1.2319897345040778,0.62,0.47,1,2.4936831292900777e-14,1.0,2.773297341421706e-21
2020-08-01,5.421710540789184,0.2230611233354303,0.65,0.52,1,2.254526519062102e-10,0.9999999997744453,7.366720759261022e-16
2020-09-01,4.110059610269314,-0.3815008931619609,0.68,0.55,1,0.00047708861464667234,0.9995229113771422,8.13909685597958e-12
2020-10-01,2.238430932877597,-0.3211275202998469,0.79,0.66,0,0.5675980425303211,0.4324019466506951,1.0819111799077795e-08
2020-11-01,1.2792145114510942,0.608721538135216,0.87,0.75,0,0.9490970868509782,0.05090289497519451,1.817402678496434e-08
2020-12-01,2.065710605850673,0.37548442483881,0.93,0.8300000000000001,0,0.9837545669613986,0.016245431700666176,1.3379713743113942e-09
2021-01-01,1.6933999954282213,1.3078175997367816,1.08,0.98,0,0.9966464409785019,0.003353558924633703,9.669721115183325e-11
2021-02-01,-0.7896122518579811,2.1793522141022548,1.26,1.19,0,0.9992670866888682,0.0007329133096065864,1.6246941857679983e-12
2021-03-01,2.760156559535214,1.187055065038514,1.61,1.53,0,0.999219306026915,0.00078069397189794,1.203511335988375e-12
2021-04-01,1.374332658351731,1.1558841327640896,1.64,1.5799999999999998,0,0.999948961152443,5.1038829514718005e-05,1.8226765201611123e-11
2021-05-01,-0.2778508378619252,3.1607340860147533,1.62,1.57,0,0.9999618594486046,3.814055119526221e-05,1.3319355951266628e-17
2021-06-01,1.4236238182845646,1.7428945949528531,1.52,1.45,0,0.9999778954853535,2.2104514405778174e-05,4.751678997223494e-14
2021-07-01,1.4828358217981414,1.2352544678008062,1.32,1.24,0,0.9999814313546769,1.85686453077928e-05,4.710559286807016e-14
2021-08-01,0.9715910223643096,0.9819725236163988,1.28,1.21,0,0.9999924654227559,7.534577274387305e-06,4.1511021078990766e-14
2021-09-01,0.2144219751367401,0.4289135625482419,1.37,1.29,0,0.999995971834251,4.028164867799094e-06,8.397147668032805e-13
2021-10-01,1.8800763251016717,2.266183887057985,1.58,1.47,0,0.9999227984687926,7.720153099054284e-05,3.5157888174320524e-16
2021-11-01,1.4599331871901189,1.5866702701571267,1.56,1.38,0,0.9999775470770643,2.2452922800039908e-05,4.053395743411321e-14
2021-12-01,0.7422794906204881,-0.7063786586955706,1.47,1.17,0,0.9999961930666064,3.8069330853187e-06,4.68789450004144e-13
2022-01-01,0.3488701794965149,2.033062508487942,1.76,1.21,0,0.999992038396929,7.961602901699938e-06,2.374266458869921e-15
2022-02-01,0.2502261783964033,2.694134754314567,1.93,0.93,0,0.9999771883695585,2.2811630629097305e-05,5.455965347180069e-16
2022-03-01,0.0715189044318447,3.6286743675783626,2.13,0.7899999999999998,0,0.9999251494302552,7.48505695233412e-05,1.7195025424220672e-19
2022-04-01,0.0083132664969298,0.901978725164924,2.75,0.8600000000000001,0,0.9999929834257872,7.016422521621218e-06,1.5168978272772637e-10
2022-05-01,-0.4278215826756419,3.541993340917122,2.9,0.8399999999999999,0,0.9998250240306442,0.00017497596930766762,1.8399708144469883e-17
2022-06-01,-1.2358227375840187,3.804247566074351,3.14,0.4900000000000002,0,0.999570880892197,0.0004291191079925701,6.594331798991358e-19
2022-07-01,-0.2234913564931805,-2.3480330289310065,2.9,-0.1200000000000001,0,0.9999715083934322,2.849160578285661e-05,6.383141511659523e-13
2022-08-01,-0.3362547537200724,-1.560967233846311,2.9,-0.3799999999999999,0,0.9999931374772044,6.862521960386393e-06,6.392462453845485e-13
2022-09-01,-0.3194961852170888,-0.5108531829060768,3.52,-0.3700000000000001,0,0.9999940795830933,5.92040785139513e-06,9.217096765600212e-12
2022-10-01,-0.5669620310308736,-0.767752271045614,3.98,-0.4499999999999997,0,0.9999886224115163,1.1377561192658804e-05,2.7138166987847274e-11
2022-11-01,-0.931017226691972,-0.7169362183053865,3.89,-0.8400000000000003,0,0.9999774291941981,2.257075495437339e-05,5.097674659668277e-11
2022-12-01,-1.2928271882775255,-2.1199540289815904,3.62,-1.0599999999999996,0,0.9999398147082897,6.0185291727633336e-05,1.8075996912475837e-13
2023-01-01,-0.7296489418429613,0.769094476136752,3.53,-1.1600000000000006,0,0.9999774380351966,2.256194724569556e-05,1.7394491796526694e-11
2023-02-01,-0.8882324289040305,-0.6393920495543294,3.75,-1.1799999999999995,0,0.9999794134405359,2.058654443127933e-05,1.5008063589020788e-11
2023-03-01,-0.812153684062012,-0.5953250784130638,3.66,-1.0199999999999996,0,0.9999844803091182,1.5519677321008682e-05,1.3609624210518902e-11
2023-04-01,-0.6584280507599077,-0.2822835757536475,3.46,-1.2199999999999998,0,0.9999863248929705,1.3675093473958542e-05,1.3424653122610376e-11
2023-05-01,-0.997476996124818,-0.8891963449915479,3.57,-1.3400000000000003,0,0.9999745733838883,2.5426608575687904e-05,7.476082672973583e-12
2023-06-01,-1.168571274313901,-0.7020915572029275,3.75,-1.4900000000000002,0,0.9999617368102031,3.82631800189125e-05,9.803753085081862e-12
2023-07-01,-0.0325171103374705,-0.925591414970798,3.9,-1.4700000000000002,0,0.9999778911171471,2.2108770688036605e-05,1.1205302462731302e-10
2023-08-01,-0.2465750455808709,1.4738064008484677,4.17,-1.2000000000000002,0,0.9999575722055426,4.242778258866837e-05,1.1673292014218012e-11
2023-09-01,-0.1869218673270985,0.3567270040377115,4.38,-1.0600000000000005,0,0.9999651600704241,3.483847966232893e-05,1.45005113887972e-09
2023-10-01,-1.1758119054063425,-1.1497758340801394,4.8,-0.6200000000000001,0,0.9999136712762017,8.63284420739587e-05,2.816283486113964e-10
2023-11-01,-0.3558560366407491,-0.8834343171257873,4.5,-0.7800000000000002,0,0.9999677293381188,3.226955919584952e-05,1.1029126016668966e-09
2023-12-01,-0.6218739518886744,-1.5334833342180496,4.02,-0.9400000000000004,0,0.9999748748892223,2.512508785719648e-05,2.297312305462601e-11
2024-01-01,-0.8987212813489197,-0.5320245469335114,4.06,-0.7300000000000004,0,0.9999782904820725,2.1709408121500782e-05,1.0968828937771343e-10
2024-02-01,-0.5825062177600188,1.148600827790486,4.21,-0.71,0,0.9999717293507178,2.8270626490710447e-05,2.2671327107553908e-11
2024-03-01,-0.4340345368544616,-0.2426510961855317,4.21,-0.7800000000000002,0,0.9999821878199556,1.781184374022337e-05,3.364967798650442e-10
2024-04-01,-0.4983253288623804,0.4596992809925227,4.54,-0.5999999999999996,0,0.9999736679075758,2.6331794472373542e-05,2.980449069184659e-10
2024-05-01,-0.3024233211307705,-0.446942650785693,4.48,-0.6799999999999997,0,0.999979227706914,2.077174880397459e-05,5.442550290696122e-10
2024-06-01,-0.1980728997318653,-0.4794733389265728,4.31,-0.8000000000000007,0,0.9999820118404285,1.7987731523734744e-05,4.2799143980152876e-10
2024-07-01,-1.0570108893167156,0.0825944360533884,4.25,-0.6500000000000004,0,0.9999715120303979,2.8487912425913782e-05,5.732973657207681e-11
2024-08-01,-0.622256306381439,-0.930599596222162,3.87,-0.5599999999999996,0,0.999987318179062,1.2681782665467813e-05,3.809785488960456e-11
2024-09-01,-0.8953533341843741,-1.2067759263144384,3.72,-0.31,0,0.9999871383442429,1.286164745646999e-05,8.435643152442583e-12
2024-10-01,-1.0856156690007266,-0.2179962432652846,4.1,-0.1000000000000005,0,0.9999831479714225,1.685197792635141e-05,5.0702924819214034e-11
2024-11-01,-0.587084144534397,-0.2574851153381139,4.36,0.0300000000000002,0,0.9999874671169461,1.2532555688093735e-05,3.2739400569049243e-10
2024-12-01,0.3470727878553601,-0.1888092652139719,4.39,0.1599999999999992,0,0.9999893009807514,1.0698187124483358e-05,8.319686608045748e-10
2025-01-01,-0.5460448111873264,1.248166865665994,4.63,0.4500000000000002,0,0.999976466835019,2.3533098821112273e-05,6.596283901947304e-11
2025-02-01,-0.3736178444393803,0.7340236638297366,4.45,0.2599999999999998,0,0.9999852519150194,1.4747803536485005e-05,2.813172002771477e-10
2025-03-01,-1.0947060934751662,-0.3816587545945518,4.28,0.2200000000000006,0,0.9999827797141966,1.7220164482597262e-05,1.2136033693094742e-10
2025-04-01,-0.6347020815897447,-0.016498532268592,4.28,0.33,0,0.999989780875159,1.0218514843491413e-05,6.100261437350275e-10
2025-05-01,-0.6673404511104629,-0.4429411684483602,4.42,0.33,0,0.9999883135447658,1.1684357283080962e-05,2.0979840841610603e-09
2025-06-01,-0.3830923206766222,-0.3649844098715513,4.38,0.3200000000000003,0,0.9999906217311513,9.366777505989743e-06,1.1491396374542727e-08
2025-07-01,-0.3928146661431025,0.056510209088811,4.39,0.3099999999999996,0,0.9999890242909054,1.0932589028520722e-05,4.311988369825043e-08
2025-08-01,-0.3145277997233527,0.0863573605286407,4.26,0.3699999999999996,0,0.9999678506107835,3.196309451686182e-05,1.8629467613833835e-07
2025-09-01,-1.2081449694306263,0.0052650801981367,4.12,0.4599999999999999,0,0.9993979338828406,0.000601261330026747,8.047872557254541e-07
