date,cfnai,gdp_amom,ipgr_amom,ism
1927-01-01,,,,
1927-02-01,,,25.145340033414953,
1927-03-01,,,54.7145669994876,
1927-04-01,,,-27.80590057116529,
1927-05-01,,,24.38206712703348,
1927-06-01,,,-28.020417980899946,
1927-07-01,,,-28.684074438517126,
1927-08-01,,,25.41045496381593,
1927-09-01,,,-10.656070216300218,
1927-10-01,,,-29.144051945107407,
1927-11-01,,,-44.961547832146344,
1927-12-01,,,12.9560317635957,
1928-01-01,,,127.01159914200004,
1928-02-01,,,55.97027530110352,
1928-03-01,,,-10.37983206353934,
1928-04-01,,,0.0,
1928-05-01,,,0.0,
1928-06-01,,,-10.470307975244742,
1928-07-01,,,11.694788330501327,
1928-08-01,,,38.51547535207498,
1928-09-01,,,37.32759431035417,
1928-10-01,,,-9.949914025525452,
1928-11-01,,,-19.135471989551156,
1928-12-01,,,0.0,
1929-01-01,,,68.8939406871321,
1929-02-01,,,0.0,
1929-03-01,,,10.752553157789734,
1929-04-01,,,64.54218101327203,
1929-05-01,,,0.0,
1929-06-01,,,33.53195399095996,
1929-07-01,,,-17.46965120881433,
1929-08-01,,,-9.259511004375687,
1929-09-01,,,-17.85840974175691,
1929-10-01,,,-33.19547241927893,
1929-11-01,,,-69.41981966129086,
1929-12-01,,,-55.94938744189536,
1930-01-01,,,60.85122076663658,
1930-02-01,,,41.13141203407411,
1930-03-01,,,-20.43360372721459,
1930-04-01,,,25.68119794839012,
1930-05-01,,,-20.43360372721459,
1930-06-01,,,-29.618841078660342,
1930-07-01,,,-57.76448853301426,
1930-08-01,,,-32.24170572767764,
1930-09-01,,,-12.41829301625087,
1930-10-01,,,-23.63718097303543,
1930-11-01,,,-42.77848303492515,
1930-12-01,,,-25.111557937083784,
1931-01-01,,,0.0,
1931-02-01,,,77.09862377370796,
1931-03-01,,,31.76821138293566,
1931-04-01,,,30.953782579305788,
1931-05-01,,,-12.547955627198304,
1931-06-01,,,-42.410006590159824,
1931-07-01,,,-24.853285075540644,
1931-08-01,,,-44.717460236181395,
1931-09-01,,,-37.1597344104276,
1931-10-01,,,-38.324708034953815,
1931-11-01,,,-15.254697211502577,
1931-12-01,,,-15.450658900095515,
1932-01-01,,,18.274132830720546,
1932-02-01,,,-39.993384590903425,
1932-03-01,,,-29.739935594392687,
1932-04-01,,,-42.28854079056834,
1932-05-01,,,-53.90484106017048,
1932-06-01,,,-18.26479897347295,
1932-07-01,,,-18.546118763842923,
1932-08-01,,,50.20316426161862,
1932-09-01,,,213.8428376721003,
1932-10-01,,,0.0,
1932-11-01,,,-16.740642876969115,
1932-12-01,,,20.10662039130533,
1933-01-01,,,-16.740642876969115,
1933-02-01,,,-16.976811561351724,
1933-03-01,,,-53.90484106017048,
1933-04-01,,,275.90891699669044,
1933-05-01,,,430.8735278364379,
1933-06-01,,,550.1617432517145,
1933-07-01,,,254.0706161472152,
1933-08-01,,,-67.75245125863951,
1933-09-01,,,-61.730329332290914,
1933-10-01,,,-64.80043719858631,
1933-11-01,,,-47.27875962455387,
1933-12-01,,,38.31231145693459,
1934-01-01,,,60.10322185676815,
1934-02-01,,,57.284162530582435,
1934-03-01,,,78.32280298507344,
1934-04-01,,,15.067931556059854,
1934-05-01,,,0.0,
1934-06-01,,,-24.600230568937896,
1934-07-01,,,-74.33249070546107,
1934-08-01,,,-27.699856255286036,
1934-09-01,,,-28.348404879206434,
1934-10-01,,,64.31622623112219,
1934-11-01,,,0.0,
1934-12-01,,,507.0168939681246,
1935-01-01,,,97.02225839816951,
1935-02-01,,,-23.408006746114662,
1935-03-01,,,-23.870855107204992,
1935-04-01,,,-12.953686405788122,
1935-05-01,,,-13.094813952329542,
1935-06-01,,,15.067931556059854,
1935-07-01,,,0.0,
1935-08-01,,,0.0,
1935-09-01,,,50.90327486097852,
1935-10-01,,,92.68777569671882,
1935-11-01,,,45.789607923384644,
1935-12-01,,,130.74869863389716,
1936-01-01,,,-50.98682495991087,
1936-02-01,,,-39.35132253214303,
1936-03-01,,,-12.044877167568579,
1936-04-01,,,138.89365625582997,
1936-05-01,,,12.682503013196978,
1936-06-01,,,26.529039444500025,
1936-07-01,,,76.61938548400195,
1936-08-01,,,-10.562373291687999,
1936-09-01,,,24.885680044683834,
1936-10-01,,,0.0,
1936-11-01,,,71.29324656934439,
1936-12-01,,,104.44016733726684,
1937-01-01,,,-45.68126586201965,
1937-02-01,,,10.94858978196771,
1937-03-01,,,22.768858257438485,
1937-04-01,,,0.0,
1937-05-01,,,0.0,
1937-06-01,,,-26.584122072910287,
1937-07-01,,,-9.949914025525452,
1937-08-01,,,36.57528797489691,
1937-09-01,,,-46.83260225440866,
1937-10-01,,,-59.245933382765735,
1937-11-01,,,-82.67659003385826,
1937-12-01,,,-50.0343716857536,
1938-01-01,,,-35.3648451213187,
1938-02-01,,,-25.919335559783597,
1938-03-01,,,0.0,
1938-04-01,,,-26.487091354494254,
1938-05-01,,,-14.518053023039867,
1938-06-01,,,16.98376503632144,
1938-07-01,,,146.0641851891877,
1938-08-01,,,101.76923959906775,
1938-09-01,,,30.953782579305788,
1938-10-01,,,116.94252129716128,
1938-11-01,,,132.69759780874836,
1938-12-01,,,12.293178564408969,
1939-01-01,,,-29.618841078660342,
1939-02-01,,,-30.360375146894224,
1939-03-01,,,0.0,
1939-04-01,,,-53.14660991230033,
1939-05-01,,,0.0,
1939-06-01,,,113.43172780629365,
1939-07-01,,,61.61778590960123,
1939-08-01,,,0.0,
1939-09-01,,,175.85044207933169,
1939-10-01,,,154.8585495552175,
1939-11-01,,,48.21264896546384,
1939-12-01,,,46.37247415213051,
1940-01-01,,,-58.30884748910336,
1940-02-01,,,-65.12176989330331,
1940-03-01,,,-49.30924950315564,
1940-04-01,,,-11.048072207400072,
1940-05-01,,,58.66031859718195,
1940-06-01,,,139.43510920847285,
1940-07-01,,,104.44016733726684,
1940-08-01,,,10.380796683210104,
1940-09-01,,,33.845011081884714,
1940-10-01,,,32.92279957849162,
1940-11-01,,,58.37989686796086,
1940-12-01,,,42.7010321216889,
1941-01-01,,,18.995570962800066,
1941-02-01,,,18.700281478651238,
1941-03-01,,,18.414012536016287,
1941-04-01,,,-22.463895361473284,
1941-05-01,,,147.84886782104672,
1941-06-01,,,59.61454395296577,
1941-07-01,,,35.242965004815495,
1941-08-01,,,-7.203995029330191,
1941-09-01,,,16.075451772299807,
1941-10-01,,,15.86332887030315,
1941-11-01,,,15.656722201121731,
1941-12-01,,,15.455419667482783,
1942-01-01,,,23.663616743151515,
1942-02-01,,,14.974071983439119,
1942-03-01,,,-6.720088506447508,
1942-04-01,,,7.204218356180525,
1942-05-01,,,22.913270954639465,
1942-06-01,,,7.035337443036771,
1942-07-01,,,22.346307030608536,
1942-08-01,,,21.93910849052316,
1942-09-01,,,13.932509691457495,
1942-10-01,,,21.29236113742312,
1942-11-01,,,28.742089433375174,
1942-12-01,,,28.07315606571219,
1943-01-01,,,27.434521242337716,
1943-02-01,,,19.561817146153395,
1943-03-01,,,0.0,
1943-04-01,,,0.0,
1943-05-01,,,0.0,
1943-06-01,,,-11.202603205110673,
1943-07-01,,,26.675796481460544,
1943-08-01,,,596.8802848179915,
1943-09-01,,,10.42585543312715,
1943-10-01,,,10.336125434125165,
1943-11-01,,,10.247925628295462,
1943-12-01,,,-9.295345531349518,
1944-01-01,,,-13.743589884324702,
1944-02-01,,,5.072941737849113,
1944-03-01,,,-4.82801913979497,
1944-04-01,,,-13.902524083318768,
1944-05-01,,,-9.59231666488506,
1944-06-01,,,-9.669545554527904,
1944-07-01,,,-9.748026947950395,
1944-08-01,,,-5.030365544473114,
1944-09-01,,,-5.05153675373159,
1944-10-01,,,-5.072886880762328,
1944-11-01,,,10.94858978196771,
1944-12-01,,,-5.05153675373159,
1945-01-01,,,16.747215250331738,
1945-02-01,,,5.2504735064054175,
1945-03-01,,,0.0,
1945-04-01,,,-18.617802714718167,
1945-05-01,,,-18.91014429572062,
1945-06-01,,,-23.453487800731164,
1945-07-01,,,-45.65572864100712,
1945-08-01,,,-74.96747102148854,
1945-09-01,,,-65.60881251529094,
1945-10-01,,,-47.530141867712395,
1945-11-01,,,65.62878029623049,
1945-12-01,,,-35.02607241991286,
1946-01-01,,,-31.033320736080817,
1946-02-01,,,-31.84728552010646,
1946-03-01,,,184.09443766154857,
1946-04-01,,,-25.111557937083784,
1946-05-01,,,-25.64441149546923,
1946-06-01,,,106.98899917795224,
1946-07-01,,,23.357676603298728,
1946-08-01,,,22.913270954639465,
1946-09-01,,,14.52176004911685,
1946-10-01,,,30.56195008337539,
1946-11-01,,,0.0,
1946-12-01,,,-18.081929204391024,
1947-01-01,,,80.15977027940893,
1947-02-01,,,0.0,
1947-03-01,,,6.573065691229618,
1947-04-01,,-1.0566839487050617,-17.46965120881433,
1947-05-01,,-1.0566839487050617,0.0,
1947-06-01,,-1.0566839487050617,-17.726921864180856,
1947-07-01,,-0.8170019072459844,-28.282201292624553,
1947-08-01,,-0.8170019072459844,30.56195008337539,
1947-09-01,,-0.8170019072459844,21.67576488636591,
1947-10-01,,6.41262852683997,37.715388179229656,
1947-11-01,,6.41262852683997,13.38915869602506,
1947-12-01,,6.41262852683997,-6.07403569015802,
1948-01-01,,6.161611483851948,6.4668334627057344,
1948-02-01,,6.161611483851948,13.241604641527637,
1948-03-01,,6.161611483851948,-11.693232962782997,
1948-04-01,,6.775142897403552,-27.140777242338963,
1948-05-01,,6.775142897403552,37.250983767165316,
1948-06-01,,6.775142897403552,0.0,
1948-07-01,,2.317953316058796,-27.140777242338963,
1948-08-01,,2.317953316058796,28.914310028054736,
1948-09-01,,2.317953316058796,6.4668334627057344,
1948-10-01,,0.4539165605730533,20.448277018290085,
1948-11-01,,0.4539165605730533,-5.983209187515559,
1948-12-01,,0.4539165605730533,20.21923353658728,
1949-01-01,,-5.393791323713737,-26.54522538580165,
1949-02-01,,-5.393791323713737,-11.808147136816483,
1949-03-01,,-5.393791323713737,-27.386473420199785,
1949-04-01,,-1.351723533913507,-32.675113345609134,
1949-05-01,,-1.351723533913507,-28.820553323314268,
1949-06-01,,-1.351723533913507,-29.52266459666617,
1949-07-01,,4.200346714278669,-39.807868987081896,
1949-08-01,,4.200346714278669,66.13467295008799,
1949-09-01,,4.200346714278669,15.162973377359457,
1949-10-01,,-3.3093407141722597,-29.960387963299993,
1949-11-01,,-3.3093407141722597,42.776347686793194,
1949-12-01,,-3.3093407141722597,51.26061841480223,
1950-01-01,,16.678784368139297,39.693905547319645,
1950-02-01,,16.678784368139297,-23.408006746114662,
1950-03-01,,16.678784368139297,48.85857197190025,
1950-04-01,,12.773658231419848,29.443520211313555,
1950-05-01,,12.773658231419848,37.02301424194305,
1950-06-01,,12.773658231419848,27.910738346492646,
1950-07-01,,16.379906034473457,12.886550648250882,
1950-08-01,,16.379906034473457,42.82670453293207,
1950-09-01,,16.379906034473457,58.31020402287359,
1950-10-01,,7.882673589181111,-5.490581751473645,
1950-11-01,,7.882673589181111,11.927022061933613,
1950-12-01,,7.882673589181111,11.80976472702644,
1951-01-01,,5.543471712176773,18.000640400771562,
1951-02-01,,5.543471712176773,-5.343913430345404,
1951-03-01,,5.543471712176773,31.274518289440635,
1951-04-01,,7.110643593785593,-5.250410553562446,
1951-05-01,,7.110643593785593,5.541354410332788,
1951-06-01,,7.110643593785593,0.0,
1951-07-01,,8.498082585837107,-35.493546955517395,
1951-08-01,,8.498082585837107,18.09089232825738,
1951-09-01,,8.498082585837107,11.582027017510699,
1951-10-01,,0.8786969048027782,0.0,
1951-11-01,,0.8786969048027782,-10.37983206353934,
1951-12-01,,0.8786969048027782,0.0,
1952-01-01,,4.336491404030518,0.0,
1952-02-01,,4.336491404030518,5.645609938049789,
1952-03-01,,4.336491404030518,17.735197136891003,
1952-04-01,,0.8599586080061172,-23.918141512626256,
1952-05-01,,0.8599586080061172,-15.384782716461032,
1952-06-01,,0.8599586080061172,-49.967621064960355,
1952-07-01,,2.9162828309641675,-45.62512005452979,
1952-08-01,,2.9162828309641675,228.40940555685728,
1952-09-01,,2.9162828309641675,83.49660160243037,
1952-10-01,,13.79712258473429,17.39319244610684,
1952-11-01,,13.79712258473429,17.145205431852872,
1952-12-01,,13.79712258473429,29.587914548535842,
1953-01-01,,7.646103572516649,10.752553157789734,
1953-02-01,,7.646103572516649,16.367251226312153,
1953-03-01,,7.646103572516649,10.517155764899734,
1953-04-01,,3.1284114616547676,5.094473997533444,
1953-05-01,,3.1284114616547676,0.0,
1953-06-01,,3.1284114616547676,-4.847518431514297,
1953-07-01,,-2.2311495314691787,-36.66390143474153,
1953-08-01,,-2.2311495314691787,35.85250974022489,
1953-09-01,,-2.2311495314691787,-26.390759956353715,
1953-10-01,,-5.9187763553489425,-99.88491165210156,
1953-11-01,,-5.9187763553489425,-16.740642876969115,
1953-12-01,,-5.9187763553489425,-24.434349760217657,
1954-01-01,,-1.8966410517683774,-17.343786813437656,
1954-02-01,,-1.8966410517683774,-17.59734948605345,
1954-03-01,,-1.8966410517683774,0.0,
1954-04-01,,0.43836939670585107,0.0,
1954-05-01,,0.43836939670585107,21.355319733404944,
1954-06-01,,0.43836939670585107,-9.188663819168774,
1954-07-01,,4.59590784882058,0.0,
1954-08-01,,4.59590784882058,0.0,
1954-09-01,,4.59590784882058,-25.46431933088812,
1954-10-01,,8.060651615937363,47.73918955291521,
1954-11-01,,8.060651615937363,45.933960013257625,
1954-12-01,,8.060651615937363,9.709365689948601,
1955-01-01,,11.92538360095603,9.631490895747486,
1955-02-01,,11.92538360095603,19.94002740568799,
1955-03-01,,11.92538360095603,19.614968526385756,
1955-04-01,,6.6708455961558055,9.260121343348127,
1955-05-01,,6.6708455961558055,19.146732415294167,
1955-06-01,,6.6708455961558055,9.05072725930669,
1955-07-01,,5.51375781606942,8.983016670977184,
1955-08-01,,5.51375781606942,0.0,
1955-09-01,,5.51375781606942,8.91631109552673,
1955-10-01,,2.4243993486391613,8.850588334168364,
1955-11-01,,2.4243993486391613,18.274132830720546,
1955-12-01,,2.4243993486391613,0.0,
1956-01-01,,-1.543159473372302,0.0,
1956-02-01,,-1.543159473372302,-8.022300199426112,
1956-03-01,,-1.543159473372302,-8.076260568350357,
1956-04-01,,3.3475246997066055,0.0,
1956-05-01,,3.3475246997066055,0.0,
1956-06-01,,3.3475246997066055,-8.130951306388368,
1956-07-01,,-0.3583310354485003,-35.160814812237405,
1956-08-01,,-0.3583310354485003,54.227724655111054,
1956-09-01,,-0.3583310354485003,28.742089433375174,
1956-10-01,,6.747977493213009,8.659104536586227,
1956-11-01,,6.747977493213009,17.86693495397731,
1956-12-01,,6.747977493213009,0.0,
1957-01-01,,2.585773222105847,-7.864657961401866,
1957-02-01,,2.585773222105847,0.0,
1957-03-01,,2.585773222105847,0.0,
1957-04-01,,-0.8736838184103313,-7.916512853199986,
1957-05-01,,-0.8736838184103313,-15.35205430521075,
1957-06-01,,-0.8736838184103313,0.0,
1957-07-01,,3.9776794500804957,8.722005678354883,
1957-08-01,,3.9776794500804957,0.0,
1957-09-01,,3.9776794500804957,0.0,
1957-10-01,,-4.074379007669682,-15.450658900095515,
1957-11-01,,-4.074379007669682,-22.604186317675577,
1957-12-01,,-4.074379007669682,-23.035704673661716,
1958-01-01,,-9.986243318221277,-23.483906151071,
1958-02-01,,-9.986243318221277,-23.949769257201837,
1958-03-01,,-9.986243318221277,-16.976811561351724,
1958-04-01,,2.6535999282795375,-17.219717218911658,
1958-05-01,,2.6535999282795375,9.950728209252668,
1958-06-01,,2.6535999282795375,32.335260376484996,
1958-07-01,,9.578452370845024,31.49204022562373,
1958-08-01,,9.578452370845024,42.7010321216889,
1958-09-01,,9.578452370845024,0.0,
1958-10-01,,9.686102623359982,9.119465732535836,
1958-11-01,,9.686102623359982,29.443520211313555,
1958-12-01,,9.686102623359982,8.850588334168364,
1959-01-01,,7.897280193186518,8.785826836772138,
1959-02-01,,7.897280193186518,8.722005678354883,
1959-03-01,,7.897280193186518,28.07315606571219,
1959-04-01,,9.323014952788755,17.60538391288875,
1959-05-01,,9.323014952788755,27.02459953121339,
1959-06-01,,9.323014952788755,26.432091617054244,
1959-07-01,,0.27919875125879123,-14.430933971224746,
1959-08-01,,0.27919875125879123,-27.232400041249306,
1959-09-01,,0.27919875125879123,-7.762958656517693,
1959-10-01,,1.1448048515176001,0.0,
1959-11-01,,1.1448048515176001,0.0,
1959-12-01,,1.1448048515176001,-97.50881397115046,
1960-01-01,,9.302461989133693,41.60204573935968,
1960-02-01,,9.302461989133693,-19.444360470269086,
1960-03-01,,9.302461989133693,-10.37983206353934,
1960-04-01,,-2.136101738867402,0.0,
1960-05-01,,-2.136101738867402,11.582027017510699,
1960-06-01,,-2.136101738867402,-10.37983206353934,
1960-07-01,,1.9741740139009867,0.0,
1960-08-01,,1.9741740139009867,0.0,
1960-09-01,,1.9741740139009867,-19.926768253798024,
1960-10-01,,-5.0345813908305175,0.0,
1960-11-01,,-5.0345813908305175,-20.261831416804576,
1960-12-01,,-5.0345813908305175,-19.678391943016717,
1961-01-01,,2.727534058966108,-11.037921402339446,
1961-02-01,,2.727534058966108,-1.1690076465641241,
1961-03-01,,2.727534058966108,4.8087203468488715,
1961-04-01,,6.96634744344915,35.10521383215879,
1961-05-01,,6.96634744344915,43.36909387409897,
1961-06-01,,6.96634744344915,21.89477572922234,
1961-07-01,,7.90557784396706,29.563751035392638,
1961-08-01,,7.90557784396706,4.355047710781856,
1961-09-01,,7.90557784396706,-12.044877167568691,
1961-10-01,,8.080601627190841,17.376437448551197,
1961-11-01,,8.080601627190841,11.141556314072186,
1961-12-01,,8.080601627190841,12.202366280835154,
1962-01-01,,7.327820028651821,-10.8753199110733,
1962-02-01,,7.327820028651821,7.615523761454424,
1962-03-01,,7.327820028651821,10.968586974361848,
1962-04-01,,3.6684293099806364,14.335219056277527,
1962-05-01,,3.6684293099806364,5.245883937790774,
1962-06-01,,3.6684293099806364,2.0600142259182386,
1962-07-01,,5.009722557999918,9.56330945997308,
1962-08-01,,5.009722557999918,-1.0062808330311368,
1962-09-01,,5.009722557999918,2.0424833872412673,
1962-10-01,,1.3241321315288213,7.30441115801288,
1962-11-01,,1.3241321315288213,0.0,
1962-12-01,,1.3241321315288213,1.0088187845110452,
1963-01-01,,4.4404438133978985,-5.856707946181738,
1963-02-01,,4.4404438133978985,1.013077129014306,
1963-03-01,,4.4404438133978985,13.913895929627774,
1963-04-01,,4.5658133663065925,21.859437935426882,
1963-05-01,,4.5658133663065925,14.622723281107008,
1963-06-01,,4.5658133663065925,13.354816990283869,
1963-07-01,,9.089691220032137,14.287462380453931,
1963-08-01,,9.089691220032137,-8.211268790139293,
1963-09-01,,9.089691220032137,0.9596088757035659,
1963-10-01,,2.6495447009567963,8.938436003119632,
1963-11-01,,2.6495447009567963,2.8809573668434396,
1963-12-01,,2.6495447009567963,2.8740577947207635,
1964-01-01,,8.705425195651229,-0.9393277467777628,
1964-02-01,,8.705425195651229,4.824182946256239,
1964-03-01,,8.705425195651229,5.79087508791698,
1964-04-01,,4.427955801337413,9.772577499240498,
1964-05-01,,4.427955801337413,10.708973668177535,
1964-06-01,,4.427955801337413,14.723380204396896,
1964-07-01,,6.398442216663258,8.509097481923366,
1964-08-01,,6.398442216663258,7.4791229954227045,
1964-09-01,,6.398442216663258,3.655353182716703,
1964-10-01,,1.2425121265477124,-18.028595682156013,
1964-11-01,,1.2425121265477124,33.38718168699841,
1964-12-01,,1.2425121265477124,20.365884014543,
1965-01-01,,10.036692441445162,6.3066609154459385,
1965-02-01,,10.036692441445162,10.018649688589809,
1965-03-01,,10.036692441445162,11.836619211296039,
1965-04-01,,5.150474156186657,6.16325709565666,
1965-05-01,,5.150474156186657,4.3455865123485315,
1965-06-01,,5.150474156186657,5.216246174227779,
1965-07-01,,9.19360798649067,15.362466634160743,
1965-08-01,,9.19360798649067,6.893928903671065,
1965-09-01,,9.19360798649067,-12.515287190684365,
1965-10-01,,9.539004422561748,6.933748146451246,
1965-11-01,,9.539004422561748,17.085372237597984,
1965-12-01,,9.539004422561748,25.700756814319515,
1966-01-01,,10.096556375814881,13.743288917610563,
1966-02-01,,10.096556375814881,11.8014772786341,
1966-03-01,,10.096556375814881,13.454751436629264,
1966-04-01,,1.3728939284530783,3.9954863756855197,
1966-05-01,,1.3728939284530783,11.51856203086039,
1966-06-01,,1.3728939284530783,8.033379990882494,
1966-07-01,,3.4306012353117366,13.908794955303016,
1966-08-01,,3.4306012353117366,6.268434023070402,
1966-09-01,,3.4306012353117366,-0.7554260695225246,
1966-10-01,,3.32221874862233,3.076685681868918,
1966-11-01,,3.32221874862233,-2.2463949763544155,
1966-12-01,,3.32221874862233,3.0747150124380784,
1967-01-01,,3.5905296692495092,-5.884221481006047,
1967-02-01,,3.5905296692495092,-14.184088019831908,
1967-03-01,-0.35,3.5905296692495092,3.9172397339358955,
1967-04-01,0.0,0.2456318100974464,-3.769576389793894,
1967-05-01,-0.56,0.2456318100974464,-3.035817992651435,
1967-06-01,0.04,0.2456318100974464,-2.290704331222737,
1967-07-01,-0.32,3.8383472150673725,8.844661522502651,
1967-08-01,1.03,3.8383472150673725,13.861606537174097,
1967-09-01,-0.05,3.8383472150673725,-12.174083045849693,
1967-10-01,0.03,3.0496826640218355,-0.7650584412879247,
1967-11-01,1.36,3.0496826640218355,23.76365809014218,
1967-12-01,1.0,3.0496826640218355,21.487273494015845,
1968-01-01,-0.46,8.410011257585538,-2.930191607220489,
1968-02-01,0.43,8.410011257585538,0.746962016695063,
1968-03-01,0.39,8.410011257585538,6.1167082133419814,
1968-04-01,0.13,6.8507727951466535,4.533250959038515,
1968-05-01,0.67,6.8507727951466535,7.630043970851608,
1968-06-01,0.27,6.8507727951466535,5.253756688509603,
1968-07-01,0.23,3.13425319108267,6.770796961658809,
1968-08-01,0.02,3.13425319108267,-9.039689597338018,
1968-09-01,0.49,3.13425319108267,-4.302972132706861,
1968-10-01,0.56,1.58037694701052,12.40424275572285,
1968-11-01,0.82,1.58037694701052,18.920879739608342,
1968-12-01,0.01,1.58037694701052,11.298766447471053,
1969-01-01,0.34,6.4061068076714855,3.610811950699344,
1969-02-01,0.51,6.4061068076714855,0.7106870015148425,
1969-03-01,0.5,6.4061068076714855,7.313947244076124,
1969-04-01,0.05,1.2189483764982745,7.26965716217709,
1969-05-01,-0.02,1.2189483764982745,9.485187173954944,
1969-06-01,0.38,1.2189483764982745,7.912095578142897,
1969-07-01,0.18,2.666056810328965,9.348854517724735,
1969-08-01,0.45,2.666056810328965,-5.993166703423869,
1969-09-01,-0.09,2.666056810328965,-3.3885456102808464,
1969-10-01,0.2,-1.9385818054570514,-3.3981402917542702,
1969-11-01,-0.81,-1.9385818054570514,-14.213813579090829,
1969-12-01,-0.23,-1.9385818054570514,-1.3937056621597277,48.0
1970-01-01,-1.36,-0.594238049976481,-6.800025446146485,45.8
1970-02-01,-0.15,-0.594238049976481,-3.474885490528834,45.8
1970-03-01,-0.57,-0.594238049976481,5.816598530869022,45.2
1970-04-01,-0.7,0.5680798455384162,1.4192550416511907,45.7
1970-05-01,-0.32,0.5680798455384162,-9.42561993472999,45.3
1970-06-01,-0.27,0.5680798455384162,-2.803553347582788,53.2
1970-07-01,0.0,3.737129357264579,4.355047710781856,52.5
1970-08-01,-0.56,3.737129357264579,-1.409254418927619,51.8
1970-09-01,-0.64,3.737129357264579,-19.34030023656932,44.2
1970-10-01,-1.8,-4.217887412101417,-23.699886948822723,44.7
1970-11-01,-1.03,-4.217887412101417,-6.455097489335548,43.3
1970-12-01,1.65,-4.217887412101417,20.255535952751536,51.2
1971-01-01,0.56,11.315314647486963,9.148415711005198,55.4
1971-02-01,0.0,11.315314647486963,-2.158836362329364,62.8
1971-03-01,-0.05,11.315314647486963,2.9518197450840056,56.2
1971-04-01,0.47,2.18087907201443,5.968439925099989,59.6
1971-05-01,0.44,2.18087907201443,9.813121065632613,57.0
1971-06-01,0.41,2.18087907201443,4.389558812932992,57.9
1971-07-01,-0.13,3.3305954135376403,-99.59907602319208,57.8
1971-08-01,-0.06,3.3305954135376403,-9.726099174971125,58.4
1971-09-01,1.01,3.3305954135376403,2.3075917718264005,61.0
1971-10-01,0.44,0.9427734337199567,12.010495920905019,61.4
1971-11-01,0.66,0.9427734337199567,8.194742575447389,55.4
1971-12-01,0.86,0.9427734337199567,9.3502544600643,63.5
1972-01-01,1.44,7.55387728710657,1.118869591890559,64.8
1972-02-01,0.4,7.55387728710657,12.943343223020776,66.0
1972-03-01,1.05,7.55387728710657,6.809203019196475,64.6
1972-04-01,0.76,9.3908309179904,15.199847456313243,63.0
1972-05-01,0.52,9.3908309179904,7.8429554943468816,66.9
1972-06-01,0.52,9.3908309179904,12.49070985526588,62.1
1972-07-01,-0.05,3.830174223484084,10.015273800373436,64.7
1972-08-01,1.52,3.830174223484084,7.650186917409596,65.1
1972-09-01,0.91,3.830174223484084,9.86895259314493,69.3
1972-10-01,1.38,6.8678532558319905,16.793997564271358,70.8
1972-11-01,1.31,6.8678532558319905,20.16277012419325,73.0
1972-12-01,1.23,6.8678532558319905,8.408945464102512,71.9
1973-01-01,1.09,10.273388577877117,5.146904720731982,73.8
1973-02-01,1.25,10.273388577877117,10.48959833592422,69.0
1973-03-01,0.48,10.273388577877117,9.315998834568905,68.8
1973-04-01,0.09,4.426613099414389,13.59897127126175,65.9
1973-05-01,0.47,4.426613099414389,3.9730009486167006,63.5
1973-06-01,0.24,4.426613099414389,4.972069704036919,61.0
1973-07-01,0.53,-2.086821040983311,25.888056885990384,49.2
1973-08-01,-0.38,-2.086821040983311,-0.9459921725233911,59.1
1973-09-01,0.66,-2.086821040983311,12.026528220441989,60.0
1973-10-01,1.09,3.8513286436639538,3.833408310699249,65.4
1973-11-01,0.81,3.8513286436639538,-5.490581751473645,65.2
1973-12-01,-0.4,3.8513286436639538,-5.515812577451628,59.0
1974-01-01,-0.22,-3.3947290853653556,-8.20503426620105,55.7
1974-02-01,-0.26,-3.3947290853653556,-8.26148792921596,56.0
1974-03-01,0.08,-3.3947290853653556,-8.31872330870641,58.0
1974-04-01,-0.36,0.954183410021936,8.029350554752313,56.4
1974-05-01,0.49,0.954183410021936,6.948080972045023,51.6
1974-06-01,-0.29,0.954183410021936,0.9611460712502184,51.9
1974-07-01,-0.27,-3.727833640344591,1.9292015956430042,52.6
1974-08-01,-0.73,-3.727833640344591,-4.670214843056875,50.2
1974-09-01,-0.86,-3.727833640344591,2.9135983121044484,41.2
1974-10-01,-1.1,-1.544594961236645,-5.588575440539978,36.5
1974-11-01,-2.48,-1.544594961236645,-24.565727271609305,33.1
1974-12-01,-3.35,-1.544594961236645,-30.896671357110982,27.9
1975-01-01,-1.82,-4.782299247183031,-37.86895750090727,32.8
1975-02-01,-2.11,-4.782299247183031,-30.53267542443695,40.0
1975-03-01,-2.04,-4.782299247183031,-7.3553168168964955,37.0
1975-04-01,-0.24,2.88959891317635,-2.167936429859818,42.6
1975-05-01,-0.22,2.88959891317635,-2.171859985579072,47.2
1975-06-01,0.13,2.88959891317635,9.154227763882684,54.9
1975-07-01,0.65,7.026060129716782,9.084966553814432,58.4
1975-08-01,0.71,7.026060129716782,25.270894461206716,60.3
1975-09-01,0.63,7.026060129716782,41.30132475643924,60.4
1975-10-01,0.29,5.498232236551881,3.1424795587864374,64.2
1975-11-01,0.14,5.498232236551881,3.1342723849344,62.2
1975-12-01,0.89,5.498232236551881,18.934017930205947,63.1
1976-01-01,1.4,9.306055389505241,8.408945464102512,63.8
1976-02-01,0.82,9.306055389505241,6.204977958686242,68.7
1976-03-01,0.41,9.306055389505241,10.480444565166458,61.6
1976-04-01,0.33,2.9659244631544457,17.089365900338784,65.2
1976-05-01,0.21,2.9659244631544457,7.076811281276507,62.3
1976-06-01,0.22,2.9659244631544457,88.7910139384505,60.6
1976-07-01,0.31,2.207675345975524,4.717986691319154,58.0
1976-08-01,0.28,2.207675345975524,9.600689404763818,57.7
1976-09-01,0.35,2.207675345975524,-0.9094291392634735,55.3
1976-10-01,-0.33,2.921894837303962,-7.9223167239046655,57.0
1976-11-01,1.0,2.921894837303962,15.759349522156874,55.7
1976-12-01,1.12,2.921894837303962,7.520116410333122,58.9
1977-01-01,-0.19,4.83003119905514,-11.134715926403228,57.2
1977-02-01,1.15,4.83003119905514,16.665289778802016,56.8
1977-03-01,1.1,4.83003119905514,18.525962369811456,63.5
1977-04-01,0.66,7.996901576106796,9.252985658401336,60.3
1977-05-01,0.68,7.996901576106796,16.062817308440525,64.5
1977-06-01,0.73,7.996901576106796,7.193426211559251,58.1
1977-07-01,0.37,7.410099822573013,3.5187072227933935,58.9
1977-08-01,0.28,7.410099822573013,-6.691992970518923,58.8
1977-09-01,0.43,7.410099822573013,5.336061706232997,57.0
1977-10-01,0.44,0.007971356844205246,2.6247155747771256,57.1
1977-11-01,0.53,0.007971356844205246,5.300713394162315,59.2
1977-12-01,0.8,0.007971356844205246,-0.8556097674773389,60.7
1978-01-01,-1.24,1.28551959621519,-8.265279122781067,60.6
1978-02-01,1.04,1.28551959621519,5.320293326527437,56.2
1978-03-01,1.32,1.28551959621519,16.669820198428198,56.6
1978-04-01,1.8,16.378592328367315,13.540034086070518,60.2
1978-05-01,0.36,16.378592328367315,10.586686487488596,63.9
1978-06-01,0.82,16.378592328367315,5.12711724230368,63.6
1978-07-01,-0.1,4.084094813964612,8.640410631148331,64.7
1978-08-01,0.71,4.084094813964612,11.28080843974768,61.3
1978-09-01,0.29,4.084094813964612,7.620895171245667,61.3
1978-10-01,0.74,5.485876694408098,7.572823425234376,58.8
1978-11-01,0.73,5.485876694408098,9.266617880859606,61.9
1978-12-01,0.53,5.485876694408098,7.468137706658529,59.9
1979-01-01,-0.38,0.7203128095243594,2.4200521680715514,57.3
1979-02-01,0.14,0.7203128095243594,4.0548832335518314,58.6
1979-03-01,1.03,0.7203128095243594,8.231663926401712,56.7
1979-04-01,-1.42,0.42766531295106436,-12.609913354102254,55.1
1979-05-01,1.17,0.42766531295106436,13.53050495162027,52.1
1979-06-01,-0.05,0.42766531295106436,-5.385013152497131,49.4
1979-07-01,-0.15,3.0044885228652785,5.691501243007546,49.8
1979-08-01,-0.45,3.0044885228652785,-9.067253476708604,46.9
1979-09-01,-0.06,3.0044885228652785,11.719237450913166,48.7
1979-10-01,0.01,1.0039382904812877,1.5872687530782637,47.3
1979-11-01,-0.32,1.0039382904812877,-6.856556144115034,46.5
1979-12-01,-0.17,1.0039382904812877,4.854099219391528,44.3
1980-01-01,0.13,1.2642343775070453,4.014195763472905,47.1
1980-02-01,-0.54,1.2642343775070453,2.3832060771180386,51.6
1980-03-01,-1.16,1.2642343775070453,-13.239044917638498,43.8
1980-04-01,-2.25,-7.990496864847274,-19.444360470268972,32.0
1980-05-01,-2.38,-7.990496864847274,-21.72222438182073,25.6
1980-06-01,-1.25,-7.990496864847274,-30.23133054251119,24.2
1980-07-01,-0.63,-0.47457208345880186,-18.593846811258707,36.1
1980-08-01,0.31,-0.47457208345880186,15.729025851599964,54.1
1980-09-01,1.0,-0.47457208345880186,17.490832402857535,53.9
1980-10-01,1.13,7.6709761518592545,34.93182606199965,63.7
1980-11-01,0.64,7.6709761518592545,22.597940447516063,65.3
1980-12-01,0.35,7.6709761518592545,19.300313229786823,51.2
1981-01-01,-0.27,8.071072858844008,9.119465732535836,48.7
1981-02-01,-0.43,8.071072858844008,-7.624917410464905,51.1
1981-03-01,-0.09,8.071072858844008,7.401629622731454,50.2
1981-04-01,-0.04,-2.9315137305306105,9.056933387743204,53.1
1981-05-01,-0.05,-2.9315137305306105,0.0,55.7
1981-06-01,-0.28,-2.9315137305306105,-0.7825196578044036,51.0
1981-07-01,0.06,4.876737921978669,5.641819037369711,47.6
1981-08-01,-0.45,4.876737921978669,-4.59394561656582,47.2
1981-09-01,-0.97,4.876737921978669,-5.36096184869963,42.2
1981-10-01,-1.29,-4.287669691611439,-18.690040772541817,40.2
1981-11-01,-1.35,-4.287669691611439,-21.592576254515905,32.8
1981-12-01,-1.57,-4.287669691611439,-23.28102559094135,39.1
1982-01-01,-1.82,-6.071244125228514,-30.020429102622238,39.9
1982-02-01,0.91,-6.071244125228514,25.94740107539566,38.6
1982-03-01,-0.96,-6.071244125228514,-4.961058558451292,40.4
1982-04-01,-1.08,1.8372323833022897,-4.167502027509251,40.9
1982-05-01,-0.62,1.8372323833022897,-3.358673349981378,38.1
1982-06-01,-1.17,1.8372323833022897,-15.093482352720955,42.0
1982-07-01,-0.78,-1.5203219897144793,-2.5703681550282353,40.7
1982-08-01,-1.08,-1.5203219897144793,-0.8654832521010958,40.1
1982-09-01,-0.58,-1.5203219897144793,-5.919978056926567,40.4
1982-10-01,-1.27,0.16013121965614552,-8.39823893178303,41.9
1982-11-01,-0.54,0.16013121965614552,-5.991742173103642,41.5
1982-12-01,-0.53,0.16013121965614552,-7.680195889115415,46.0
1983-01-01,1.13,5.3762743250762135,14.212632629625531,50.3
1983-02-01,-0.46,5.3762743250762135,10.133934851473668,60.6
1983-03-01,0.72,5.3762743250762135,16.91739032920847,60.8
1983-04-01,0.68,9.417500386870458,34.74378612123239,59.4
1983-05-01,0.93,9.417500386870458,15.282043689548864,61.8
1983-06-01,1.14,9.417500386870458,14.147795784697559,62.3
1983-07-01,1.07,8.238778556686622,24.61267255083579,70.3
1983-08-01,0.45,8.238778556686622,16.469520113932678,68.1
1983-09-01,1.58,8.238778556686622,28.72070533236297,66.9
1983-10-01,0.97,8.609510690478949,8.93440513402921,69.5
1983-11-01,0.77,8.609510690478949,12.26807085635886,69.2
1983-12-01,0.98,8.609510690478949,4.705039944823364,74.8
1984-01-01,1.27,8.051436149363212,9.573899149388687,63.7
1984-02-01,0.68,8.051436149363212,14.551063553848298,64.9
1984-03-01,0.44,8.051436149363212,6.171745216133462,60.9
1984-04-01,0.59,7.092227921145411,19.469490432980407,63.2
1984-05-01,0.6,7.092227921145411,0.7382310722108043,59.2
1984-06-01,0.61,7.092227921145411,2.9811503994838784,60.5
1984-07-01,0.1,3.9121583211773503,15.697612575797383,54.1
1984-08-01,-0.02,3.9121583211773503,4.435522523352309,54.0
1984-09-01,-0.06,3.9121583211773503,-7.6594098563079305,47.2
1984-10-01,0.17,3.3237334981508493,0.7292584247472478,52.9
1984-11-01,0.42,3.3237334981508493,-1.4431499304849327,52.0
1984-12-01,0.06,3.3237334981508493,9.084966553814144,52.8
1985-01-01,-0.09,3.932616954215429,2.926624793961574,51.8
1985-02-01,-0.04,3.932616954215429,-12.858862405230287,51.8
1985-03-01,0.36,3.932616954215429,5.221108451966816,49.1
1985-04-01,-0.28,3.5686819441234086,0.0,51.3
1985-05-01,0.38,3.5686819441234086,-0.7231062299638213,49.5
1985-06-01,-0.53,3.5686819441234086,-96.63533163399246,50.7
1985-07-01,-0.2,6.250469591918373,2.927814797452011,52.5
1985-08-01,0.54,6.250469591918373,-0.9565491191360187,51.8
1985-09-01,0.24,6.250469591918373,-0.9573122100901221,54.6
1985-10-01,-0.38,3.0071242489136063,1.9416875718173854,53.4
1985-11-01,0.33,3.0071242489136063,1.938550950752771,57.2
1985-12-01,0.28,3.0071242489136063,8.983016670977184,54.8
1986-01-01,0.61,3.7876300057981815,6.8741902366878715,56.7
1986-02-01,-0.53,3.7876300057981815,-9.07067783701615,57.1
1986-03-01,-0.2,3.7876300057981815,-5.579915646086631,54.5
1986-04-01,0.52,1.81338799275923,0.0,54.4
1986-05-01,-0.15,1.81338799275923,-8.299556992210878,61.1
1986-06-01,-0.13,1.81338799275923,-0.9619164464603203,55.3
1986-07-01,0.34,3.8819360303853134,0.0,51.2
1986-08-01,0.08,3.8819360303853134,6.982722630946037,58.4
1986-09-01,0.65,3.8819360303853134,4.9150586560811504,57.3
1986-10-01,-0.26,2.1628963722985617,-0.9535088820337267,54.5
1986-11-01,0.02,2.1628963722985617,6.919474310830398,57.0
1986-12-01,0.95,2.1628963722985617,6.879818316664288,55.4
1987-01-01,-0.97,3.000563384000321,2.8809573668434396,59.8
1987-02-01,1.51,3.000563384000321,3.8487751777040113,55.4
1987-03-01,0.14,3.000563384000321,-5.511591353319156,61.6
1987-04-01,0.25,4.382961287554754,-3.7233815420935956,59.8
1987-05-01,0.42,4.382961287554754,15.220575263524294,63.4
1987-06-01,0.28,4.382961287554754,3.8212028765585604,61.2
1987-07-01,0.67,3.5140933760950066,16.04862721422069,64.0
1987-08-01,0.31,3.5140933760950066,8.64524944865539,62.7
1987-09-01,0.47,3.5140933760950066,4.688498150496567,62.1
1987-10-01,0.71,7.046737195980368,4.670254242928662,65.3
1987-11-01,0.26,7.046737195980368,7.537822845816655,59.3
1987-12-01,0.55,7.046737195980368,7.490789743083548,61.5
1988-01-01,-0.16,2.0836155247515586,4.595155089458713,60.3
1988-02-01,0.52,2.0836155247515586,5.515889265477236,57.0
1988-03-01,0.44,2.0836155247515586,1.8004022462504654,57.9
1988-04-01,0.27,5.360640512271253,9.28877441214766,57.6
1988-05-01,-0.03,5.360640512271253,3.5978222389799974,57.7
1988-06-01,0.46,5.360640512271253,5.424485860725592,63.6
1988-07-01,-0.02,2.3645608041811927,10.102933701422124,60.6
1988-08-01,0.04,2.3645608041811927,4.445379774512226,59.2
1988-09-01,0.06,2.3645608041811927,0.8717707850709688,58.6
1988-10-01,0.49,5.437300004024448,8.094765070575672,57.2
1988-11-01,0.25,5.437300004024448,6.204214358071036,58.4
1988-12-01,0.57,5.437300004024448,2.603834069483435,59.0
1989-01-01,0.26,4.127984390835637,7.98116319892701,57.3
1989-02-01,-0.45,4.127984390835637,0.0,57.3
1989-03-01,-0.16,4.127984390835637,-0.8471534364969835,52.0
1989-04-01,0.12,3.0875159816567965,0.8543914429672395,53.1
1989-05-01,-0.6,3.0875159816567965,2.581429900428023,50.7
1989-06-01,-0.2,3.0875159816567965,-2.516469016793532,45.6
1989-07-01,-0.83,2.996026730798773,5.2238136354144205,45.8
1989-08-01,0.66,2.996026730798773,6.091763537248518,45.2
1989-09-01,-0.51,2.996026730798773,-0.839449438722295,46.0
1989-10-01,-0.42,0.7902553724654204,-7.331077672672759,49.3
1989-11-01,0.14,0.7902553724654204,0.8519650851978033,49.3
1989-12-01,-0.01,0.7902553724654204,11.59923330027528,50.4
1990-01-01,-0.23,4.443715206336063,-14.848279367703421,49.1
1990-02-01,0.55,4.443715206336063,7.940109140165186,52.5
1990-03-01,0.17,4.443715206336063,-95.83675495169321,52.3
1990-04-01,-0.71,1.4598041009069362,-1.097382693245419,53.7
1990-05-01,0.02,1.4598041009069362,11.61562664397502,51.7
1990-06-01,-0.04,1.4598041009069362,1.0993935527221055,52.0
1990-07-01,-0.58,0.2665928225988212,1.0983872627730928,46.7
1990-08-01,-0.22,0.2665928225988212,-1.0864537926980389,45.5
1990-09-01,-0.8,0.2665928225988212,10.291836712158787,44.9
1990-10-01,-0.92,-3.5921891840563047,-11.29355001024357,43.1
1990-11-01,-1.4,-3.5921891840563047,-20.71794086458121,40.4
1990-12-01,-0.96,-3.5921891840563047,-4.374861107147609,38.5
1991-01-01,-1.09,-1.8586654113372458,-6.519367262890352,38.1
1991-02-01,-0.86,-1.8586654113372458,-8.650840792070403,39.2
1991-03-01,-0.9,-1.8586654113372458,-4.4478185240083175,42.4
1991-04-01,0.02,3.155421092405164,-2.2555430460849957,46.1
1991-05-01,-0.04,3.155421092405164,8.291761983958356,48.9
1991-06-01,0.03,3.155421092405164,13.215124926618692,58.4
1991-07-01,0.15,2.0368096803061286,8.147078902459558,55.6
1991-08-01,-0.34,2.0368096803061286,6.900533664674735,60.1
1991-09-01,0.26,2.0368096803061286,-1.1034370957615058,60.7
1991-10-01,-0.36,1.4014853407354977,1.115748680598716,58.0
1991-11-01,-0.39,1.4014853407354977,-4.347130949376465,53.5
1991-12-01,-0.81,1.4014853407354977,0.0,49.5
1992-01-01,-0.07,4.875702128564385,-11.580530908893028,49.6
1992-02-01,0.1,4.875702128564385,5.770459528923233,58.3
1992-03-01,0.44,4.875702128564385,0.0,63.3
1992-04-01,0.23,4.40826723196126,11.786589117122936,59.1
1992-05-01,-0.06,4.40826723196126,6.861093778821381,60.9
1992-06-01,0.05,4.40826723196126,-6.420572292683491,59.8
1992-07-01,0.42,4.0114093053187805,8.04568514761308,59.5
1992-08-01,-0.61,4.0114093053187805,-3.256154573941583,58.8
1992-09-01,0.09,4.0114093053187805,0.0,51.1
1992-10-01,0.21,4.237130110577936,4.510535315530784,53.8
1992-11-01,0.1,4.237130110577936,7.984533292344453,58.8
1992-12-01,0.45,4.237130110577936,9.11081641214384,61.0
1993-01-01,0.21,0.6694489636257073,5.567055719179859,63.0
1993-02-01,0.16,0.6694489636257073,8.999849216362854,59.7
1993-03-01,-0.46,0.6694489636257073,2.167938258188107,58.1
1993-04-01,0.26,2.349098195512034,-19.444360470269086,53.0
1993-05-01,-0.12,2.349098195512034,4.451975647866813,55.2
1993-06-01,0.04,2.349098195512034,-3.212572503206401,51.6
1993-07-01,-0.01,1.922323401252335,5.587789019745881,53.8
1993-08-01,-0.03,1.922323401252335,5.561896406779998,55.3
1993-09-01,0.4,1.922323401252335,-1.0747769518097416,52.6
1993-10-01,0.36,5.552607515560171,13.772823891955998,58.9
1993-11-01,0.29,5.552607515560171,11.235353467442133,60.4
1993-12-01,0.5,5.552607515560171,8.81808874967005,62.4
1994-01-01,0.07,3.9383145785598206,4.2927399918262,63.5
1994-02-01,0.21,3.9383145785598206,7.5948761719183855,62.2
1994-03-01,0.98,3.9383145785598206,5.339226602682379,62.8
1994-04-01,0.26,5.531920621944741,4.232189754999038,62.7
1994-05-01,0.4,5.531920621944741,1.0394017556142554,61.6
1994-06-01,0.45,5.531920621944741,7.47995512970745,65.0
1994-07-01,0.05,2.358922594417545,4.1878861677780765,64.2
1994-08-01,0.82,2.358922594417545,14.153403341614656,63.0
1994-09-01,0.12,2.358922594417545,2.0442230331641165,62.7
1994-10-01,0.63,4.661623552012917,11.705148226611438,63.0
1994-11-01,0.53,4.661623552012917,4.081081274100029,61.5
1994-12-01,0.62,4.661623552012917,12.660228791626205,58.9
1995-01-01,0.11,1.426692060899848,5.055846514435469,59.7
1995-02-01,-0.24,1.426692060899848,7.112751304587039,56.6
1995-03-01,-0.07,1.426692060899848,-6.640433765314302,51.9
1995-04-01,-0.55,1.1986418034171997,-7.59717471571445,52.2
1995-05-01,0.02,1.1986418034171997,-1.963930142019732,44.0
1995-06-01,0.23,1.1986418034171997,0.9970836528399252,43.5
1995-07-01,-0.59,3.446572845101481,3.016114786236157,52.7
1995-08-01,0.74,3.446572845101481,18.176664196708426,46.5
1995-09-01,0.13,3.446572845101481,-3.8333904308929245,49.4
1995-10-01,-0.29,2.7441228269356355,-0.9744137433140176,47.5
1995-11-01,0.03,2.7441228269356355,2.9786839352572203,48.6
1995-12-01,0.07,2.7441228269356355,0.0,45.9
1996-01-01,-0.87,3.0300334801304896,-8.448794813422811,44.1
1996-02-01,0.74,3.0300334801304896,19.23175270635964,46.1
1996-03-01,-0.14,3.0300334801304896,-1.9230174990184756,49.1
1996-04-01,0.42,6.840562512153747,10.161217231592667,52.3
1996-05-01,0.39,6.840562512153747,7.989277302080078,51.7
1996-06-01,0.35,6.840562512153747,3.8987877240091784,59.4
1996-07-01,0.06,3.6367045102697393,4.879093910310184,51.9
1996-08-01,0.22,3.6367045102697393,6.862961646408383,54.6
1996-09-01,0.3,3.6367045102697393,1.9077332256190127,54.6
1996-10-01,0.05,4.218619792882206,-4.61988065150144,52.9
1996-11-01,0.49,4.218619792882206,14.107756739950418,56.9
1996-12-01,0.06,4.218619792882206,10.814163236014608,61.7
1997-01-01,0.27,2.606876339161013,-67.06060903963547,57.0
1997-02-01,0.82,2.606876339161013,4.5904364852050294,57.6
1997-03-01,0.3,2.606876339161013,15.881989599085866,58.6
1997-04-01,0.08,6.82910306346467,-5.819200458136753,56.6
1997-05-01,0.22,6.82910306346467,7.755565186090241,62.3
1997-06-01,0.38,6.82910306346467,1.5035354760922992,59.4
1997-07-01,0.65,5.088592369662481,-0.7481355259480793,61.3
1997-08-01,0.29,5.088592369662481,16.14852915480567,60.3
1997-09-01,0.63,5.088592369662481,11.134638488183546,55.4
1997-10-01,0.44,3.4594352765334735,3.0520017031108626,60.9
1997-11-01,0.6,3.4594352765334735,56.01493542620079,57.4
1997-12-01,0.05,3.4594352765334735,7.886523643415,57.2
1998-01-01,0.31,4.075869285119382,-1.9490447815156076,57.1
1998-02-01,0.33,4.075869285119382,1.6825661101585787,54.6
1998-03-01,-0.01,4.075869285119382,-3.77376835397768,54.9
1998-04-01,0.24,3.7544834253859127,1.0860862358082368,55.3
1998-05-01,0.28,3.7544834253859127,9.344406801988026,51.5
1998-06-01,-0.44,3.7544834253859127,-6.253025582230498,50.2
1998-07-01,-0.47,5.131657567089287,-11.389025087164805,51.8
1998-08-01,1.06,5.131657567089287,24.16969598487364,50.9
1998-09-01,-0.01,5.131657567089287,-3.996267156219646,49.4
1998-10-01,0.28,6.5938306202171,-3.387907890742059,48.0
1998-11-01,0.05,6.5938306202171,38.40341943465173,48.3
1998-12-01,0.25,6.5938306202171,9.128104459336473,49.7
1999-01-01,0.11,3.811019553404549,-2.395451274656779,52.4
1999-02-01,0.53,3.811019553404549,0.7907402769711025,55.0
1999-03-01,-0.08,3.811019553404549,1.4760331709934071,55.9
1999-04-01,0.0,3.3810124692359445,11.512727523947142,54.0
1999-05-01,0.56,3.3810124692359445,1.4426514943210123,57.8
1999-06-01,-0.08,3.3810124692359445,0.5201509978594476,59.4
1999-07-01,0.18,5.409946332000226,8.96992951596205,54.6
1999-08-01,0.34,5.409946332000226,4.364708258104533,57.5
1999-09-01,-0.2,5.409946332000226,-5.071681832645092,63.5
1999-10-01,0.75,6.725949432846856,10.127569831919846,61.3
1999-11-01,0.36,6.725949432846856,34.5545337297928,63.1
1999-12-01,0.6,6.725949432846856,8.482534015303656,60.3
2000-01-01,0.16,1.4590898958846132,8.819230197369476,60.4
2000-02-01,-0.23,1.4590898958846132,5.12044409992114,58.7
2000-03-01,0.44,1.4590898958846132,-0.48878367106361953,56.2
2000-04-01,0.42,7.486604163244581,15.021925862789631,55.4
2000-05-01,-0.35,7.486604163244581,4.048658753447376,51.5
2000-06-01,0.13,7.486604163244581,3.750563606916324,50.0
2000-07-01,-0.29,0.40835418430409387,6.11510560753965,52.0
2000-08-01,-0.36,0.40835418430409387,3.0305835156420047,50.0
2000-09-01,0.36,0.40835418430409387,2.3225345452725588,48.9
2000-10-01,-0.52,2.4096277444537906,2.966412576779187,48.4
2000-11-01,-0.36,2.4096277444537906,20.446453312010092,49.1
2000-12-01,-0.27,2.4096277444537906,-9.977848996576466,42.1
2001-01-01,-0.66,-1.304762184579944,-2.4883696202499195,38.4
2001-02-01,-0.57,-1.304762184579944,-7.834516302739303,39.9
2001-03-01,-0.69,-1.304762184579944,3.8895555838916795,41.5
2001-04-01,-0.89,2.5215095311051705,-12.349222907216983,45.5
2001-05-01,-0.42,2.5215095311051705,-13.541776680764384,44.9
2001-06-01,-0.92,2.5215095311051705,-5.068353479539045,47.8
2001-07-01,-0.52,-1.5929517725444375,2.9701889718779073,49.2
2001-08-01,-0.43,-1.5929517725444375,-10.769362940585502,54.3
2001-09-01,-1.12,-1.5929517725444375,-9.707515191911142,51.3
2001-10-01,-0.18,1.1036401883300906,-8.170287572949986,38.9
2001-11-01,-0.81,1.1036401883300906,-17.15687685329028,49.1
2001-12-01,-0.32,1.1036401883300906,-3.4614375473907333,51.4
2002-01-01,-0.05,3.3876388749031205,-1.905097673373246,55.2
2002-02-01,-0.1,3.3876388749031205,10.262992504788793,60.7
2002-03-01,-0.03,3.3876388749031205,11.084676989476417,63.8
2002-04-01,0.16,2.4734430447546085,2.6769696449074676,59.9
2002-05-01,0.07,2.4734430447546085,1.5896068544964281,61.8
2002-06-01,0.3,2.4734430447546085,11.17995087807615,61.2
2002-07-01,-0.27,1.635987710669795,1.0033756014702355,51.9
2002-08-01,-0.07,1.635987710669795,-1.2298012060466212,50.6
2002-09-01,-0.34,1.635987710669795,-0.41757892624804116,52.9
2002-10-01,-0.35,0.495337658367756,-9.781569129860168,52.1
2002-11-01,0.15,0.495337658367756,-93.58587417881124,49.9
2002-12-01,-0.59,0.495337658367756,-2.081041709456899,58.7
2003-01-01,0.39,2.12326755305412,5.870048550510498,58.2
2003-02-01,-0.46,2.12326755305412,-0.22652795676701976,51.9
2003-03-01,-0.18,2.12326755305412,-9.967998715939409,47.2
2003-04-01,-0.63,3.5898246978526505,-5.147685750898933,47.2
2003-05-01,0.01,3.5898246978526505,-0.7959433832383511,53.4
2003-06-01,0.14,3.5898246978526505,1.045281972633516,53.6
2003-07-01,0.09,6.820621845919783,3.9993508993805715,56.8
2003-08-01,-0.15,6.820621845919783,1.9363293842348472,61.1
2003-09-01,0.35,6.820621845919783,4.318630076479835,60.8
2003-10-01,0.14,4.724349381684623,13.203864592221649,64.4
2003-11-01,0.48,4.724349381684623,13.614364077486307,69.1
2003-12-01,0.04,4.724349381684623,2.5907798371821666,71.3
2004-01-01,0.05,2.28594433046867,6.63986135195942,70.6
2004-02-01,0.46,2.28594433046867,8.713247986097894,66.5
2004-03-01,0.54,2.28594433046867,-0.6993799798540312,64.6
2004-04-01,0.08,3.1360288812639414,9.848897620637786,67.1
2004-05-01,0.55,3.1360288812639414,17.047119308432922,64.5
2004-06-01,-0.28,3.1360288812639414,-7.496962319565792,60.9
2004-07-01,0.47,3.8487076162528,0.23780074786088345,62.8
2004-08-01,0.29,3.8487076162528,4.284531650551071,62.1
2004-09-01,0.17,3.8487076162528,0.47436040676198665,57.7
2004-10-01,0.43,4.143707818439446,9.951618707234179,58.4
2004-11-01,0.04,4.143707818439446,0.08166876059427786,60.1
2004-12-01,0.85,4.143707818439446,2.1952521666662284,66.3
2005-01-01,0.19,4.5118422661180935,-1.4770082743579938,57.9
2005-02-01,0.4,4.5118422661180935,7.660435846597191,55.9
2005-03-01,-0.28,4.5118422661180935,1.3666751493019325,57.7
2005-04-01,0.57,1.9851064291597664,-2.501912080084412,53.4
2005-05-01,-0.02,1.9851064291597664,3.756180915055185,51.8
2005-06-01,0.41,1.9851064291597664,10.77448472062066,55.7
2005-07-01,-0.05,3.172311000902628,-2.1153157897933927,57.2
2005-08-01,0.21,3.172311000902628,2.3763893030038785,57.8
2005-09-01,-0.62,3.172311000902628,-15.448987229231392,60.9
2005-10-01,0.65,2.2406507440459578,-65.9704945867572,61.4
2005-11-01,0.75,2.2406507440459578,12.735010423636206,61.2
2005-12-01,0.33,2.2406507440459578,9.199086927335841,60.1
2006-01-01,0.47,5.491115888112441,5.685910012838558,58.9
2006-02-01,0.1,5.491115888112441,6.832494745013884,61.0
2006-03-01,0.22,5.491115888112441,3.639486120521962,57.0
2006-04-01,-0.09,1.0390351677306064,11.980400472856644,55.7
2006-05-01,0.02,1.0390351677306064,-1.7316555519613752,54.9
2006-06-01,0.03,1.0390351677306064,12.557272603681024,55.0
2006-07-01,-0.28,0.6011742586201629,3.4418907179901703,55.8
2006-08-01,0.18,0.6011742586201629,1.887008928049938,55.3
2006-09-01,0.0,0.6011742586201629,-5.8793431737936945,54.8
2006-10-01,-0.27,3.4823729200428755,5.745358707283876,54.1
2006-11-01,-0.11,3.4823729200428755,-13.253928634611823,50.8
2006-12-01,0.77,3.4823729200428755,1.2874184897757601,51.4
2007-01-01,-0.48,1.2087836914185912,-5.352680319190261,52.2
2007-02-01,0.2,1.2087836914185912,13.833964751656836,55.1
2007-03-01,0.24,1.2087836914185912,-6.746877376480653,50.2
2007-04-01,-0.1,2.4695947150627617,6.0029909982497465,57.4
2007-05-01,0.05,2.4695947150627617,-3.6068717344195145,58.6
2007-06-01,-0.02,2.4695947150627617,7.503467409083764,57.7
2007-07-01,-0.4,2.3240880884577653,5.311625189015645,58.6
2007-08-01,-0.07,2.3240880884577653,6.1198943852234455,54.4
2007-09-01,-0.08,2.3240880884577653,-0.7149695782380672,54.4
2007-10-01,-0.27,2.5367271478347497,-3.7260939696735274,56.4
2007-11-01,-0.08,2.5367271478347497,-0.982949286859458,52.4
2007-12-01,-0.44,2.5367271478347497,0.6911940299681785,46.5
2008-01-01,-0.23,-1.6961606735480972,2.8381188310680594,48.0
2008-02-01,-0.79,-1.6961606735480972,-5.862897468641604,46.4
2008-03-01,-0.79,-1.6961606735480972,-15.024154837130643,45.6
2008-04-01,-0.67,2.403069701864058,-9.68096453718762,46.5
2008-05-01,-0.84,2.403069701864058,-2.934395313542182,48.5
2008-06-01,-0.71,2.403069701864058,9.242294039010046,49.7
2008-07-01,-1.21,-2.0845363314131338,1.2617461135733699,47.0
2008-08-01,-1.25,-2.0845363314131338,-15.313856526784031,46.7
2008-09-01,-2.58,-2.0845363314131338,-28.567609559621665,41.8
2008-10-01,-1.13,-8.472768957225274,0.35188180810301617,33.2
2008-11-01,-2.34,-8.472768957225274,-12.310660173087928,27.6
2008-12-01,-2.67,-8.472768957225274,-25.060338049192165,23.2
2009-01-01,-3.03,-4.462803810727223,-23.251394841782002,31.8
2009-02-01,-1.24,-4.462803810727223,-17.456504018441056,32.8
2009-03-01,-2.34,-4.462803810727223,-24.924707826752567,40.3
2009-04-01,-1.61,-0.7126911125331037,-3.673134349581242,46.5
2009-05-01,-1.19,-0.7126911125331037,-14.21157420609801,49.0
2009-06-01,-0.93,-0.7126911125331037,-5.417389804291062,51.7
2009-07-01,0.14,1.4121870876976361,7.470923236930305,57.6
2009-08-01,0.0,1.4121870876976361,20.030097068050058,66.6
2009-09-01,-0.21,1.4121870876976361,13.310317076858812,63.3
2009-10-01,-0.29,4.394263592305325,2.028320674135009,59.9
2009-11-01,0.06,4.394263592305325,10.348832939437425,60.6
2009-12-01,-0.28,4.394263592305325,10.94601592122222,63.0
2010-01-01,0.16,1.952133820572155,9.315995610709571,62.9
2010-02-01,-0.35,1.952133820572155,-0.7738744058990887,57.1
2010-03-01,0.48,1.952133820572155,7.669587842395464,61.4
2010-04-01,0.4,3.926881074055233,8.035974321123884,62.4
2010-05-01,0.3,3.926881074055233,15.982228843755507,63.1
2010-06-01,-0.17,3.926881074055233,-74.02846493411461,60.0
2010-07-01,0.15,3.1201978026194954,11.819579136334802,57.0
2010-08-01,-0.16,3.1201978026194954,-2.434061913724217,56.9
2010-09-01,-0.19,3.1201978026194954,-0.24562126342783097,53.5
2010-10-01,-0.12,2.117043484228409,2.409724119308798,59.5
2010-11-01,-0.19,2.117043484228409,6.902171591925899,57.9
2010-12-01,0.09,2.117043484228409,13.261882545879589,59.8
2011-01-01,0.03,-0.9454489541211974,3.4637404997584387,62.1
2011-02-01,-0.38,-0.9454489541211974,4.370852030730887,61.9
2011-03-01,0.41,-0.9454489541211974,-21.37623948425911,61.7
2011-04-01,-0.48,2.7339190839842376,-6.146041541035596,62.1
2011-05-01,-0.34,2.7339190839842376,-1.478653009095865,53.9
2011-06-01,0.01,2.7339190839842376,1.148160820297539,55.9
2011-07-01,0.17,-0.08922107662069356,14.885629233974784,54.4
2011-08-01,0.01,-0.08922107662069356,-1.4005562464742605,51.3
2011-09-01,-0.27,-0.08922107662069356,1.8426519267615182,51.3
2011-10-01,0.16,4.568438742179692,6.945297105277826,51.2
2011-11-01,-0.35,4.568438742179692,1.4372655415636926,54.0
2011-12-01,0.28,4.568438742179692,6.048442933729348,55.3
2012-01-01,0.36,3.396793738645587,8.010697982295412,55.2
2012-02-01,0.0,3.396793738645587,3.406615721077655,55.9
2012-03-01,-0.39,3.396793738645587,5.0414648588001265,55.9
2012-04-01,0.06,1.7973274732638433,11.01796028489781,57.3
2012-05-01,-0.17,1.7973274732638433,-1.5654411646201072,58.9
2012-06-01,-0.32,1.7973274732638433,1.7970195761615848,51.5
2012-07-01,-0.28,0.5773578286532466,7.777291891309535,49.2
2012-08-01,-0.45,0.5773578286532466,-13.947655826618277,48.4
2012-09-01,-0.11,0.5773578286532466,2.6670442145008355,53.0
2012-10-01,-0.26,0.4633651980530562,-5.365406335517909,50.2
2012-11-01,0.28,0.4633651980530562,12.063387198939179,49.5
2012-12-01,0.14,0.4633651980530562,7.4285642365196525,50.3
2013-01-01,-0.33,4.005025807945661,6.656465910895482,51.6
2013-02-01,0.23,4.005025807945661,11.186037770470914,57.0
2013-03-01,-0.26,4.005025807945661,-0.24094801499427998,52.7
2013-04-01,-0.29,1.0748507650766292,-8.488145774665146,50.6
2013-05-01,0.14,1.0748507650766292,-0.8835450920305687,51.1
2013-06-01,-0.14,1.0748507650766292,4.771338503906697,55.9
2013-07-01,-0.52,3.4493139225505898,-1.30892663155725,58.0
2013-08-01,0.3,3.4493139225505898,5.108879594321647,61.5
2013-09-01,0.1,3.4493139225505898,8.60717457064506,60.7
2013-10-01,0.01,3.532828598657445,-0.7899771255243104,58.9
2013-11-01,0.3,3.532828598657445,16.834213990997693,60.2
2013-12-01,-0.15,3.532828598657445,5.842659995509325,64.9
2014-01-01,-0.7,-1.3732548917761767,-8.361542576115422,52.8
2014-02-01,0.44,-1.3732548917761767,7.396113871693477,56.1
2014-03-01,0.48,-1.3732548917761767,20.75487330872501,56.4
2014-04-01,0.05,5.268365026582655,-5.592266501342236,56.2
2014-05-01,0.12,5.268365026582655,11.226114942192256,58.7
2014-06-01,0.14,5.268365026582655,3.0124919293069263,59.1
2014-07-01,0.3,4.950916534930627,5.600986157966137,62.0
2014-08-01,-0.23,4.950916534930627,-3.09353644480731,63.9
2014-09-01,0.01,4.950916534930627,11.612802824499058,60.0
2014-10-01,0.04,2.0383303103057804,-2.43915988055583,65.8
2014-11-01,0.27,2.0383303103057804,22.727762687932753,66.0
2014-12-01,0.06,2.0383303103057804,-1.6779098593860953,57.3
2015-01-01,-0.26,3.650885031119766,-3.585498449099489,52.9
2015-02-01,-0.48,3.650885031119766,-4.265062997641833,52.5
2015-03-01,0.01,3.650885031119766,-6.455024522785036,51.8
2015-04-01,-0.01,2.5007353109643082,-0.42685381233394937,53.5
2015-05-01,-0.34,2.5007353109643082,-0.872713483606602,55.8
2015-06-01,-0.14,2.5007353109643082,7.1268840310253045,56.0
2015-07-01,0.35,1.6106176842981101,22.057959630776747,56.5
2015-08-01,-0.28,1.6106176842981101,-4.351127382297948,51.7
2015-09-01,-0.12,1.6106176842981101,0.13905097341051498,50.1
2015-10-01,-0.26,0.7399609712167354,1.359766759241654,52.9
2015-11-01,-0.36,0.7399609712167354,-7.334396867843996,48.9
2015-12-01,-0.3,0.7399609712167354,-5.613946165298289,49.2
2016-01-01,0.09,2.3383061524439253,9.754009531012287,51.5
2016-02-01,-0.23,2.3383061524439253,-5.68840339361908,51.5
2016-03-01,-0.33,2.3383061524439253,-28.667998506406633,58.3
2016-04-01,-0.1,1.2906967702374539,9.327528412104824,55.8
2016-05-01,-0.35,1.2906967702374539,-6.636752121663769,55.7
2016-06-01,0.13,1.2906967702374539,6.950666432087904,57.0
2016-07-01,0.05,2.8678981414693494,9.366847421415514,56.9
2016-08-01,-0.22,2.8678981414693494,-5.706981034140268,49.1
2016-09-01,-0.09,2.8678981414693494,-1.9997926834835034,55.1
2016-10-01,-0.07,2.235699518586598,0.492733249926669,52.1
2016-11-01,-0.22,2.235699518586598,-4.61565189163996,53.0
2016-12-01,0.39,2.235699518586598,8.547663252269988,60.2
2017-01-01,-0.12,1.9618307902452337,-0.18803488426764048,60.4
2017-02-01,-0.09,1.9618307902452337,2.1007828648072824,65.1
2017-03-01,0.02,1.9618307902452337,-7.0515906122077805,64.5
2017-04-01,0.34,2.258367983115228,12.467941608233701,57.5
2017-05-01,0.02,2.258367983115228,-1.08697001298238,59.5
2017-06-01,0.16,2.258367983115228,1.5139986816002482,63.5
2017-07-01,-0.16,3.1915992394406345,3.6625926179463697,60.4
2017-08-01,0.01,3.1915992394406345,-8.066862487161618,60.3
2017-09-01,0.18,3.1915992394406345,-1.1657805100404817,64.6
2017-10-01,0.54,4.584974811729059,18.762510032689626,63.4
2017-11-01,0.23,4.584974811729059,2.8631716531171136,64.0
2017-12-01,0.2,4.584974811729059,12.718130909569613,69.4
2018-01-01,-0.23,3.293553047698339,-2.433537501284899,65.4
2018-02-01,0.47,3.293553047698339,11.479587038835803,64.2
2018-03-01,0.1,3.293553047698339,-11.065312557642637,61.9
2018-04-01,0.39,2.1402669926408935,1.563064834875938,61.2
2018-05-01,-0.14,2.1402669926408935,-0.05031219075446458,63.7
2018-06-01,0.21,2.1402669926408935,4.7225095925784055,63.5
2018-07-01,0.05,2.5182268082057035,3.2205428109152834,60.2
2018-08-01,0.3,2.5182268082057035,2.617581430367233,65.1
2018-09-01,0.02,2.5182268082057035,2.8130039894327385,61.8
2018-10-01,-0.21,0.5677817986818878,6.645405405259641,57.4
2018-11-01,0.01,0.5677817986818878,3.6657269609345677,62.1
2018-12-01,-0.13,0.5677817986818878,6.267883196033885,51.1
2019-01-01,-0.36,2.520756202743435,-5.364161028333303,58.2
2019-02-01,-0.41,2.520756202743435,2.4737795279494046,55.5
2019-03-01,-0.1,2.520756202743435,6.228610247964617,57.4
2019-04-01,-0.51,3.3826649590035895,-10.749239992683467,51.7
2019-05-01,0.02,3.3826649590035895,4.288239186731979,52.7
2019-06-01,0.04,3.3826649590035895,0.3510420282631932,50.0
2019-07-01,-0.36,4.762784209178728,-4.512432949240763,50.8
2019-08-01,0.17,4.762784209178728,8.503072249012455,47.2
2019-09-01,-0.43,4.762784209178728,-4.313996752859161,47.3
2019-10-01,-0.78,2.755535957854649,-8.885888136450292,49.1
2019-11-01,0.2,2.755535957854649,11.68725246402924,47.2
2019-12-01,-0.35,2.755535957854649,-2.637232560737035,46.8
2020-01-01,-0.25,-5.16223383893778,-2.49742591581098,52.0
2020-02-01,0.07,-5.16223383893778,4.495438015844466,49.8
2020-03-01,-4.37,-5.16223383893778,-48.75903020814921,42.2
2020-04-01,-18.27,-27.97614656719044,-74.21509490606246,27.1
2020-05-01,4.75,-27.97614656719044,-0.5378097793875769,31.8
2020-06-01,6.31,-27.97614656719044,85.91455792409496,56.4
2020-07-01,2.64,34.8550059746765,38.938504377532965,61.5
2020-08-01,1.26,34.8550059746765,15.280258724005403,67.6
2020-09-01,0.5,34.8550059746765,1.7302161455315046,60.2
2020-10-01,1.01,4.611736044615711,22.05460207935175,67.9
2020-11-01,0.28,4.611736044615711,9.410478265564738,65.1
2020-12-01,0.68,4.611736044615711,22.071639201728544,67.9
2021-01-01,0.86,5.701255644273506,17.888478406786334,61.1
2021-02-01,-1.84,5.701255644273506,-24.936958531102647,64.8
2021-03-01,2.4,5.701255644273506,11.205867744653485,68.0
2021-04-01,0.12,6.983331307653917,8.61599944899718,64.3
2021-05-01,0.22,6.983331307653917,-52.850331322498874,67.0
2021-06-01,0.33,6.983331307653917,2.909008172921923,66.0
2021-07-01,0.75,3.34127932577879,12.933532468533372,64.9
2021-08-01,-0.04,3.34127932577879,5.848853916217811,66.7
2021-09-01,-0.14,3.34127932577879,-17.117148477512533,66.7
2021-10-01,0.93,7.0416786109130936,20.88186038805575,59.8
2021-11-01,0.65,7.0416786109130936,8.25921621465695,61.5
2021-12-01,0.17,7.0416786109130936,-4.509944136531619,60.4
2022-01-01,-0.04,-1.0153057807451127,20.211443083561132,57.9
2022-02-01,0.39,-1.0153057807451127,1.3231500272126384,61.7
2022-03-01,0.42,-1.0153057807451127,12.274604185981897,53.8
2022-04-01,0.0,0.6276599617172085,12.249911989743033,53.5
2022-05-01,-0.42,0.6276599617172085,1.7202783157161727,55.1
2022-06-01,-0.25,0.6276599617172085,-14.609956418151826,49.2
2022-07-01,0.2,2.9190173117406015,5.210673090726647,48.0
2022-08-01,0.04,2.9190173117406015,-2.9488577354421897,51.3
2022-09-01,0.0,2.9190173117406015,7.47333278057698,47.1
2022-10-01,0.04,2.7896792303830242,-5.414879823293372,49.2
2022-11-01,-0.6,2.7896792303830242,-1.9527024134787463,47.2
2022-12-01,-0.46,2.7896792303830242,-11.762869731964242,45.2
2023-01-01,0.56,2.9269931752128775,-5.436566506799034,42.5
2023-02-01,-0.43,2.9269931752128775,-3.51460127600568,47.0
2023-03-01,-0.41,2.9269931752128775,4.531597017002409,44.3
2023-04-01,0.04,2.5352403907615395,0.16318787883546904,45.7
2023-05-01,-0.18,2.5352403907615395,-0.33837226369040074,42.6
2023-06-01,-0.41,2.5352403907615395,-8.54475077701119,45.6
2023-07-01,0.13,4.694888429547928,7.887222863547105,47.3
2023-08-01,-0.17,4.694888429547928,7.137974022844573,46.8
2023-09-01,-0.03,4.694888429547928,1.434429582681851,49.2
2023-10-01,-0.51,3.4192155752948095,-9.975480912799206,45.5
2023-11-01,0.14,3.4192155752948095,-0.5012394282642774,48.3
2023-12-01,-0.12,3.4192155752948095,-2.096368913466573,47.1
2024-01-01,-0.99,0.8420915771010673,1.0577456848065436,52.5
2024-02-01,0.26,0.8420915771010673,-2.801519245715689,49.2
2024-03-01,-0.13,0.8420915771010673,3.895434074819737,51.4
2024-04-01,-0.37,3.5892686664036777,1.2295796253855906,49.1
2024-05-01,0.15,3.5892686664036777,6.814610961636802,45.4
2024-06-01,-0.22,3.5892686664036777,8.01099184757501,49.3
2024-07-01,-0.39,3.340152501559479,-12.035436815151112,47.4
2024-08-01,-0.08,3.340152501559479,2.9574514261389684,44.6
2024-09-01,-0.29,3.340152501559479,-5.63277777190383,46.1
2024-10-01,-0.56,1.8522267738050768,-4.143185032703089,47.1
2024-11-01,-0.06,1.8522267738050768,-3.6723090902658684,50.4
2024-12-01,0.33,1.8522267738050768,15.50431374471204,52.5
2025-01-01,-0.5,-0.6484826392524012,3.7467708191201154,55.1
2025-02-01,0.39,-0.6484826392524012,8.363907950501549,48.6
2025-03-01,0.15,-0.6484826392524012,-3.589993018921378,45.2
2025-04-01,-0.36,3.8380332333819878,-0.10736926453255302,47.2
2025-05-01,-0.29,3.8380332333819878,-3.2441570402365394,47.6
2025-06-01,-0.07,3.8380332333819878,4.881857740137474,46.4
2025-07-01,0.01,4.3753962528715995,-0.23511480377038652,47.1
2025-08-01,-0.36,4.3753962528715995,-0.7635664906831763,51.4
2025-09-01,-0.31,4.3753962528715995,-25.271803019346763,48.9
2025-10-01,-0.51,0.6528975912499346,2.248263085278457,49.4
2025-11-01,-0.13,0.6528975912499346,2.1163823170977203,47.4
2025-12-01,-0.12,0.6528975912499346,6.4487275582872705,47.7
2026-01-01,0.2,,0.19014841351079337,57.1
2026-02-01,-0.11,,2.487933385858909,55.8
