date,cpi_amom,ppi_amom,si_diff
1913-01-01,,,
1913-02-01,,-9.47875702093668,
1913-03-01,,0.0,
1913-04-01,,0.0,
1913-05-01,,-9.554162585016023,
1913-06-01,,0.0,
1913-07-01,,10.563407734487074,
1913-08-01,,0.0,
1913-09-01,,21.93910849052316,
1913-10-01,,0.0,
1913-11-01,,-9.404531399608175,
1913-12-01,,-18.127303749133794,
1914-01-01,,-9.630776426438103,
1914-02-01,,0.0,
1914-03-01,,-9.708627793411374,
1914-04-01,,0.0,
1914-05-01,,-9.787746884842196,
1914-06-01,,0.0,
1914-07-01,,0.0,
1914-08-01,,50.20316426161862,
1914-09-01,,10.471306744129683,
1914-10-01,,-33.19547241927893,
1914-11-01,,0.0,
1914-12-01,,-9.787746884842196,
1915-01-01,,22.768858257438794,
1915-02-01,,0.0,
1915-03-01,,0.0,
1915-04-01,,0.0,
1915-05-01,,10.65714194014129,
1915-06-01,,-9.630776426438103,
1915-07-01,,10.65714194014129,
1915-08-01,,-9.630776426438103,
1915-09-01,,0.0,
1915-10-01,,35.157564129898255,
1915-11-01,,21.741008039426156,
1915-12-01,,61.30888842707112,
1916-01-01,,58.37989686796086,
1916-02-01,,19.614968526385447,
1916-03-01,,41.96208888819379,
1916-04-01,,18.700281478651238,
1916-05-01,,8.850588334168364,
1916-06-01,,8.785826836772138,
1916-07-01,,8.722005678354595,
1916-08-01,,28.07315606571219,
1916-09-01,,27.434521242337716,
1916-10-01,,72.86247238036765,
1916-11-01,,125.38009198284774,
1916-12-01,,23.663616743151515,
1917-01-01,,41.318392624586586,
1917-02-01,,30.953782579305788,
1917-03-01,,38.92828659864207,
1917-04-01,,112.58566358899441,
1917-05-01,,91.93991830240016,
1917-06-01,,12.168656270311761,
1917-07-01,,12.046628824290174,
1917-08-01,,18.36714915089306,
1917-09-01,,-10.609015107221643,
1917-10-01,,-10.703544130102117,
1917-11-01,,5.837815541328517,
1917-12-01,,0.0,
1918-01-01,,25.145340033414953,
1918-02-01,,-24.500434936434466,
1918-03-01,,47.94096924460669,
1918-04-01,,17.822805874120284,
1918-05-01,,0.0,
1918-06-01,,5.567055719179859,
1918-07-01,,30.639525076826747,
1918-08-01,,29.880972671368756,
1918-09-01,,29.158898750870076,
1918-10-01,,-9.669545554527904,
1918-11-01,,0.0,
1918-12-01,,0.0,
1919-01-01,,-14.288031103567889,
1919-02-01,,-34.367280251725006,
1919-03-01,,11.256411961564016,
1919-04-01,,17.145205431852872,
1919-05-01,,23.096375119696265,
1919-06-01,,5.273542313920521,
1919-07-01,,57.284162530582435,
1919-08-01,,34.003728404498304,
1919-09-01,,-25.375210682090955,
1919-10-01,,5.051590692686392,
1919-11-01,,27.559923196696023,
1919-12-01,,67.99177176221167,
1920-01-01,,71.84886683478342,
1920-02-01,,-4.323640479133184,
1920-03-01,,9.224552485742787,
1920-04-01,,67.56625193330596,
1920-05-01,,13.38915869602506,
1920-06-01,,-4.08800872158086,
1920-07-01,,-4.101980811163286,
1920-08-01,,-28.854873899655143,
1920-09-01,,-35.57120968250016,
1920-10-01,,-58.62151013070628,
1920-11-01,,-61.42180827890393,
1920-12-01,,-70.07556306704797,
1921-01-01,,-50.98682495991087,
1921-02-01,,-61.534618675297935,
1921-03-01,,-23.522039469480085,
1921-04-01,,-38.38196277914394,
1921-05-01,,-24.853285075540544,
1921-06-01,,-30.71911035117516,
1921-07-01,,0.0,
1921-08-01,,0.0,
1921-09-01,,0.0,
1921-10-01,,7.713381996350699,
1921-11-01,,0.0,
1921-12-01,,-13.849139957546164,
1922-01-01,,-20.318768608950645,
1922-02-01,,25.50006852834983,
1922-03-01,,0.0,
1922-04-01,,7.763259885603113,
1922-05-01,,44.339947865689865,
1922-06-01,,0.0,
1922-07-01,,42.776347686793194,
1922-08-01,,-6.796175844670326,
1922-09-01,,7.291734975749509,
1922-10-01,,7.2477125866851955,
1922-11-01,,7.204218356180525,
1922-12-01,,0.0,
1923-01-01,,22.913270954639465,
1923-02-01,,14.521760049116562,
1923-03-01,,14.34838455429055,
1923-04-01,,-6.466688516576924,
1923-05-01,,-23.75344737567412,
1923-06-01,,-12.884255337413798,
1923-07-01,,-18.934919371425853,
1923-08-01,,-6.834869030185542,
1923-09-01,,23.50965469403137,
1923-10-01,,-6.757918105551219,
1923-11-01,,-6.796175844670326,
1923-12-01,,-6.834869030185542,
1924-01-01,,23.50965469403137,
1924-02-01,,0.0,
1924-03-01,,-13.094813952329432,
1924-04-01,,-19.23734319931456,
1924-05-01,,-13.461437504237994,
1924-06-01,,-7.035134349250793,
1924-07-01,,7.567519513963883,
1924-08-01,,15.55542074655687,
1924-09-01,,0.0,
1924-10-01,,15.356694121315307,
1924-11-01,,15.162973377359457,
1924-12-01,,31.97852171126221,
1925-01-01,,14.61002627815786,
1925-02-01,,14.434552443404257,
1925-03-01,,0.0,
1925-04-01,,-23.75344737567412,
1925-05-01,,0.0,
1925-06-01,,14.61002627815786,
1925-07-01,,22.346307030608536,
1925-08-01,,-6.466688516576924,
1925-09-01,,-6.501712613584864,
1925-10-01,,0.0,
1925-11-01,,14.34838455429055,
1925-12-01,,-12.547955627198304,
1926-01-01,,0.0,
1926-02-01,,-12.680350042549504,
1926-03-01,,-18.641820184816027,
1926-04-01,,0.0,
1926-05-01,,0.0,
1926-06-01,,0.0,
1926-07-01,,-13.023868534112493,
1926-08-01,,0.0,
1926-09-01,,7.2477125866851955,
1926-10-01,,-6.757918105551219,
1926-11-01,,-6.796175844670326,
1926-12-01,,-6.834869030185542,
1927-01-01,,-30.259393290459048,
1927-02-01,,15.656722201122042,
1927-03-01,,-6.99414831512446,
1927-04-01,,-13.613889147796653,
1927-05-01,,-7.118563905652387,
1927-06-01,,0.0,
1927-07-01,,0.0,
1927-08-01,,15.86332887030315,
1927-09-01,,15.656722201122042,
1927-10-01,,7.473303233376671,
1927-11-01,,-6.953636864727663,
1927-12-01,,0.0,
1928-01-01,,0.0,
1928-02-01,,-6.99414831512446,
1928-03-01,,0.0,
1928-04-01,,15.55542074655687,
1928-05-01,,7.427069043158729,
1928-06-01,,-6.913591806339648,
1928-07-01,,7.427069043158729,
1928-08-01,,0.0,
1928-09-01,,15.25921989340786,
1928-10-01,,-19.23734319931456,
1928-11-01,,-13.461437504237994,
1928-12-01,,0.0,
1929-01-01,,0.0,
1929-02-01,,-7.035134349250793,
1929-03-01,,15.656722201122042,
1929-04-01,,-6.99414831512446,
1929-05-01,,-13.613889147796653,
1929-06-01,,7.615523761454424,
1929-07-01,,15.656722201122042,
1929-08-01,,0.0,
1929-09-01,,0.0,
1929-10-01,,-13.53723493382043,
1929-11-01,,-19.87199392039273,
1929-12-01,,0.0,
1930-01-01,,-13.929370468296831,
1930-02-01,,-14.092647114781887,
1930-03-01,,-14.259788764714877,
1930-04-01,,0.0,
1930-05-01,,-14.430933971224636,
1930-06-01,,-21.1506824418344,
1930-07-01,,-33.423506427718394,
1930-08-01,,0.0,
1930-09-01,,0.0,
1930-10-01,,-15.352054305210638,
1930-11-01,,-22.463895361473398,
1930-12-01,,-22.890057773175442,
1931-01-01,,-16.17792334929753,
1931-02-01,,-23.63718097303543,
1931-03-01,,-8.72152547580649,
1931-04-01,,-16.85790267643652,
1931-05-01,,-24.600230568937896,
1931-06-01,,-17.46965120881422,
1931-07-01,,0.0,
1931-08-01,,0.0,
1931-09-01,,-9.259511004375687,
1931-10-01,,-17.85840974175702,
1931-11-01,,0.0,
1931-12-01,,-26.01228007935149,
1932-01-01,,-18.546118763843022,
1932-02-01,,-18.836204992386296,
1932-03-01,,0.0,
1932-04-01,,-10.03302758592075,
1932-05-01,,-19.288684912512856,
1932-06-01,,-10.290904794539212,
1932-07-01,,11.471417442088638,
1932-08-01,,11.362898648891552,
1932-09-01,,11.256411961564016,
1932-10-01,,-19.288684912512856,
1932-11-01,,-10.290904794539212,
1932-12-01,,-19.76333965441831,
1933-01-01,,-28.684074438517126,
1933-02-01,,-20.60829888300255,
1933-03-01,,12.293178564408969,
1933-04-01,,0.0,
1933-05-01,,57.284162530582435,
1933-06-01,,54.7145669994876,
1933-07-01,,106.98899917795224,
1933-08-01,,10.563407734487074,
1933-09-01,,21.93910849052316,
1933-10-01,,10.291836712158787,
1933-11-01,,0.0,
1933-12-01,,-9.331458264693337,
1934-01-01,,21.546442974841295,
1934-02-01,,33.22460139777752,
1934-03-01,,0.0,
1934-04-01,,0.0,
1934-05-01,,0.0,
1934-06-01,,20.62348510015106,
1934-07-01,,0.0,
1934-08-01,,31.76821138293533,
1934-09-01,,19.77616560727007,
1934-10-01,,-16.51093563314886,
1934-11-01,,0.0,
1934-12-01,,9.479427359811865,
1935-01-01,,30.691459756736663,
1935-02-01,,9.189255661621809,
1935-03-01,,0.0,
1935-04-01,,9.119465732535836,
1935-05-01,,0.0,
1935-06-01,,0.0,
1935-07-01,,-8.357322565057945,
1935-08-01,,18.995570962800066,
1935-09-01,,0.0,
1935-10-01,,0.0,
1935-11-01,,0.0,
1935-12-01,,8.983016670977184,
1936-01-01,,-8.242583978104756,
1936-02-01,,0.0,
1936-03-01,,-15.963258807958859,
1936-04-01,,0.0,
1936-05-01,,-16.17792334929753,
1936-06-01,,19.300313229786823,
1936-07-01,,18.995570962800066,
1936-08-01,,8.983016670977184,
1936-09-01,,0.0,
1936-10-01,,0.0,
1936-11-01,,18.55604541935407,
1936-12-01,,28.515613632273528,
1937-01-01,,27.857014091133237,
1937-02-01,,8.41631360183075,
1937-03-01,,17.351365272468456,
1937-04-01,,8.242966953375742,
1937-05-01,,-7.6152448379636635,
1937-06-01,,-7.6638545341703335,
1937-07-01,,17.22707982588738,
1937-08-01,,-7.6152448379636635,
1937-09-01,,0.0,
1937-10-01,,-27.542282447754328,
1937-11-01,,-21.919625414172117,
1937-12-01,,-22.325324654801047,
1938-01-01,,-8.186387333396361,
1938-02-01,,-15.858043015422007,
1938-03-01,,-8.357322565057945,
1938-04-01,,-16.17792334929753,
1938-05-01,,0.0,
1938-06-01,,0.0,
1938-07-01,,9.260121343348127,
1938-08-01,,-16.28742906783759,
1938-09-01,,9.332087828462864,
1938-10-01,,-8.535543419882929,
1938-11-01,,0.0,
1938-12-01,,-8.596650423106844,
1939-01-01,,0.0,
1939-02-01,,0.0,
1939-03-01,,-8.65863805503555,
1939-04-01,,-8.72152547580649,
1939-05-01,,0.0,
1939-06-01,,-8.785332404998902,
1939-07-01,,0.0,
1939-08-01,,-8.85007914218403,
1939-09-01,,88.5343017498049,
1939-10-01,,9.189255661621809,
1939-11-01,,-8.415897338928103,
1939-12-01,,9.189255661621809,
1940-01-01,,0.0,
1940-02-01,,-8.415897338928103,
1940-03-01,,-8.475298424983846,
1940-04-01,,0.0,
1940-05-01,,0.0,
1940-06-01,,-8.535543419882929,
1940-07-01,,0.0,
1940-08-01,,0.0,
1940-09-01,,0.0,
1940-10-01,,19.45637182859481,
1940-11-01,,9.189255661621809,
1940-12-01,,9.119465732535836,
1941-01-01,,9.05072725930669,
1941-02-01,,0.0,
1941-03-01,,8.983016670977184,
1941-04-01,,40.22113463813655,
1941-05-01,,18.000640400771562,
1941-06-01,,38.31231145693459,
1941-07-01,,26.824179456254548,
1941-08-01,,26.24029782269741,
1941-09-01,,16.517152661885493,
1941-10-01,,7.864975308054145,
1941-11-01,,0.0,
1941-12-01,,25.145340033414953,
1942-01-01,,24.631308892091532,
1942-02-01,,15.55542074655687,
1942-03-01,,7.427069043158729,
1942-04-01,,15.25921989340786,
1942-05-01,,0.0,
1942-06-01,,0.0,
1942-07-01,,0.0,
1942-08-01,,7.291734975749509,
1942-09-01,,7.2477125866851955,
1942-10-01,,0.0,
1942-11-01,,7.204218356180525,
1942-12-01,,7.161242839530191,
1943-01-01,,7.11877681580777,
1943-02-01,,14.61002627815786,
1943-03-01,,6.994346712892052,
1943-04-01,,6.953830701426966,
1943-05-01,,0.0,
1943-06-01,,0.0,
1943-07-01,,-6.501712613584864,
1943-08-01,,0.0,
1943-09-01,,0.0,
1943-10-01,,0.0,
1943-11-01,,-6.537118013964527,
1943-12-01,,6.994346712892052,
1944-01-01,,0.0,
1944-02-01,,0.0,
1944-03-01,,6.953830701426966,
1944-04-01,,0.0,
1944-05-01,,0.0,
1944-06-01,,6.913781212293513,
1944-07-01,,-6.466688516576924,
1944-08-01,,0.0,
1944-09-01,,0.0,
1944-10-01,,0.0,
1944-11-01,,6.913781212293513,
1944-12-01,,0.0,
1945-01-01,,6.8741902366878715,
1945-02-01,,0.0,
1945-03-01,,0.0,
1945-04-01,,6.835049948020866,
1945-05-01,,6.79635269676595,
1945-06-01,,0.0,
1945-07-01,,0.0,
1945-08-01,,-6.363843450780992,
1945-09-01,,-6.397759865649288,
1945-10-01,,6.835049948020866,
1945-11-01,,14.013747402547772,
1945-12-01,,0.0,
1946-01-01,,0.0,
1946-02-01,,6.720257563998944,
1946-03-01,,21.29236113742312,
1946-04-01,,13.540034086070518,
1946-05-01,,6.501860728058628,
1946-06-01,,20.56475062419065,
1946-07-01,,243.27388077163783,
1946-08-01,,46.883892966646016,
1946-09-01,,-35.623170127554104,
1946-10-01,,150.25253098926362,
1946-11-01,,66.28793959894867,
1946-12-01,,10.42585543312715,
1947-01-01,,10.336125434125165,
1947-02-01,,10.247925628295175,
1947-03-01,,33.377574370501705,
1947-04-01,,-9.084401162024381,
1947-05-01,,-4.67749509826576,
1947-06-01,,0.0,
1947-07-01,,15.389462418258603,
1947-08-01,,15.19492056967804,
1947-09-01,,26.126546482578107,
1947-10-01,,14.699370497873932,
1947-11-01,,14.52176004911685,
1947-12-01,,24.93718371817637,
1948-01-01,,24.431512567412828,
1948-02-01,,-19.634505812325287,
1948-03-01,,0.0,
1948-04-01,,9.189255661621809,
1948-05-01,,4.468551270302812,
1948-06-01,,9.084966553814432,
1948-07-01,,13.799183838293416,
1948-08-01,,8.91631109552673,
1948-09-01,,-4.173298567072569,
1948-10-01,,-12.085256740060457,
1948-11-01,,0.0,
1948-12-01,,-8.299556992210878,
1949-01-01,,-12.291278658765247,
1949-02-01,,-19.893867643723496,
1949-03-01,,0.0,
1949-04-01,,-12.635909735615936,
1949-05-01,,-8.689968072690412,
1949-06-01,,-12.861276473841432,
1949-07-01,,0.0,
1949-08-01,,0.0,
1949-09-01,,4.714280357390033,
1949-10-01,,-4.50204149930673,
1949-11-01,,0.0,
1949-12-01,,-4.5189924204451675,
1950-01-01,,0.0,
1950-02-01,,9.670271619350256,
1950-03-01,,0.0,
1950-04-01,,0.0,
1950-05-01,,14.699370497873932,
1950-06-01,,9.479427359811865,
1950-07-01,,36.57528797489691,
1950-08-01,,29.80716792978488,
1950-09-01,,23.756962447254402,
1950-10-01,,8.785826836772138,
1950-11-01,,18.136357804316706,
1950-12-01,,33.137812485391294,
1951-01-01,,37.56903167180317,
1951-02-01,,16.924004488435806,
1951-03-01,,0.0,
1951-04-01,,-3.8151117149753055,
1951-05-01,,-3.827278097826481,
1951-06-01,,-7.543474981794818,
1951-07-01,,-7.59117037340461,
1951-08-01,,-7.639472403457159,
1951-09-01,,0.0,
1951-10-01,,0.0,
1951-11-01,,0.0,
1951-12-01,,0.0,
1952-01-01,,-3.9146648076995083,
1952-02-01,,-7.7130884423045165,
1952-03-01,,0.0,
1952-04-01,,-7.762958656517693,
1952-05-01,,0.0,
1952-06-01,,-3.9795672297398665,
1952-07-01,,4.144500409888119,
1952-08-01,,8.41631360183075,
1952-09-01,,-7.762958656517693,
1952-10-01,,-3.9795672297398665,
1952-11-01,,-7.838984283607864,
1952-12-01,,-7.8905002626924015,
1953-01-01,,0.0,
1953-02-01,,0.0,4.5
1953-03-01,,4.202550621133505,
1953-04-01,,-7.916512853199986,
1953-05-01,,4.217318120267111,
1953-06-01,,-4.046657692150834,
1953-07-01,,17.86693495397731,
1953-08-01,,-4.006134716532406,-9.900000000000006
1953-09-01,,4.1733236855316935,
1953-10-01,,-7.864657961401866,
1953-11-01,,-4.033059263984152,-0.09999999999999432
1953-12-01,,4.202550621133505,
1954-01-01,,8.53598389867285,
1954-02-01,,-4.006134716532406,1.2999999999999972
1954-03-01,,0.0,
1954-04-01,,4.1733236855316935,
1954-05-01,,0.0,0.9000000000000057
1954-06-01,,-7.864657961401866,
1954-07-01,,4.1878861677780765,
1954-08-01,,0.0,
1954-09-01,,-4.019551909359276,
1954-10-01,,-4.033059263984152,
1954-11-01,,4.202550621133505,4.099999999999994
1954-12-01,,-7.916512853199986,
1955-01-01,,8.597103670258942,
1955-02-01,,4.1878861677780765,8.900000000000006
1955-03-01,,-4.019551909359276,
1955-04-01,,4.1878861677780765,
1955-05-01,,-7.8905002626924015,3.1999999999999886
1955-06-01,,8.566434825067738,
1955-07-01,,0.0,
1955-08-01,,4.1733236855316935,
1955-09-01,,8.475726581892262,
1955-10-01,,0.0,
1955-11-01,,-3.9795672297398665,0.6000000000000085
1955-12-01,,0.0,
1956-01-01,,8.445915662268021,
1956-02-01,,4.116072490067291,
1956-03-01,,4.102004255610137,
1956-04-01,,8.328738865109187,
1956-05-01,,8.2713607233045,-1.5
1956-06-01,,0.0,
1956-07-01,,-3.8892926721131538,
1956-08-01,,8.242966953375742,1.7000000000000028
1956-09-01,,8.186759957359179,
1956-10-01,,0.0,
1956-11-01,,3.9928278316286425,0.29999999999999716
1956-12-01,,3.9795879976439963,
1957-01-01,,8.076613517952168,
1957-02-01,,0.0,
1957-03-01,,0.0,
1957-04-01,,3.9403900676267867,
1957-05-01,,-3.7910095056052695,-7.299999999999997
1957-06-01,,3.9403900676267867,
1957-07-01,,7.995928389801166,
1957-08-01,,3.9019566944059614,
1957-09-01,,-3.755421763501776,
1957-10-01,,-3.7672098811999732,
1957-11-01,,3.9146842532044035,-9.200000000000003
1957-12-01,,3.9019566944059614,
1958-01-01,,3.8893116182277865,
1958-02-01,,0.0,-5.200000000000003
1958-03-01,,7.890821806073167,
1958-04-01,,-3.7204958803135013,
1958-05-01,,3.864265727509908,2.4000000000000057
1958-06-01,,-3.7204958803135013,
1958-07-01,,0.0,
1958-08-01,,0.0,
1958-09-01,,0.0,
1958-10-01,,-3.7320654446406865,
1958-11-01,,3.876748225541826,9.899999999999991
1958-12-01,,0.0,
1959-01-01,,3.864265727509908,
1959-02-01,,0.0,
1959-03-01,,0.0,
1959-04-01,,3.8518633454167173,
1959-05-01,,0.0,4.5
1959-06-01,,-3.708997817983528,
1959-07-01,,0.0,
1959-08-01,,-3.7204958803135013,
1959-09-01,,3.864265727509908,
1959-10-01,,-3.7204958803135013,
1959-11-01,,-3.7320654446406865,-1.5
1959-12-01,,0.0,
1960-01-01,,3.876748225541826,
1960-02-01,,0.0,6.200000000000003
1960-03-01,,7.864975308054145,
1960-04-01,,0.0,
1960-05-01,,-3.708997817983528,-6.700000000000003
1960-06-01,,0.0,
1960-07-01,,0.0,
1960-08-01,,-3.7204958803135013,3.9000000000000057
1960-09-01,,0.0,
1960-10-01,,3.864265727509908,
1960-11-01,,0.0,-7.1000000000000085
1960-12-01,,0.0,
1961-01-01,,3.8518633454167173,
1961-02-01,,0.0,1.5
1961-03-01,,0.0,
1961-04-01,,-7.291500587278055,
1961-05-01,,-3.7320654446406865,0.9000000000000057
1961-06-01,,-7.358536949231498,
1961-07-01,,7.943027567687544,
1961-08-01,,0.0,6.700000000000003
1961-09-01,,0.0,
1961-10-01,,0.0,
1961-11-01,,0.0,-6.200000000000003
1961-12-01,,3.876748225541826,
1962-01-01,,3.864265727509908,
1962-02-01,,0.0,6.900000000000006
1962-03-01,,0.0,
1962-04-01,,-3.7204958803135013,
1962-05-01,,-3.7320654446406865,-4.5
1962-06-01,,0.0,
1962-07-01,,3.876748225541826,
1962-08-01,,0.0,-3.8000000000000114
1962-09-01,,12.0064945159273,
1962-10-01,,-7.269425602155444,
1962-11-01,,0.0,3.4000000000000057
1962-12-01,,-3.7204958803135013,
1963-01-01,,0.0,
1963-02-01,,-3.7320654446406865,3.4000000000000057
1963-03-01,,0.0,
1963-04-01,,-3.74370717992647,
1963-05-01,,3.8893116182277865,-6.700000000000003
1963-06-01,,3.876748225541826,
1963-07-01,,3.864265727509908,
1963-08-01,,-3.7204958803135013,4.700000000000003
1963-09-01,,0.0,
1963-10-01,,0.0,
1963-11-01,,3.864265727509908,-2.0
1963-12-01,,-3.7204958803135013,
1964-01-01,,7.864975308054145,
1964-02-01,,-7.291500587278055,5.099999999999994
1964-03-01,,0.0,
1964-04-01,,0.0,
1964-05-01,,-3.7320654446406865,-1.0
1964-06-01,,0.0,
1964-07-01,,3.876748225541826,
1964-08-01,,0.0,2.0999999999999943
1964-09-01,,3.864265727509908,
1964-10-01,,0.0,
1964-11-01,,0.0,-0.6999999999999886
1964-12-01,,0.0,
1965-01-01,,3.8518633454167173,
1965-02-01,,3.839540310508971,2.0999999999999943
1965-03-01,,0.0,
1965-04-01,,3.8272958638368104,
1965-05-01,,3.8151292560963945,3.4000000000000057
1965-06-01,,11.80976472702644,
1965-07-01,,0.0,
1965-08-01,,0.0,-2.0
1965-09-01,,0.0,
1965-10-01,,3.7672265575741326,
1965-11-01,,3.7554382320682755,-0.5
1965-12-01,,7.615523761454424,
1966-01-01,,3.7205117445787472,
1966-02-01,,11.50805202922367,-2.9000000000000057
1966-03-01,,0.0,
1966-04-01,,0.0,
1966-05-01,,0.0,-4.299999999999997
1966-06-01,,3.6749411772173612,
1966-07-01,,7.450114438076438,
1966-08-01,,3.6414891052261034,-4.5
1966-09-01,,0.0,
1966-10-01,,-6.913591806339648,
1966-11-01,,-3.534237751966429,-2.9000000000000057
1966-12-01,,0.0,
1967-01-01,,3.6637224125997347,
1967-02-01,,0.0,5.799999999999997
1967-03-01,,-3.534237751966429,
1967-04-01,,-6.973833783397277,
1967-05-01,,7.496636771163345,1.8000000000000114
1967-06-01,,7.450114438076438,
1967-07-01,,0.0,
1967-08-01,,-3.5238603935213053,1.0999999999999943
1967-09-01,,0.0,
1967-10-01,,0.0,
1967-11-01,,0.0,-4.099999999999994
1967-12-01,,11.32718013091283,
1968-01-01,,3.619523988359452,
1968-02-01,,7.3362951986832625,4.299999999999997
1968-03-01,,3.5870686514276606,
1968-04-01,,0.0,
1968-05-01,,3.576379149011477,-4.799999999999997
1968-06-01,,0.0,
1968-07-01,,3.565753160623686,
1968-08-01,,-3.4429848205646207,0.0
1968-09-01,,7.2477125866851955,
1968-10-01,,0.0,
1968-11-01,,3.544689475231566,-0.7000000000000028
1968-12-01,,3.5342506694410414,
1969-01-01,,7.161242839530191,
1969-02-01,,7.11877681580777,6.5
1969-03-01,,7.076811281276507,
1969-04-01,,3.4628656163221194,
1969-05-01,,7.0147822183820985,-6.700000000000003
1969-06-01,,6.974029884055688,
1969-07-01,,3.413616542984732,
1969-08-01,,-3.3009352705171913,-5.099999999999994
1969-09-01,,3.413616542984732,
1969-10-01,,3.403934337798842,
1969-11-01,,6.893928903671065,-6.700000000000003
1969-12-01,,6.854564238673233,
1970-01-01,,6.815646414033272,
1970-02-01,,6.777167866877853,-1.6000000000000085
1970-03-01,,0.0,
1970-04-01,,3.3192043494622903,
1970-05-01,,0.0,-2.6999999999999886
1970-06-01,,3.3100495460305135,
1970-07-01,,6.701499197098126,
1970-08-01,,-6.2806045346366135,2.1999999999999886
1970-09-01,,6.701499197098126,
1970-10-01,,0.0,
1970-11-01,,0.0,-5.199999999999989
1970-12-01,,0.0,
1971-01-01,,6.664294778264068,
1971-02-01,,13.655438207584169,5.699999999999989
1971-03-01,,3.229873602118416,
1971-04-01,,3.221204256347976,
1971-05-01,,6.519516994000929,2.1000000000000085
1971-06-01,,3.1954732002346775,
1971-07-01,,3.1869872828722112,
1971-08-01,,6.44946093156713,1.8999999999999915
1971-09-01,,-6.05870699121096,
1971-10-01,,0.0,
1971-11-01,,0.0,-0.09999999999999432
1971-12-01,,9.815177640357376,
1972-01-01,,6.397898725218587,
1972-02-01,,13.0972635641601,10.799999999999997
1972-03-01,,0.0,
1972-04-01,,3.1045426768735673,
1972-05-01,,6.280733491698798,-4.200000000000003
1972-06-01,,6.248041577290486,
1972-07-01,,9.454548734591173,
1972-08-01,3.009364768232703,3.0415956913506736,6.6000000000000085
1972-09-01,5.683403240841556,3.0339063308601144,
1972-10-01,3.772084227931405,-2.9445708106201507,
1972-11-01,3.2710427556007504,6.151975843556889,-4.5
1972-12-01,2.5826644575967617,26.60221638947684,
1973-01-01,6.507121237382729,15.616043957582315,
1973-02-01,9.79889263298308,25.68119794839012,-8.799999999999997
1973-03-01,10.024111640389965,32.27765129630855,
1973-04-01,7.6458367836261365,5.672289525834651,
1973-05-01,7.303256957605253,27.785701238934358,-4.900000000000006
1973-06-01,6.967465956922325,30.56195008337539,
1973-07-01,2.7571818251830527,-14.725470445610734,
1973-08-01,25.700526537499393,96.50211242318237,-5.0
1973-09-01,3.888139496919907,-18.43961798079956,
1973-10-01,10.38320067669738,-9.807728372230839,
1973-11-01,9.814677832696649,5.308528051246375,4.5
1973-12-01,6.736347914804042,25.86490878448322,
1974-01-01,13.319554083521634,48.94051810667443,
1974-02-01,16.484259506025055,27.434521242337716,-14.700000000000003
1974-03-01,13.66258848309949,15.389462418258603,
1974-04-01,7.09261802437311,9.909671817819742,
1974-05-01,13.521113506350746,20.535508332542474,10.299999999999997
1974-06-01,12.173941230528085,4.73287047864448,
1974-07-01,9.451196764019398,57.284162530582435,
1974-08-01,17.377194516650274,51.431622911396644,-7.699999999999989
1974-09-01,15.933412793198464,0.0,
1974-10-01,10.767383523473217,23.710198031183992,
1974-11-01,9.644602031223194,11.069677800601996,-4.900000000000006
1974-12-01,8.223041318614,-2.070676400422189,
1975-01-01,8.00125723486802,2.1144600251595147,
1975-02-01,7.94828614460763,-4.101980811163286,-1.8999999999999986
1975-03-01,3.8003362982448774,-6.115293868817828,
1975-04-01,6.413322423459489,13.41407094917939,
1975-05-01,4.317281533461337,8.674744659799071,15.199999999999996
1975-06-01,9.671221389806362,2.0923399721681557,
1975-07-01,14.74323095863841,15.483860173473074,
1975-08-01,2.0140442731156227,6.308239153958284,2.9000000000000057
1975-09-01,5.676939644376966,8.445915662268021,
1975-10-01,8.148850748417068,8.386918214384043,
1975-11-01,8.565082848204252,-5.856707946181738,-0.10000000000000853
1975-12-01,6.031194528520367,4.109026332966348,
1976-01-01,5.318328827859342,4.0950061347890365,
1976-02-01,1.4457583032193577,0.0,9.0
1976-03-01,2.173172841268034,2.021836244069841,
1976-04-01,5.128682118101446,12.682503013196978,
1976-05-01,7.367812664534834,4.033081171580166,-1.2999999999999972
1976-06-01,5.820123985644088,8.186759957359179,
1976-07-01,5.792039399728655,8.131313926426698,
1976-08-01,6.505776075703995,-3.827278097826481,6.400000000000006
1976-09-01,5.00047868408755,8.103871462137935,
1976-10-01,4.254694883342647,1.9591220469218795,
1976-11-01,3.5218049660800554,1.955928893385761,-2.700000000000003
1976-12-01,4.947475281608771,10.118410548294875,
1977-01-01,9.326512280182486,5.914523503598601,
1977-02-01,12.256290881287612,14.227054655820993,0.09999999999999432
1977-03-01,7.70438203754884,11.946791478270914,
1977-04-01,9.834315622583656,16.04862721422069,
1977-05-01,7.593628399123875,5.690216415038418,3.1000000000000085
1977-06-01,6.838943915351781,-3.619509778049901,
1977-07-01,4.716927144331384,1.8618555351538335,
1977-08-01,4.015091057650566,-1.827824091140029,-1.2000000000000028
1977-09-01,4.00170343259203,5.681238832078117,
1977-10-01,3.3137054011976197,5.654475210920973,
1977-11-01,6.019991610006459,3.7205117445787472,-4.599999999999994
1977-12-01,4.63112360447655,7.543743526840219,
1978-01-01,10.831340873487738,11.435015145339156,-0.7000000000000028
1978-02-01,7.956187072007337,13.325520977956984,0.5999999999999943
1978-03-01,9.96724611149098,11.203912918330738,-5.5
1978-04-01,10.575034310352805,17.064104128413394,2.799999999999997
1978-05-01,11.861593491985257,9.05072725930669,1.3000000000000114
1978-06-01,11.061282379075621,8.983016670977184,-2.9000000000000057
1978-07-01,6.3204180915153785,7.076811281276507,2.4000000000000057
1978-08-01,6.935569040501899,0.0,-4.0
1978-09-01,8.850588334168652,10.72056031620452,2.0
1978-10-01,10.0971420743168,14.391339698325623,-1.1000000000000085
1978-11-01,6.789363844998175,5.1307701054121635,-4.299999999999997
1978-12-01,8.022643798826778,10.45611237325148,-8.900000000000006
1979-01-01,15.162973377359146,19.74666075799383,6.0
1979-02-01,15.640425540414427,19.427810546749935,1.8000000000000114
1979-03-01,13.477903746635933,15.411385627425922,-5.5
1979-04-01,13.971244828166363,18.87365333002751,-2.4000000000000057
1979-05-01,13.175603096156818,9.775229178905809,2.0999999999999943
1979-06-01,13.032687911172204,8.02264379882649,-2.299999999999997
1979-07-01,12.27523402673365,20.10662039130533,-5.399999999999999
1979-08-01,12.762110059551436,6.231822875236981,4.100000000000001
1979-09-01,14.458864964809903,21.45781010662644,2.200000000000003
1979-10-01,11.288147999530995,19.326149322858477,-4.600000000000001
1979-11-01,12.9560317635957,7.557991164741407,1.1999999999999957
1979-12-01,14.596377183490494,12.261809929500899,-2.299999999999997
1980-01-01,21.07738520965603,29.205954743825856,6.0
1980-02-01,17.702565053726115,26.754147929895943,-0.09999999999999432
1980-03-01,18.03335512291313,8.607375449645161,-10.400000000000006
1980-04-01,12.099382508301382,4.192762936011896,-3.799999999999997
1980-05-01,10.887152857769532,7.0518685289376215,-1.0
1980-06-01,11.32879883201674,5.573518332367056,7.0
1980-07-01,0.4867157384854881,23.928035625946677,3.5999999999999943
1980-08-01,8.57183107286026,17.165601123622352,5.0
1980-09-01,13.281010239810008,2.654714442385142,6.400000000000006
1980-10-01,12.6026799149777,15.383494165003796,1.2999999999999972
1980-11-01,12.99916258629028,5.296814685360207,1.7000000000000028
1980-12-01,13.909471400271878,8.004813744114369,-12.200000000000003
1981-01-01,9.654721939611433,19.45637182859481,6.900000000000006
1981-02-01,12.100018355239751,11.953395840979164,-4.5
1981-03-01,7.523061706324197,11.835622425183058,-0.4000000000000057
1981-04-01,5.086622972604826,13.09726356415981,5.900000000000006
1981-05-01,8.409763509253576,3.735954100159522,3.8999999999999915
1981-06-01,8.833453502619172,2.469012755033795,-3.200000000000003
1981-07-01,15.168953254903128,6.264344894871288,1.0
1981-08-01,10.571493080993054,0.0,3.1000000000000085
1981-09-01,14.846905339413773,-2.397486962863804,-4.1000000000000085
1981-10-01,4.3868847088341045,1.221359059727467,-2.799999999999997
1981-11-01,6.167781186449828,-1.2066218741507817,-7.799999999999997
1981-12-01,5.239014606465564,0.0,1.7999999999999972
1982-01-01,3.450420615145222,11.495814553153272,6.700000000000003
1982-02-01,3.004608014197707,1.2102728607858326,-4.5
1982-03-01,-3.3272462938358394,-2.3784799660158007,-4.5
1982-04-01,3.005683043269247,0.0,3.5
1982-05-01,12.024298955714618,2.4364299646100873,2.0
1982-06-01,13.305144003151813,2.4314933980573494,-1.7999999999999972
1982-07-01,7.2735435307863305,4.907020753480573,-0.29999999999999716
1982-08-01,3.3446431493213025,-1.1886932978469877,0.0
1982-09-01,2.0728239227466583,-3.530771848747072,3.8999999999999915
1982-10-01,5.893090856781202,2.426576794540325,4.1000000000000085
1982-11-01,0.8191080985386234,1.2042003871191032,-1.3000000000000114
1982-12-01,-3.213647832941535,2.4192390558793297,-0.19999999999998863
1983-01-01,1.233494928588641,-3.523860393521172,-1.5
1983-02-01,-2.42330723528289,3.652571929074777,4.199999999999989
1983-03-01,1.6494477012803044,-1.1875169838533428,6.200000000000003
1983-04-01,7.17382940012854,0.0,8.299999999999997
1983-05-01,6.699161759388783,4.887040525325337,4.200000000000003
1983-06-01,2.4521955162497555,2.407107608510217,-1.0999999999999943
1983-07-01,4.949175364702252,3.62316642295204,0.5999999999999943
1983-08-01,5.349477354419596,6.086468307655624,-1.8999999999999915
1983-09-01,5.745992837878511,2.3832060771180386,-1.0
1983-10-01,5.300413289779571,2.378482615012456,-0.6000000000000085
1983-11-01,3.6268161951525935,-1.167869952149747,1.7999999999999972
1983-12-01,3.2082871413546377,2.3761278980407585,3.1000000000000085
1984-01-01,5.660824609898141,7.26965716217709,5.8999999999999915
1984-02-01,4.402978376989575,3.5551901219226023,-2.6999999999999886
1984-03-01,2.771646020736118,8.450161526400567,3.5999999999999943
1984-04-01,5.600452593172256,1.1610901688157815,-4.900000000000006
1984-05-01,2.355143390184833,1.1599678251499324,2.0
1984-06-01,1.9552915113105085,-1.1466668585292772,-2.5999999999999943
1984-07-01,3.5388825390154643,2.3322577341677864,1.0999999999999943
1984-08-01,5.537702149679591,-4.5105010369844045,2.5
1984-09-01,4.308149201275402,-4.527515829818862,1.8000000000000114
1984-10-01,4.2927399918262,0.0,-4.6000000000000085
1984-11-01,2.7029763071639845,3.5377234339116104,-0.5999999999999943
1984-12-01,2.3075917718264005,-2.2899758000495263,-2.799999999999997
1985-01-01,2.6917170367856347,-1.1532789189023784,3.0999999999999943
1985-02-01,4.249901093055675,-1.154388349660107,-2.299999999999997
1985-03-01,5.815189544237787,-2.298748874394818,0.0
1985-04-01,4.605735352207363,2.352834634061707,0.8999999999999915
1985-05-01,2.6534566263762827,2.34823067434089,-2.799999999999997
1985-06-01,2.64760254249381,-2.2943539510836053,4.700000000000003
1985-07-01,2.2605020187362657,-1.1554999169482882,-2.5
1985-08-01,2.2562519756973876,-5.661502373614791,-1.5999999999999943
1985-09-01,2.252017883307267,-6.789769514844767,-0.30000000000001137
1985-10-01,3.7719626335155354,9.818521412140345,-3.6999999999999886
1985-11-01,6.861093778821381,5.98928634638245,2.5
1985-12-01,5.270234369408366,2.3459354442521008,3.0
1986-01-01,4.482458853697202,-4.536071446596546,1.6999999999999886
1986-02-01,-4.639938784218057,-16.112921903708298,0.30000000000001137
1986-03-01,-5.007878106772123,-15.324111733865653,-0.8000000000000114
1986-04-01,-3.260085825638759,-8.06076943510481,1.1000000000000085
1986-05-01,2.235239237777642,4.927164996405109,-1.4000000000000057
1986-06-01,5.663368362954269,-1.1934219505789767,4.5
1986-07-01,0.3670281892360405,-5.843402962607714,-1.5999999999999943
1986-08-01,2.220076948471905,-1.2005858923946233,-2.799999999999997
1986-09-01,4.096912344343018,1.2151751133736344,-3.0
1986-10-01,1.837340040857205,3.682458597894156,3.6999999999999886
1986-11-01,3.3243122646080536,1.2102728607858326,-4.199999999999989
1986-12-01,2.9418701713596507,-1.1958004129191235,-2.3000000000000114
1987-01-01,7.872342735835458,10.06540636060369,1.3000000000000114
1987-02-01,5.1538506556270125,6.136251275051219,-0.20000000000000284
1987-03-01,5.131814736613971,2.4022890268461605,0.5999999999999943
1987-04-01,5.4839673841952985,8.62356647515643,2.0
1987-05-01,3.9771901817454047,8.562071405068261,-1.7000000000000028
1987-06-01,4.331471531187647,4.779993495636936,0.4000000000000057
1987-07-01,2.8586539316630244,5.983315385294774,2.200000000000003
1987-08-01,5.778098476492088,3.5342506694410414,0.7000000000000028
1987-09-01,2.1219376739253892,-1.1499633843926493,-0.8000000000000114
1987-10-01,4.641357436353699,4.728209219062007,-4.299999999999997
1987-11-01,3.5394623764140487,1.158847649145467,-6.200000000000003
1987-12-01,1.3981715367828773,0.0,3.700000000000003
1988-01-01,-99.99979973987293,4.705039944823364,4.0
1988-02-01,2.0905175062251757,2.318738585423974,0.7999999999999972
1988-03-01,6.380893993393766,1.1510665876706128,3.0
1988-04-01,5.264290513174719,10.795508252209585,-3.3999999999999915
1988-05-01,4.1733236855316935,8.234890199938793,3.5999999999999943
1988-06-01,4.158862114617223,8.178792868464324,-0.09999999999999432
1988-07-01,5.20493599446199,8.12345428466903,-1.2999999999999972
1988-08-01,5.182462109920638,1.1178273500326075,4.0
1988-09-01,4.109026332966348,1.1167870480721653,-0.10000000000000853
1988-10-01,5.14249431799747,1.115748680598716,-3.200000000000003
1988-11-01,3.044167479755089,1.1147122422203504,-1.0999999999999943
1988-12-01,4.067250781872644,8.037990013373019,-1.0999999999999943
1989-01-01,8.257139441268514,17.822805874120284,6.0
1989-02-01,5.055846514435469,3.307009155903451,-2.5
1989-03-01,6.069029935033288,7.850281725793629,-1.1000000000000085
1989-04-01,8.12443590926495,8.957885511984598,-2.799999999999997
1989-05-01,7.029452244195222,10.052534074793273,-0.7999999999999972
1989-06-01,1.9527461315714367,-3.1342643959127447,-0.10000000000000853
1989-07-01,2.937369775378662,-1.0577248397719008,1.4000000000000057
1989-08-01,0.0,-8.186387333396361,-2.4000000000000057
1989-09-01,1.944834359276193,4.370908245268779,6.200000000000003
1989-10-01,5.929131162744272,4.355047710781856,-1.8999999999999915
1989-11-01,4.895013063200593,-1.0586579717269728,-3.0
1989-12-01,4.875130284404117,3.2415055740415255,-0.4000000000000057
1990-01-01,14.143335797561596,22.151561330395975,2.5
1990-02-01,5.786222516703399,-5.098746413581113,-3.5
1990-03-01,5.758463293756888,-2.0778470544702166,1.7999999999999972
1990-04-01,1.877879977328245,-1.045742120274884,2.6000000000000085
1990-05-01,1.8749459583470962,5.387154507735414,-3.3000000000000114
1990-06-01,6.693491905400917,-3.0965245869208236,-2.299999999999997
1990-07-01,4.714280357390033,2.12006330800254,-0.09999999999999432
1990-08-01,9.593019769248091,23.096375119696265,-11.799999999999997
1990-09-01,9.51699160461188,21.425338908100745,-3.6000000000000085
1990-10-01,7.490789743083548,27.228024189829124,-8.899999999999999
1990-11-01,3.6609284147693266,-6.736249228347613,2.1000000000000014
1990-12-01,3.64979490412618,-13.125455878897895,-0.5
1991-01-01,6.446986755631223,3.075371621709966,1.2999999999999972
1991-02-01,2.703556245118288,-16.714805659588052,3.6000000000000085
1991-03-01,-0.8846238069920132,-9.771820166124712,17.299999999999997
1991-04-01,2.6995018973074547,-2.045964194653871,-5.900000000000006
1991-05-01,3.6059298329406797,5.296814685360207,-3.5
1991-06-01,2.6854069351748944,-1.0251939418288503,3.799999999999997
1991-07-01,2.6794111916860652,-3.049316967632454,0.8000000000000114
1991-08-01,2.673442160585404,1.038502246018802,-0.9000000000000057
1991-09-01,4.48190088868623,-1.027828226798122,1.0
1991-10-01,0.8787933829103478,3.1452248424226115,-4.700000000000003
1991-11-01,5.375894544748849,0.0,-9.200000000000003
1991-12-01,3.5394623764140487,-5.03458558092249,-0.8999999999999915
1992-01-01,0.8717707850709688,-3.0622852093152297,-0.7000000000000028
1992-02-01,3.526461820314264,4.232189754999038,1.2999999999999972
1992-03-01,6.227204409901299,1.0394017556142554,7.200000000000003
1992-04-01,2.613284326937726,2.086882081849306,1.2000000000000028
1992-05-01,1.7315591345409498,9.691951620127082,2.0
1992-06-01,3.485494304078518,8.505748577826754,1.2000000000000028
1992-07-01,1.7240958808604656,-1.012222499688098,-3.8000000000000114
1992-08-01,3.4703757976425775,-2.016738147166941,-0.5
1992-09-01,2.5851371176653704,3.1018679165698115,-0.5
1992-10-01,5.2200271627630634,1.021702585224249,-2.299999999999997
1992-11-01,2.568537949854477,-3.0060347977562074,12.0
1992-12-01,0.8477519556094659,-2.0184341943732975,5.700000000000003
1993-01-01,6.069760629013343,4.158862114617223,-1.7000000000000028
1993-02-01,4.2804917521831465,4.144500409888119,-2.700000000000003
1993-03-01,1.6865382840422827,3.083272861802855,-0.6999999999999886
1993-04-01,5.1307701054121635,6.2372197482162495,-0.30000000000001137
1993-05-01,1.6771101329240201,4.09850220830088,-5.299999999999997
1993-06-01,0.0,-1.9866894212465125,1.2000000000000028
1993-07-01,0.8341975100054411,-2.9713025154675554,-4.5
1993-08-01,3.3728429929350323,-4.919038992244151,0.29999999999999716
1993-09-01,0.0,0.0,0.6000000000000085
1993-10-01,5.083685072017996,4.119604637256158,4.799999999999997
1993-11-01,2.50247878396197,-1.002916808207266,-1.5
1993-12-01,2.4972712397882013,-3.9598716846940163,7.0
1994-01-01,1.6551351976825668,5.177990597203008,6.099999999999994
1994-02-01,3.33071930703146,2.033829381448249,-1.0999999999999943
1994-03-01,4.167527006659544,4.09850220830088,-1.7000000000000028
1994-04-01,1.6426740882027557,0.0,1.0999999999999943
1994-05-01,2.469859673747199,2.0235408826252854,0.20000000000000284
1994-06-01,3.2986768077357898,6.173067691579481,-1.5999999999999943
1994-07-01,4.127396737261213,2.0099837158366496,-2.200000000000003
1994-08-01,4.113251129736928,5.085839200544351,2.700000000000003
1994-09-01,2.4413866160253983,-1.962324415893013,-0.20000000000000284
1994-10-01,0.8061764002774918,-0.9872400437494933,1.2000000000000028
1994-11-01,3.258374067450376,6.120606863475286,-1.1000000000000085
1994-12-01,2.428213451743644,4.022941947998837,3.5
1995-01-01,3.2429654636239036,10.300664090260337,2.5
1995-02-01,3.234225796234824,6.018314759861698,-2.5
1995-03-01,2.410330749336431,3.956628322032585,-4.799999999999997
1995-04-01,4.863934896326905,6.994346712891764,2.200000000000003
1995-05-01,3.206144353141105,2.927814797452011,-2.700000000000003
1995-06-01,1.5872687530782637,3.9114945866652873,2.9000000000000057
1995-07-01,2.386365487853137,0.0,1.7000000000000028
1995-08-01,1.5820373632741802,-1.8986769882970767,1.7999999999999972
1995-09-01,1.5799544498781737,0.9634611208563015,-7.299999999999997
1995-10-01,3.9875213418556266,0.9626881995222991,1.2999999999999972
1995-11-01,0.0,0.9619165173129218,-2.0
1995-12-01,2.367533678986544,2.908890112236251,2.799999999999997
1996-01-01,5.592996491836333,5.880717207302877,-1.7000000000000028
1996-02-01,2.3520660542175165,-0.9459921725233911,-0.7999999999999972
1996-03-01,4.745345546209179,1.9184073526300915,5.200000000000003
1996-04-01,4.726657505171783,9.917855989290135,-1.0
1996-05-01,3.909583280193507,6.79635269676595,-3.299999999999997
1996-06-01,0.7684880933069849,-0.9327565639616897,3.0
1996-07-01,3.1045426768735673,0.0,2.299999999999997
1996-08-01,1.5374461312616328,2.8490396233562754,0.5999999999999943
1996-09-01,3.092542439142121,-0.931308767191541,-0.5999999999999943
1996-10-01,3.8692490694267168,-1.8560950766771112,1.7999999999999972
1996-11-01,3.0747150124380784,1.8911975003716774,2.700000000000003
1996-12-01,3.0668575132739573,8.757347007930116,-2.299999999999997
1997-01-01,2.286342345580916,5.7218625796977785,0.5
1997-02-01,3.053203087424783,-10.554639455473891,2.299999999999997
1997-03-01,0.7535286546435982,-10.648198764500016,0.29999999999999716
1997-04-01,0.753055782588663,-2.7915971571063847,1.4000000000000057
1997-05-01,0.7525835036542583,3.8456919572271486,1.7999999999999972
1997-06-01,1.5094057160948804,-1.8676498579412115,1.2999999999999972
1997-07-01,2.269050318645993,-2.7937634193996197,2.5999999999999943
1997-08-01,2.2647681027250455,2.8740577947207635,-2.6999999999999886
1997-09-01,3.0243491268982403,2.86719118890717,1.5999999999999943
1997-10-01,2.2548388437126032,2.860357313710127,-0.4000000000000057
1997-11-01,1.4952996392709528,0.9430186328542645,1.6000000000000085
1997-12-01,0.7441826485260483,-9.846102067845086,-5.1000000000000085
1998-01-01,0.0,-12.473533638005541,4.5
1998-02-01,0.7437214301365236,-3.761306587385449,3.8000000000000114
1998-03-01,0.0,-2.8422864919975255,-3.9000000000000057
1998-04-01,3.003533753797183,1.9416875718173854,2.200000000000003
1998-05-01,3.7577899920817615,1.938550950752771,-2.200000000000003
1998-06-01,0.7391404956018865,-2.840044362890093,-0.9000000000000057
1998-07-01,2.2310835675866336,0.9657873495205971,-0.3999999999999915
1998-08-01,2.2269433202305455,-6.521897182438896,-0.7999999999999972
1998-09-01,0.0,-3.7970064662943948,-3.5
1998-10-01,2.973763229543369,1.955928893385761,-3.5
1998-11-01,2.2173422405699306,-3.8030224277006974,5.299999999999997
1998-12-01,1.4705621091877896,-7.496374877726852,-2.200000000000003
1999-01-01,0.7319272335512661,0.9815873034314304,3.4000000000000057
1999-02-01,0.731481076413143,-5.7036484150609805,4.199999999999989
1999-03-01,2.2078235890806264,2.983620951460808,-2.3999999999999915
1999-04-01,9.084966553814144,10.23918830371806,-1.1000000000000085
1999-05-01,0.0,11.218182254913621,2.200000000000003
1999-06-01,0.0,4.919087488446361,0.5
1999-07-01,3.6704454375522833,4.899009092875084,-1.2999999999999972
1999-08-01,3.6592540604276413,12.076905900475342,-1.5
1999-09-01,5.141235590620341,10.912417283477716,2.700000000000003
1999-10-01,2.1653304114340965,-2.776526870390228,-4.0
1999-11-01,1.4362413658133288,5.786222516703399,4.0
1999-12-01,2.8878901432352944,-4.577592545716103,-1.7999999999999972
2000-01-01,2.153672321386879,4.797188278769138,6.599999999999994
2000-02-01,6.57706726444125,14.967856174769189,-0.7000000000000028
2000-03-01,8.80730849974174,9.646965824889065,-4.200000000000003
2000-04-01,0.0,-0.9135833068408039,2.1000000000000085
2000-05-01,0.7031908038408696,8.583446019408992,1.5
2000-06-01,7.23460929501667,22.012040394657028,-4.299999999999997
2000-07-01,2.8216861369728896,-0.8931835072956029,1.8999999999999915
2000-08-01,-0.6926379332010346,-6.94860589254721,-1.0
2000-09-01,7.178371395602134,17.51989029370815,-0.5
2000-10-01,2.0935567157442048,6.417443988539251,-1.0
2000-11-01,2.089910722859578,-3.488014615224899,1.7999999999999972
2000-12-01,2.086277406670778,11.203912918330738,-9.199999999999989
2001-01-01,8.571531103062124,39.12690924204376,-3.700000000000003
2001-02-01,3.4688711566901453,-20.144586188149372,-4.1000000000000085
2001-03-01,0.6831741422755,-12.341771816539149,0.9000000000000057
2001-04-01,3.4568808324468403,4.505455628691846,-3.0999999999999943
2001-05-01,4.85596961420105,3.576379149011477,3.5999999999999943
2001-06-01,2.7379955647011345,-10.825974113950398,0.5999999999999943
2001-07-01,-3.3210313190130125,-17.091623212574582,-0.19999999999998863
2001-08-01,0.6785385599509253,0.0,-0.9000000000000057
2001-09-01,4.836402056494626,-0.8958506863349647,-9.700000000000003
2001-10-01,-3.966415172126725,-23.902358722966788,0.9000000000000057
2001-11-01,0.0,-4.508806587526482,1.2000000000000028
2001-12-01,-2.0083004853616915,-14.632365522267321,4.8999999999999915
2002-01-01,2.0494597964000993,3.8120996795916406,4.200000000000003
2002-02-01,2.7364347534315936,-0.9298654578764887,-2.299999999999997
2002-03-01,4.120783366997638,13.897980765041563,5.0
2002-04-01,6.217476755287654,9.646965824889065,-2.700000000000003
2002-05-01,0.0,0.0,3.9000000000000057
2002-06-01,1.3452714663561904,0.9212987406012285,-4.5
2002-07-01,1.3437650479457997,2.785123459255856,-4.300000000000011
2002-08-01,4.076460672113624,2.778674734237807,-0.5
2002-09-01,2.0127931246093134,7.549673512191313,-1.5
2002-10-01,3.369528534686328,8.475726581891973,-5.5
2002-11-01,1.3318340751145463,-0.8971902581919711,3.6000000000000085
2002-12-01,0.6631642150283001,-1.788327799841094,2.5
2003-01-01,4.037603914772725,23.957779469749283,-4.299999999999997
2003-02-01,7.490258647128156,22.41866739640748,-2.5
2003-03-01,3.9994808355953593,36.331167468158235,-2.3000000000000114
2003-04-01,-3.8456738470817986,-31.60618835291156,8.400000000000006
2003-05-01,0.0,-0.8736748355541613,6.099999999999994
2003-06-01,1.9817694142256315,12.028072041353678,-2.3999999999999915
2003-07-01,1.9785020724382152,-2.577729645400051,1.2000000000000028
2003-08-01,3.9861969222676708,2.645934688257223,-1.6000000000000085
2003-09-01,3.300945099681485,4.435522523352309,-1.5999999999999943
2003-10-01,0.0,7.155906910379106,1.8999999999999915
2003-11-01,-2.5639612538498113,-3.3918975801900952,4.1000000000000085
2003-12-01,2.6314301020895714,5.308528051246375,-1.1000000000000085
2004-01-01,5.3144041786743035,17.625754507414506,11.200000000000003
2004-02-01,3.2775062501642305,6.10504199764792,-9.399999999999991
2004-03-01,5.95363822708781,8.779402745645747,1.3999999999999915
2004-04-01,2.5944519108601183,15.225111543851533,-1.5999999999999943
2004-05-01,7.951795730648237,17.893517233377885,-4.0
2004-06-01,3.880926996063705,3.3192043494622903,5.3999999999999915
2004-07-01,-0.6317431030020915,1.6426740882027557,1.1000000000000085
2004-08-01,0.6357594696031255,4.995523308831729,-0.7999999999999972
2004-09-01,1.9173856257336475,-2.4054964968894033,-1.7000000000000028
2004-10-01,7.860684003672969,20.373022324435873,-2.5
2004-11-01,1.9021892825120457,11.793201442135093,1.0999999999999943
2004-12-01,-0.6258128284549191,-9.107365808058521,4.299999999999997
2005-01-01,1.2631413208594289,5.738144544265333,-1.5999999999999943
2005-02-01,4.480466759054846,5.7108435079736175,-1.4000000000000057
2005-03-01,7.763259885602847,17.949470189812324,-1.5
2005-04-01,6.391085971413557,10.635363742097548,-4.8999999999999915
2005-05-01,-0.6161726408303814,-5.286750998368284,-0.7999999999999972
2005-06-01,0.0,0.0,9.099999999999994
2005-07-01,6.360607217618952,16.712298890277655,0.5
2005-08-01,6.327080984260269,10.450280110185384,-7.400000000000006
2005-09-01,15.716425346319252,41.23282321556842,-12.199999999999989
2005-10-01,2.4451173591237385,33.95595807819778,-2.700000000000003
2005-11-01,-6.438311767888239,-16.62959340064508,7.3999999999999915
2005-12-01,-0.6049893391780414,-5.012359499300157,9.900000000000006
2006-01-01,8.182468059640314,10.001728227227868,-0.29999999999999716
2006-02-01,0.6046844947818597,-16.806107227012745,-4.5
2006-03-01,4.301531731112607,3.0072970299420687,2.200000000000003
2006-04-01,7.45011443807615,16.69186011328705,-1.5
2006-05-01,5.507452803123991,11.522771403630383,-8.300000000000011
2006-06-01,2.4034918628330404,2.193029710737693,5.800000000000011
2006-07-01,5.471190981040386,5.1760765953498655,-0.20000000000000284
2006-08-01,2.9930465089889724,8.207109999535644,-2.700000000000003
2006-09-01,-5.734530197917531,-16.474764474334293,3.4000000000000057
2006-10-01,-5.762057791678954,-20.898606220792924,8.199999999999989
2006-11-01,0.0,19.27454595979936,-1.5
2006-12-01,6.744284220189112,7.5390062387259205,-0.3999999999999915
2007-01-01,2.1088705340024827,-10.997503805809593,5.200000000000003
2007-02-01,4.5396838599507605,22.52547054565084,-5.6000000000000085
2007-03-01,7.546573454605099,19.54486934175128,-2.8999999999999915
2007-04-01,5.105321534210794,15.94347528072564,-1.3000000000000114
2007-05-01,8.391944046768952,14.143961591256215,1.2000000000000028
2007-06-01,2.3214954713527636,3.5176758522218687,-3.0
2007-07-01,1.4182925962278103,9.354456802230215,5.1000000000000085
2007-08-01,-1.6600849947982943,-17.01236562684216,-7.0
2007-09-01,3.2475433758181182,7.931102083032471,0.0
2007-10-01,3.577408580064323,8.62282919882853,-2.5
2007-11-01,9.976044178979059,33.88179053030878,-4.800000000000011
2007-12-01,3.4440758564851626,-2.6488507385380555,-0.5999999999999943
2008-01-01,7.984085771073168,17.372253731878583,2.9000000000000057
2008-02-01,0.31100729808619665,11.871553722528194,-7.6000000000000085
2008-03-01,4.199710175931637,40.042157518671104,-1.2999999999999972
2008-04-01,2.515163734855874,20.934379188986863,-6.899999999999999
2008-05-01,8.082994517761355,42.34133058535656,-2.8000000000000043
2008-06-01,13.429551862980492,26.58153606314213,-3.3999999999999986
2008-07-01,10.267735469734784,34.39075415916493,4.800000000000004
2008-08-01,-1.6355626805111823,-32.00217798673093,1.7999999999999972
2008-09-01,-0.3667067750235731,-11.953585138727663,7.299999999999997
2008-10-01,-10.942606614357853,-48.1913468125447,-12.699999999999996
2008-11-01,-18.440294937751545,-46.98042624982804,-2.3000000000000043
2008-12-01,-8.492861619363856,-33.45466364973676,4.800000000000004
2009-01-01,3.950820397059851,2.126952223929579,1.1000000000000014
2009-02-01,4.8143008605161075,-12.534179764844367,-4.900000000000006
2009-03-01,-1.6382191029709725,-8.181738827284924,1.0
2009-04-01,-0.2423097146890818,7.37686743534256,7.799999999999997
2009-05-01,1.1628684549565227,12.753778654576609,3.6000000000000085
2009-06-01,9.297670504870116,25.814546687112696,2.0999999999999943
2009-07-01,0.0559691036034371,-10.487447901714875,-4.799999999999997
2009-08-01,5.499760261172293,18.84677226883218,-0.29999999999999716
2009-09-01,2.0408662114891563,-5.999823474824273,7.799999999999997
2009-10-01,3.3536670948769887,7.850948425281912,-2.9000000000000057
2009-11-01,4.9038917016441586,16.153998329296716,-3.1999999999999886
2009-12-01,1.6192594171904107,4.839187763059738,5.099999999999994
2010-01-01,0.25404058464668644,28.832476513383455,1.9000000000000057
2010-02-01,0.022062372075870584,-5.7783924407150415,-0.8000000000000114
2010-03-01,0.763721239090609,16.360795360448144,0.0
2010-04-01,-0.8235904418646189,7.443815164915768,-1.3999999999999915
2010-05-01,-1.9404349519896447,2.634318284175796,1.3999999999999915
2010-06-01,-1.6175368238120047,-8.122489214918593,2.4000000000000057
2010-07-01,3.758448871787401,3.995043039214785,-8.200000000000003
2010-08-01,3.092664936789147,5.341008506961709,1.1000000000000085
2010-09-01,1.2280363417689788,0.0,-0.7000000000000028
2010-10-01,2.821924973089285,11.608363202515948,-0.5
2010-11-01,1.4736835789940006,7.307875948310372,3.8999999999999915
2010-12-01,6.227204409901299,13.562958794990143,2.9000000000000057
2011-01-01,4.503493714091644,20.718159430080263,-0.29999999999999716
2011-02-01,6.758153996733007,21.10767695907514,3.299999999999997
2011-03-01,6.789106334241635,22.947516186108174,-10.0
2011-04-01,5.182485839474316,26.196430749891952,2.299999999999997
2011-05-01,2.0018003414385976,6.071076321535274,4.5
2011-06-01,-2.6365830561296044,-1.1695773253908581,-2.799999999999997
2011-07-01,6.164842395182624,4.198350309721155,-7.799999999999997
2011-08-01,4.580982399290834,-7.909063210039536,-7.900000000000006
2011-09-01,3.7049301152602743,2.9930465089889724,3.700000000000003
2011-10-01,-1.010468983090218,-14.285854653249618,1.2999999999999972
2011-11-01,-0.22731317870983148,1.8049154239563325,2.9000000000000057
2011-12-01,0.1430011917692653,-9.127555251454877,6.200000000000003
2012-01-01,4.0861038578064335,5.541354410332788,5.099999999999994
2012-02-01,5.006158458406662,5.515889265477236,0.29999999999999716
2012-03-01,3.5498451890336735,16.622546378186787,0.9000000000000057
2012-04-01,0.4145824123117148,-2.899046403682115,0.20000000000000284
2012-05-01,-3.350889707139426,-10.103355945453652,2.8999999999999915
2012-06-01,0.4788908010601167,-11.79159292895825,-6.099999999999994
2012-07-01,0.5525320394676347,1.8167562718115482,-0.9000000000000057
2012-08-01,7.479752359121461,16.75619163363027,2.0
2012-09-01,7.0608848774626365,10.541591571033182,4.0
2012-10-01,1.761582264353656,-5.157658994787995,4.299999999999997
2012-11-01,-3.695108673773073,-9.576569349128539,0.10000000000000853
2012-12-01,-0.2386736911720977,-1.769430273378969,-9.799999999999997
2013-01-01,1.1437177377286334,6.120606863475286,0.8999999999999915
2013-02-01,8.471389826582687,11.203912918331028,3.799999999999997
2013-03-01,-2.1943955978455443,-1.7479524991267592,1.0
2013-04-01,-4.32765198052405,-2.9018504023081926,-2.1999999999999886
2013-05-01,1.8084556414490693,3.596025499588462,8.099999999999994
2013-06-01,5.915675846437796,1.182252415070506,-0.4000000000000057
2013-07-01,1.943747818391417,0.5889553695752392,1.0
2013-08-01,1.0750455500409206,-1.167869952149747,-3.0
2013-09-01,2.184936481370059,-1.7488015945204105,-4.599999999999994
2013-10-01,-0.7106567014863119,-7.935198467701953,-4.299999999999997
2013-11-01,0.40621523355914846,-7.4374339003586805,1.8999999999999915
2013-12-01,3.62468320553353,4.877111292195702,7.400000000000006
2014-01-01,1.8103845370921023,11.233018493157987,-1.2999999999999972
2014-02-01,1.2121325029390562,11.779289370967106,0.3999999999999915
2014-03-01,2.4300299076989385,7.8531031512628635,-1.5999999999999943
2014-04-01,3.172005892257479,7.80206843578104,4.099999999999994
2014-05-01,4.292943735059729,-1.7146518944522349,-2.1999999999999886
2014-06-01,3.1315952968956617,1.7445651132160567,0.5999999999999943
2014-07-01,1.0959490820563245,-1.7146518944522349,-0.7000000000000028
2014-08-01,-2.3993405524866396,-5.6190974908551405,0.7000000000000028
2014-09-01,1.0410380220490234,-3.423342610032565,2.0999999999999943
2014-10-01,0.04545770146211492,-16.112921903708298,2.3000000000000114
2014-11-01,-3.037146759288356,-13.79194278568473,1.8999999999999915
2014-12-01,-4.379819639817462,-20.96208539912633,4.799999999999997
2015-01-01,-7.2288365807147255,-26.54522538580165,4.5
2015-02-01,2.6340002170684773,-5.482222678705872,-2.6999999999999886
2015-03-01,2.863609822139024,2.540892935150274,-2.4000000000000057
2015-04-01,1.2388446450399382,-3.695672901493585,2.9000000000000057
2015-05-01,5.466674980330999,16.89784262572813,-5.200000000000003
2015-06-01,3.8899628000470976,9.040991927293241,5.3999999999999915
2015-07-01,1.5910575012943795,-5.405414520836416,-3.0
2015-08-01,-0.8434284908279577,-11.698925598025589,-1.1999999999999886
2015-09-01,-1.8254169739210568,-16.170157671723885,-4.700000000000003
2015-10-01,2.431058778858408,-9.693935020975598,2.799999999999997
2015-11-01,0.3483928553121629,-10.930794151469392,1.2999999999999972
2015-12-01,-1.3223886196616963,-13.32577278664403,1.2999999999999972
2016-01-01,1.3196831564752598,-5.729360038867338,-0.5999999999999943
2016-02-01,-1.9973783220810004,-8.216551556806074,-0.29999999999999716
2016-03-01,1.080588509485425,5.425507520181294,-0.7000000000000028
2016-04-01,5.0036102285527795,7.494509523749082,-2.0
2016-05-01,2.6435808212172285,14.65668994237288,5.700000000000003
2016-06-01,2.6223710841203562,15.954865556127572,-1.2000000000000028
2016-07-01,-0.49402843771473304,0.6415375172064808,-3.5
2016-08-01,2.41299278531657,-6.8101953223178135,-0.20000000000000284
2016-09-01,3.536641511921812,1.946411580861529,1.4000000000000057
2016-10-01,4.372350796002733,-1.2765784175603478,-4.0
2016-11-01,2.4330383746395956,-2.5408894849880737,6.599999999999994
2016-12-01,3.439937700656581,12.948682739478667,4.400000000000006
2017-01-01,5.703647844260407,17.15825309763548,0.29999999999999716
2017-02-01,1.474497309672973,5.812686363422248,-2.200000000000003
2017-03-01,-3.40162083800164,-0.624510077967233,0.6000000000000085
2017-04-01,2.0171653498793685,9.815177640357087,0.09999999999999432
2017-05-01,-1.522701712720187,-1.2364603021392528,0.09999999999999432
2017-06-01,-0.2752359486792755,5.094473997533444,-2.0999999999999943
2017-07-01,1.2773634058688366,-0.6180768450009033,-1.5999999999999943
2017-08-01,4.936864961732712,1.876411820938717,3.3999999999999915
2017-09-01,6.779091453170638,6.370734460340333,-1.7000000000000028
2017-10-01,1.3033177167280696,0.6177586727950102,5.6000000000000085
2017-11-01,4.73655510968094,6.33375793542168,-2.200000000000003
2017-12-01,1.8130127423168219,2.477934473150767,-2.5999999999999943
2018-01-01,6.383646807493748,10.231555348129518,-0.20000000000000284
2018-02-01,1.8155730347152454,8.827349978544841,4.0
2018-03-01,-0.7521448191063262,0.0,1.7000000000000028
2018-04-01,2.6829408296275448,6.190045556435142,-2.6000000000000085
2018-05-01,2.5344422154605972,18.826430647194982,-0.7999999999999972
2018-06-01,1.553248640344096,6.068007258884789,0.20000000000000284
2018-07-01,2.0715778006382912,0.5892445677099012,-0.29999999999999716
2018-08-01,2.7072664780189326,-5.160122696184633,-1.7000000000000028
2018-09-01,0.7074766044194769,1.1863431595869667,3.8999999999999915
2018-10-01,4.039681363662173,6.055761966637041,-1.5
2018-11-01,0.23281816479425732,-12.686169622835909,-1.0999999999999943
2018-12-01,-0.6764868591914941,-7.444528875251599,0.7999999999999972
2019-01-01,-0.28451394198135693,-10.771738521740748,-7.099999999999994
2019-02-01,2.1097879073431303,0.6043799463787636,2.5999999999999943
2019-03-01,5.018773346720784,10.07596275881757,4.6000000000000085
2019-04-01,3.892301553742472,8.051614510203663,-1.2000000000000028
2019-05-01,0.9311620962298095,-2.3493774526566646,2.799999999999997
2019-06-01,0.7077389867671258,-8.018473449026153,-1.7999999999999972
2019-07-01,4.0984531566746085,2.422902369913471,0.20000000000000284
2019-08-01,0.6530998394349119,-8.608976893966446,-8.600000000000009
2019-09-01,0.27189501360631585,-4.714239450099056,3.4000000000000057
2019-10-01,4.358425556257939,1.216406887968824,2.299999999999997
2019-11-01,3.146266413972376,2.4438725118983484,1.2999999999999972
2019-12-01,2.6604591178670534,0.0,2.5
2020-01-01,1.4909375988086726,1.824120478620217,0.5
2020-02-01,1.071605641984208,-14.578983607858353,1.2000000000000028
2020-03-01,-4.964943410187672,-19.88110215006448,-11.900000000000006
2020-04-01,-9.134888389930563,-38.235393049247726,-17.299999999999997
2020-05-01,-0.626559002949445,22.00378194604149,0.5
2020-06-01,6.999253918388115,17.856731975336125,5.799999999999997
2020-07-01,7.271714437162524,11.900764293175614,-5.599999999999994
2020-08-01,4.534979359591285,8.389172109777942,1.5999999999999943
2020-09-01,2.467387913781871,7.668220085848798,6.300000000000011
2020-10-01,0.5362681871431851,6.313769212846587,1.3999999999999915
2020-11-01,2.2916579557317185,11.563444337199913,-4.8999999999999915
2020-12-01,4.497831118659867,14.156318110549737,3.799999999999997
2021-01-01,2.1104885701221487,28.999166488693362,-1.7000000000000028
2021-02-01,4.339791128496695,39.81088170093145,-2.200000000000003
2021-03-01,7.700982194133732,28.162543206832915,8.100000000000009
2021-04-01,9.641996901010398,17.442488227265752,3.3999999999999915
2021-05-01,8.010592820750695,46.14592226832788,-5.3999999999999915
2021-06-01,11.41529299365962,23.559472876461008,2.5999999999999943
2021-07-01,5.836555398137211,16.609971897370524,-4.299999999999997
2021-08-01,3.3425200505115216,8.407652075168205,-10.900000000000006
2021-09-01,5.063059194030051,12.275083587102609,2.5
2021-10-01,11.926014703407063,27.28990130915325,-1.0999999999999943
2021-11-01,9.76061119368028,15.028209339934296,-4.299999999999997
2021-12-01,5.793829376700477,-9.200872554018936,3.1999999999999886
2022-01-01,7.716485929765837,28.61771700197311,-3.3999999999999915
2022-02-01,10.003839864443286,34.780974747408536,-4.400000000000006
2022-03-01,15.948319840744652,41.09865940726634,-3.3999999999999986
2022-04-01,4.056734646255222,27.374545162372875,5.800000000000004
2022-05-01,12.332235542352654,42.46155631775572,-6.800000000000004
2022-06-01,17.073240617905405,35.46432314436079,-8.399999999999999
2022-07-01,-0.23136119139492983,-29.285575927111516,1.5
2022-08-01,1.4276149481059264,-11.38226680621045,6.700000000000003
2022-09-01,4.731218991006791,-7.09502731152819,0.3999999999999986
2022-10-01,5.389519550857513,-11.993179998221205,1.2999999999999972
2022-11-01,1.161603180316817,-8.287372449581554,-3.1999999999999957
2022-12-01,-0.9490922647550915,-21.516861627959095,3.0999999999999943
2023-01-01,10.205818382782983,11.396816009685896,5.1000000000000085
2023-02-01,4.531547559661786,-6.952577107640923,2.0
2023-03-01,0.6383636376648294,-7.205555554597131,-4.900000000000006
2023-04-01,4.503780166663907,-0.7165287446663893,1.7000000000000028
2023-05-01,1.4997229989542227,-14.118866403401908,-4.700000000000003
2023-06-01,2.1858342354898808,0.9025174468941355,5.200000000000003
2023-07-01,2.0208423581660195,-0.11811138509079111,7.299999999999997
2023-08-01,7.8427764189561655,19.77067235464198,-2.0999999999999943
2023-09-01,4.8534999793801825,5.998671537091638,-1.6000000000000085
2023-10-01,0.5399012839227169,-16.027766843278314,-4.0
2023-11-01,1.1686907036851713,-10.448164025407936,-2.5
2023-12-01,3.6972564249835083,-13.302452585515645,8.400000000000006
2024-01-01,3.292972348932377,7.139180050222116,9.299999999999997
2024-02-01,5.4356411737507715,18.72311630165131,-2.0999999999999943
2024-03-01,4.632369957921156,0.7984320034609471,2.5
2024-04-01,3.8202255663789764,9.226491038765738,-2.200000000000003
2024-05-01,0.06898577854825838,-7.503817831711201,-8.100000000000009
2024-06-01,-0.6721957765004616,2.8616283771560225,-0.8999999999999915
2024-07-01,1.8750577063404883,6.800731149598205,-1.7999999999999972
2024-08-01,2.2699252851683838,-8.32871277395163,1.5
2024-09-01,2.1798848759635447,-12.308888857529743,2.1999999999999886
2024-10-01,2.968265950055815,1.9114153817322954,0.4000000000000057
2024-11-01,3.8198782021254596,0.6181478813684027,1.2999999999999972
2024-12-01,4.820815360929975,1.009335102811315,2.200000000000003
2025-01-01,5.422299446400336,20.32067002576474,-2.299999999999997
2025-02-01,2.622146336781306,10.43725550320962,-7.0
2025-03-01,-0.5987726017863904,-4.407816565723877,-7.700000000000003
2025-04-01,2.6831306060993043,-0.6156046152158035,-4.799999999999997
2025-05-01,0.9746032609345479,1.3363301069872824,0.0
2025-06-01,3.4986374358094485,8.742356882191071,8.5
2025-07-01,2.3846147800089534,8.94795003447577,1.0
2025-08-01,4.687202175756844,-1.128449071686688,-3.5
2025-09-01,3.7901203351994317,-0.25607985536530986,-3.1000000000000014
2025-10-01,,-6.4974550961346855,-1.5
2025-11-01,2.480532123159973,4.64573976257161,-2.6000000000000014
2025-12-01,3.7512551950891204,-2.534498435527577,1.8999999999999986
2026-01-01,2.073242359193528,6.483405080439497,3.5
2026-02-01,3.25151000659476,28.024633181694192,0.20000000000000284
