date,credit_spread,ur_diff,cp_amom,hs_amom,realized_vol
1919-01-01,1.7700000000000005,,,,
1919-02-01,1.8500000000000005,,,,
1919-03-01,1.7600000000000007,,,,
1919-04-01,1.79,,,,
1919-05-01,1.7000000000000002,,,,
1919-06-01,1.6399999999999997,,,,
1919-07-01,1.6199999999999992,,,,
1919-08-01,1.5700000000000003,,,,
1919-09-01,1.67,,,,
1919-10-01,1.7999999999999998,,,,
1919-11-01,1.88,,,,
1919-12-01,2.039999999999999,,,,
1920-01-01,2.0300000000000002,,,,
1920-02-01,2.08,,,,
1920-03-01,2.05,,,,
1920-04-01,2.13,,,,
1920-05-01,2.1400000000000006,,,,
1920-06-01,2.0100000000000007,,,,
1920-07-01,2.1799999999999997,,,,
1920-08-01,2.0900000000000007,,,,
1920-09-01,1.9200000000000008,,,,
1920-10-01,1.9400000000000004,,,,
1920-11-01,2.130000000000001,,,,
1920-12-01,2.3000000000000007,,,,
1921-01-01,2.3600000000000003,,,,
1921-02-01,2.34,,,,
1921-03-01,2.4700000000000006,,,,
1921-04-01,2.4699999999999998,,,,
1921-05-01,2.4099999999999993,,,,
1921-06-01,2.380000000000001,,,,
1921-07-01,2.3600000000000003,,,,
1921-08-01,2.5199999999999996,,,,
1921-09-01,2.41,,,,
1921-10-01,2.5,,,,
1921-11-01,2.2800000000000002,,,,
1921-12-01,2.1100000000000003,,,,
1922-01-01,2.3600000000000003,,,,
1922-02-01,2.26,,,,
1922-03-01,2.2199999999999998,,,,
1922-04-01,1.9899999999999993,,,,
1922-05-01,1.7599999999999998,,,,
1922-06-01,1.8899999999999997,,,,
1922-07-01,1.8899999999999997,,,,
1922-08-01,1.8899999999999997,,,,
1922-09-01,1.8200000000000003,,,,
1922-10-01,1.8100000000000005,,,,
1922-11-01,1.8900000000000006,,,,
1922-12-01,1.9399999999999995,,,,
1923-01-01,1.9400000000000004,,,,
1923-02-01,1.8999999999999995,,,,
1923-03-01,1.96,,,,
1923-04-01,1.9500000000000002,,,,
1923-05-01,2.01,,,,
1923-06-01,2.0599999999999996,,,,
1923-07-01,2.2,,,,
1923-08-01,2.3,,,,
1923-09-01,2.26,,,,
1923-10-01,2.3499999999999996,,,,
1923-11-01,2.3100000000000005,,,,
1923-12-01,2.29,,,,
1924-01-01,2.1500000000000004,,,,
1924-02-01,2.05,,,,
1924-03-01,1.9800000000000004,,,,
1924-04-01,1.9500000000000002,,,,
1924-05-01,1.9299999999999997,,,,
1924-06-01,1.83,,,,
1924-07-01,1.7199999999999998,,,,
1924-08-01,1.7400000000000002,,,,
1924-09-01,1.7800000000000002,,,,
1924-10-01,1.7000000000000002,,,,
1924-11-01,1.5999999999999996,,,,
1924-12-01,1.5099999999999998,,,,
1925-01-01,1.4900000000000002,,,,
1925-02-01,1.4100000000000001,,,,
1925-03-01,1.4500000000000002,,,,
1925-04-01,1.54,,,,
1925-05-01,1.4699999999999998,,,,
1925-06-01,1.3499999999999996,,,,
1925-07-01,1.33,,,,
1925-08-01,1.3399999999999999,,,,
1925-09-01,1.33,,,,
1925-10-01,1.3200000000000003,,,,
1925-11-01,1.33,,,,
1925-12-01,1.3000000000000007,,,,
1926-01-01,1.2699999999999996,,,,
1926-02-01,1.25,,,,
1926-03-01,1.2599999999999998,,,,
1926-04-01,1.2400000000000002,,,,
1926-05-01,1.1500000000000004,,,,
1926-06-01,1.08,,,,
1926-07-01,1.08,,,,
1926-08-01,1.0899999999999999,,,,
1926-09-01,1.0700000000000003,,,,
1926-10-01,1.0999999999999996,,,,
1926-11-01,1.0899999999999999,,,,
1926-12-01,1.0,,,,
1927-01-01,0.9500000000000002,,,,
1927-02-01,0.9199999999999999,,,,
1927-03-01,0.9199999999999999,,,,
1927-04-01,0.9000000000000004,,,,
1927-05-01,0.9299999999999997,,,,
1927-06-01,0.9699999999999998,,,,
1927-07-01,0.9500000000000002,,,,
1927-08-01,0.9200000000000008,,,,
1927-09-01,0.8799999999999999,,,,
1927-10-01,0.8700000000000001,,,,
1927-11-01,0.8599999999999994,,,,
1927-12-01,0.8600000000000003,,,,
1928-01-01,0.8899999999999997,,,,
1928-02-01,0.8700000000000001,,,,
1928-03-01,0.8600000000000003,,,,
1928-04-01,0.8700000000000001,,,,
1928-05-01,0.9299999999999997,,,,
1928-06-01,0.9799999999999995,,,,
1928-07-01,0.9699999999999998,,,,
1928-08-01,0.9700000000000006,,,,
1928-09-01,0.9799999999999995,,,,
1928-10-01,0.9699999999999998,,,,
1928-11-01,0.9699999999999998,,,,
1928-12-01,0.9899999999999993,,,,
1929-01-01,1.0099999999999998,,,,
1929-02-01,1.0,,,,
1929-03-01,1.0899999999999999,,,,
1929-04-01,1.1099999999999994,,,,
1929-05-01,1.0999999999999996,,,,
1929-06-01,1.1700000000000008,,,,
1929-07-01,1.1800000000000006,,,,
1929-08-01,1.25,,,,
1929-09-01,1.3200000000000003,,,,
1929-10-01,1.3400000000000007,,,,
1929-11-01,1.2700000000000005,,,,
1929-12-01,1.2800000000000002,,,,
1930-01-01,1.2599999999999998,,,,
1930-02-01,1.1999999999999993,,,,
1930-03-01,1.1100000000000003,,,,
1930-04-01,1.1000000000000005,,,,
1930-05-01,1.12,,,,
1930-06-01,1.21,,,,
1930-07-01,1.25,,,,
1930-08-01,1.2600000000000007,,,,
1930-09-01,1.2300000000000004,,,,
1930-10-01,1.5200000000000005,,,,
1930-11-01,1.7800000000000002,,,,
1930-12-01,2.1900000000000004,,,,
1931-01-01,1.9900000000000002,,,,
1931-02-01,1.9500000000000002,,,,
1931-03-01,2.0500000000000007,,,,
1931-04-01,2.3199999999999994,,,,
1931-05-01,2.7800000000000002,,,,
1931-06-01,3.0,,,,
1931-07-01,2.7199999999999998,,,,
1931-08-01,3.0699999999999994,,,,
1931-09-01,3.5200000000000005,,,,
1931-10-01,4.049999999999999,,,,
1931-11-01,3.9899999999999993,,,,
1931-12-01,5.1,,,,
1932-01-01,3.9300000000000006,,,,
1932-02-01,3.639999999999999,,,,
1932-03-01,3.8499999999999996,,,,
1932-04-01,5.290000000000001,,,,
1932-05-01,5.64,,,,
1932-06-01,5.59,,,,
1932-07-01,5.529999999999999,,,,
1932-08-01,3.3100000000000005,,,,
1932-09-01,2.91,,,,
1932-10-01,3.2300000000000004,,,,
1932-11-01,3.6100000000000003,,,,
1932-12-01,3.83,,,,
1933-01-01,3.5699999999999994,,,,
1933-02-01,3.889999999999999,,,,
1933-03-01,4.23,,,,
1933-04-01,4.339999999999999,,,,
1933-05-01,3.1100000000000003,,,,
1933-06-01,2.6100000000000003,,,,
1933-07-01,2.26,,,,
1933-08-01,2.4699999999999998,,,,
1933-09-01,2.9099999999999993,,,,
1933-10-01,3.1500000000000004,,,,
1933-11-01,3.4400000000000004,,,,
1933-12-01,3.25,,,,
1934-01-01,2.66,,,,
1934-02-01,2.0699999999999994,,,,
1934-03-01,2.13,,,,
1934-04-01,1.9399999999999995,,,,
1934-05-01,2.04,,,,
1934-06-01,2.1299999999999994,,,,
1934-07-01,2.2399999999999998,,,,
1934-08-01,2.56,,,,
1934-09-01,2.6100000000000003,,,,
1934-10-01,2.5000000000000004,,,,
1934-11-01,2.5100000000000002,,,,
1934-12-01,2.4200000000000004,,,,
1935-01-01,2.2100000000000004,,,,
1935-02-01,2.2600000000000002,,,,
1935-03-01,2.5300000000000002,,,,
1935-04-01,2.4699999999999998,,,,
1935-05-01,2.2900000000000005,,,,
1935-06-01,2.1599999999999997,,,,
1935-07-01,2.11,,,,
1935-08-01,1.98,,,,
1935-09-01,1.9400000000000004,,,,
1935-10-01,2.02,,,,
1935-11-01,1.9599999999999995,,,,
1935-12-01,1.8599999999999999,,,,
1936-01-01,1.63,,,,
1936-02-01,1.48,,,,
1936-03-01,1.5700000000000003,,,,
1936-04-01,1.62,,,,
1936-05-01,1.6700000000000004,,,,
1936-06-01,1.6600000000000001,,,,
1936-07-01,1.6099999999999999,,,,
1936-08-01,1.5300000000000002,,,,
1936-09-01,1.44,,,,
1936-10-01,1.3599999999999999,,,,
1936-11-01,1.3699999999999997,,,,
1936-12-01,1.4300000000000002,,,,
1937-01-01,1.3900000000000001,,,,
1937-02-01,1.31,,,,
1937-03-01,1.3599999999999999,,,,
1937-04-01,1.42,,,,
1937-05-01,1.5099999999999998,,,,
1937-06-01,1.65,,,,
1937-07-01,1.6600000000000001,,,,
1937-08-01,1.6799999999999997,,,,
1937-09-01,1.8800000000000003,,,,
1937-10-01,2.2499999999999996,,,,
1937-11-01,2.58,,,,
1937-12-01,2.5200000000000005,,,,
1938-01-01,2.7199999999999998,,,,
1938-02-01,2.7699999999999996,,,,
1938-03-01,3.0799999999999996,,,,
1938-04-01,3.17,,,,
1938-05-01,2.8399999999999994,,,,
1938-06-01,2.99,,,,
1938-07-01,2.4099999999999997,,,,
1938-08-01,2.31,,,,
1938-09-01,2.4400000000000004,,,,
1938-10-01,2.2100000000000004,,,,
1938-11-01,2.1300000000000003,,,,
1938-12-01,2.1899999999999995,,,,
1939-01-01,2.1100000000000003,,,,
1939-02-01,2.05,,,,
1939-03-01,1.8999999999999995,,,,
1939-04-01,2.1300000000000003,,,,
1939-05-01,2.1,,,,
1939-06-01,1.9900000000000002,,,,
1939-07-01,1.9499999999999997,,,,
1939-08-01,1.9199999999999995,,,,
1939-09-01,1.75,,,,
1939-10-01,1.73,,,,
1939-11-01,1.8499999999999996,,,,
1939-12-01,1.98,,,,
1940-01-01,1.9800000000000004,,,,
1940-02-01,1.9700000000000002,,,,
1940-03-01,1.96,,,,
1940-04-01,1.9200000000000004,,,,
1940-05-01,2.0100000000000002,,,,
1940-06-01,2.1500000000000004,,,,
1940-07-01,1.92,,,,
1940-08-01,1.9099999999999997,,,,
1940-09-01,1.8400000000000003,,,,
1940-10-01,1.7699999999999996,,,,
1940-11-01,1.7300000000000004,,,,
1940-12-01,1.7400000000000002,,,,
1941-01-01,1.63,,,,
1941-02-01,1.6400000000000001,,,,
1941-03-01,1.58,,,,
1941-04-01,1.5100000000000002,,,,
1941-05-01,1.5100000000000002,,,,
1941-06-01,1.5399999999999996,,,,
1941-07-01,1.54,,,,
1941-08-01,1.5299999999999994,,,,
1941-09-01,1.5499999999999998,,,,
1941-10-01,1.5500000000000003,,,,
1941-11-01,1.56,,,,
1941-12-01,1.58,,,,
1942-01-01,1.46,,,,
1942-02-01,1.44,,,,
1942-03-01,1.44,,,,
1942-04-01,1.4299999999999997,,,,
1942-05-01,1.4199999999999995,,,,
1942-06-01,1.48,,,,
1942-07-01,1.4699999999999998,,,,
1942-08-01,1.4700000000000002,,,,
1942-09-01,1.46,,,,
1942-10-01,1.4400000000000004,,,,
1942-11-01,1.46,,,,
1942-12-01,1.4700000000000002,,,,
1943-01-01,1.37,,,,
1943-02-01,1.31,,,,
1943-03-01,1.25,,,,
1943-04-01,1.2000000000000002,,,,
1943-05-01,1.17,,,,
1943-06-01,1.1599999999999997,,,,
1943-07-01,1.12,,,,
1943-08-01,1.12,,,,
1943-09-01,1.1400000000000001,,,,
1943-10-01,1.1199999999999997,,,,
1943-11-01,1.12,,,,
1943-12-01,1.0799999999999996,,,,
1944-01-01,1.0399999999999996,,,,
1944-02-01,0.98,,,,
1944-03-01,0.96,,,,
1944-04-01,0.94,,,,
1944-05-01,0.8999999999999999,,,,
1944-06-01,0.8599999999999999,,,,
1944-07-01,0.8499999999999996,,,,
1944-08-01,0.8399999999999999,,,,
1944-09-01,0.8399999999999999,,,,
1944-10-01,0.8299999999999996,,,,
1944-11-01,0.8099999999999996,,,,
1944-12-01,0.79,,,,
1945-01-01,0.77,,,,
1945-02-01,0.7600000000000002,,,,
1945-03-01,0.7599999999999998,,,,
1945-04-01,0.75,,,,
1945-05-01,0.6999999999999997,,,,
1945-06-01,0.6800000000000002,,,,
1945-07-01,0.6599999999999997,,,,
1945-08-01,0.6499999999999999,,,,
1945-09-01,0.6200000000000001,,,,
1945-10-01,0.5800000000000001,,,,
1945-11-01,0.5299999999999998,,,,
1945-12-01,0.4900000000000002,,,,
1946-01-01,0.46999999999999975,,,,
1946-02-01,0.4700000000000002,,,,
1946-03-01,0.46999999999999975,,,,
1946-04-01,0.5,,,,
1946-05-01,0.5100000000000002,,,,
1946-06-01,0.5399999999999996,,,,
1946-07-01,0.5499999999999998,,,,
1946-08-01,0.52,,,,
1946-09-01,0.52,,,,
1946-10-01,0.5499999999999998,,,,
1946-11-01,0.5800000000000001,,,,
1946-12-01,0.56,,,,
1947-01-01,0.56,,,,
1947-02-01,0.5700000000000003,,,,
1947-03-01,0.6000000000000001,,,,
1947-04-01,0.6300000000000003,,,,
1947-05-01,0.6400000000000001,,,,
1947-06-01,0.6600000000000001,,,,
1947-07-01,0.6300000000000003,,,,
1947-08-01,0.6099999999999999,,,,
1947-09-01,0.6200000000000001,,,,
1947-10-01,0.6499999999999999,,,,
1947-11-01,0.6699999999999999,,,,
1947-12-01,0.6600000000000001,,,,
1948-01-01,0.6600000000000001,,,,
1948-02-01,0.6799999999999997,,,,
1948-03-01,0.6999999999999997,,,,
1948-04-01,0.6900000000000004,,,,
1948-05-01,0.6200000000000001,,,,
1948-06-01,0.5800000000000001,,,,
1948-07-01,0.56,,,,
1948-08-01,0.6000000000000001,,,,
1948-09-01,0.6100000000000003,,,,
1948-10-01,0.6600000000000001,,,,
1948-11-01,0.69,,,,
1948-12-01,0.7399999999999998,,,,
1949-01-01,0.75,,,,
1949-02-01,0.7400000000000002,,,,
1949-03-01,0.77,,,,
1949-04-01,0.75,,,,
1949-05-01,0.7400000000000002,,,,
1949-06-01,0.7600000000000002,,,,
1949-07-01,0.79,,,,
1949-08-01,0.7799999999999998,,,,
1949-09-01,0.77,,,,
1949-10-01,0.75,,,,
1949-11-01,0.75,,,,
1949-12-01,0.73,,,,
1950-01-01,0.6700000000000004,,,,0.030737162525268168
1950-02-01,0.6600000000000001,,,,0.02088435792533008
1950-03-01,0.6600000000000001,,,,0.022217498711884387
1950-04-01,0.6299999999999999,,,,0.026824601395410822
1950-05-01,0.6400000000000001,,,,0.026781973021267988
1950-06-01,0.6599999999999997,,,,0.07701612629795743
1950-07-01,0.6699999999999999,,,,0.05706910602761488
1950-08-01,0.6200000000000001,,,,0.033214578536457574
1950-09-01,0.5699999999999998,,,,0.034924914292861466
1950-10-01,0.5500000000000003,,,,0.04051533350232457
1950-11-01,0.5500000000000003,,,,0.051304687223378616
1950-12-01,0.5300000000000002,,,,0.05644064750776424
1951-01-01,0.5099999999999998,,,,0.04164350579443725
1951-02-01,0.5,,,,0.02538105129494984
1951-03-01,0.4500000000000002,,,,0.03275609163801412
1951-04-01,0.48,,,,0.02726513027598834
1951-05-01,0.5099999999999998,,,,0.03784401622054942
1951-06-01,0.5500000000000003,,,,0.03275393852582118
1951-07-01,0.5899999999999999,,,,0.0366661844386502
1951-08-01,0.6200000000000001,,,,0.023500914905004736
1951-09-01,0.6200000000000001,,,,0.015919543295519874
1951-10-01,0.6099999999999999,,,,0.037934066827271955
1951-11-01,0.6000000000000001,,,,0.029038724719022177
1951-12-01,0.6000000000000001,,,,0.019931178770500452
1952-01-01,0.6099999999999999,,,,0.023949260087273286
1952-02-01,0.5999999999999996,,,,0.026791057877570256
1952-03-01,0.5499999999999998,,,,0.02523007621557862
1952-04-01,0.5699999999999998,,,,0.026680542509940418
1952-05-01,0.56,,,,0.022546323112672302
1952-06-01,0.56,,,,0.017891736840246423
1952-07-01,0.5499999999999998,,,,0.018514941761953573
1952-08-01,0.5699999999999998,,,,0.01644180949375476
1952-09-01,0.5699999999999998,,,,0.020664039394304345
1952-10-01,0.5300000000000002,,,,0.03163717769193519
1952-11-01,0.5499999999999998,,,,0.0209466806332059
1952-12-01,0.5399999999999996,,,,0.016464879578557894
1953-01-01,0.48999999999999977,,,,0.020417185981819044
1953-02-01,0.45999999999999996,,,,0.03847568700428192
1953-03-01,0.44999999999999973,,,,0.02619768520990745
1953-04-01,0.41999999999999993,,,,0.03549042697463114
1953-05-01,0.43999999999999995,,,,0.023355277574841887
1953-06-01,0.45999999999999996,,,,0.032435086779275445
1953-07-01,0.5800000000000001,,,,0.02372685367434844
1953-08-01,0.6099999999999999,,,,0.02567950880577042
1953-09-01,0.5899999999999999,,,,0.03283217688069241
1953-10-01,0.6599999999999997,,,,0.023813368081269364
1953-11-01,0.6400000000000001,,,,0.02119044358654065
1953-12-01,0.6100000000000003,,,,0.02008455339082839
1954-01-01,0.6499999999999999,,,,0.021892553722147105
1954-02-01,0.6599999999999997,,,,0.018192877367440637
1954-03-01,0.6499999999999999,,,,0.018671755943418255
1954-04-01,0.6200000000000001,,,,0.027502397372208328
1954-05-01,0.5900000000000003,,,,0.02155359823798507
1954-06-01,0.5900000000000003,,,,0.030585138248114072
1954-07-01,0.6099999999999999,,,,0.02462951230923464
1954-08-01,0.6200000000000001,,,,0.03415981441260017
1954-09-01,0.5800000000000001,,,,0.02656141313341696
1954-10-01,0.5899999999999999,,,,0.022678193360907293
1954-11-01,0.56,,,,0.03455569510398894
1954-12-01,0.5500000000000003,,,,0.04296339280170076
1955-01-01,0.52,,,,0.05027778466855104
1955-02-01,0.54,,,,0.026359713267027
1955-03-01,0.45999999999999996,,,,0.04992177320482575
1955-04-01,0.4800000000000004,,,,0.025020158782953487
1955-05-01,0.45999999999999996,,,,0.026668123732152348
1955-06-01,0.45999999999999996,,,,0.04503278470885459
1955-07-01,0.45999999999999996,,,,0.0463519780696603
1955-08-01,0.4500000000000002,,,,0.03389615063474071
1955-09-01,0.45999999999999996,,,,0.07787326313637032
1955-10-01,0.48999999999999977,,,,0.0517752414421025
1955-11-01,0.48,,,,0.044104191394668625
1955-12-01,0.4700000000000002,,,,0.029531249955846717
1956-01-01,0.4900000000000002,,,,0.034507560026628414
1956-02-01,0.5,,,,0.03335359907230338
1956-03-01,0.5,,,,0.03226062694315148
1956-04-01,0.43999999999999995,,,,0.028631382109310075
1956-05-01,0.4500000000000002,,,,0.042783266185441274
1956-06-01,0.5,,,,0.033570604695045206
1956-07-01,0.52,,,,0.02230170162851933
1956-08-01,0.5,,,,0.040858668686535024
1956-09-01,0.5100000000000002,,,,0.041532346915072176
1956-10-01,0.5800000000000001,,,,0.03964164290613958
1956-11-01,0.5500000000000003,,,,0.04173436377198454
1956-12-01,0.6200000000000001,,,,0.03126905182415713
1957-01-01,0.7200000000000002,,,,0.030298297537344577
1957-02-01,0.7999999999999998,,,,0.03217034238866193
1957-03-01,0.7699999999999996,,,,0.01923429076849157
1957-04-01,0.7700000000000005,,,,0.016537078209087366
1957-05-01,0.7799999999999994,,,,0.022329585022958724
1957-06-01,0.7199999999999998,,,,0.020567860149158047
1957-07-01,0.7400000000000002,,,,0.022716546443946797
1957-08-01,0.7200000000000006,,,,0.046500070983707446
1957-09-01,0.8099999999999996,,,,0.0393806300500792
1957-10-01,0.8900000000000006,,,,0.06756329185259877
1957-11-01,1.0099999999999998,,,,0.057354971190253394
1957-12-01,1.2200000000000002,,,,0.03564777405549065
1958-01-01,1.23,,,,0.02731570785672985
1958-02-01,1.0700000000000003,,,,0.02682872769308743
1958-03-01,1.0499999999999998,,,,0.022733077516932487
1958-04-01,1.0699999999999998,,,,0.027091230172720412
1958-05-01,1.0500000000000003,,,,0.020820248268381334
1958-06-01,0.98,,,,0.02539547972558718
1958-07-01,0.8600000000000003,,,,0.02499131733049873
1958-08-01,0.8199999999999998,,,,0.023504855933083307
1958-09-01,0.7800000000000002,,,,0.021311505482361173
1958-10-01,0.8099999999999996,,,,0.029829608934681305
1958-11-01,0.7800000000000002,,,,0.03727308898048577
1958-12-01,0.7699999999999996,,,,0.02714943130498728
1959-01-01,0.75,,,,0.024106749145196168
1959-02-01,0.75,,,,0.03384759000657901
1959-03-01,0.7199999999999998,,,,0.02208369341689869
1959-04-01,0.6299999999999999,,,,0.022269658543773465
1959-05-01,0.5899999999999999,,,,0.022347891733248432
1959-06-01,0.5800000000000001,,,,0.030028329256756723
1959-07-01,0.6100000000000003,,,,0.021775515206153888
1959-08-01,0.6600000000000001,,,,0.03389517307158539
1959-09-01,0.6600000000000001,,,,0.04133035137895251
1959-10-01,0.71,,,,0.024683337497465704
1959-11-01,0.7000000000000002,,,,0.022342263799595224
1959-12-01,0.7000000000000002,,,,0.017392466251760767
1960-01-01,0.7299999999999995,,,,0.030456891624216505
1960-02-01,0.7800000000000002,,,,0.03389583873045067
1960-03-01,0.7599999999999998,,,,0.030522457055708288
1960-04-01,0.75,-0.40000000000000036,,,0.030160488803630585
1960-05-01,0.8200000000000003,-0.09999999999999964,,,0.020094167891381663
1960-06-01,0.8099999999999996,0.5999999999999996,,,0.022443286661350526
1960-07-01,0.8099999999999996,-0.09999999999999964,,,0.030750413690606812
1960-08-01,0.7999999999999998,0.5,,171.9857005091992,0.025430211762498333
1960-09-01,0.7599999999999998,-0.20000000000000018,,-86.80327331073836,0.04195590594889243
1960-10-01,0.8100000000000005,0.7000000000000002,,397.17375583568924,0.03515792925667722
1960-11-01,0.7700000000000005,-0.10000000000000053,,3.969715593541978,0.030008828763850647
1960-12-01,0.75,0.5,,-92.95925129408775,0.020920488559770585
1961-01-01,0.7799999999999994,-0.20000000000000018,,246.4222245556581,0.026433110574403135
1961-02-01,0.8000000000000007,0.20000000000000018,,81.65260257336233,0.023187465437755874
1961-03-01,0.7999999999999998,0.10000000000000053,,256.65652241604374,0.023441452484043945
1961-04-01,0.7599999999999998,-0.10000000000000053,,-37.93638865131071,0.05855805842724888
1961-05-01,0.7400000000000002,0.10000000000000053,,85.24196977331884,0.020097499414385926
1961-06-01,0.7000000000000002,-0.10000000000000053,,97.94497582653041,0.033597019164371376
1961-07-01,0.6799999999999997,0.10000000000000053,,-39.85652645628504,0.02495658410339585
1961-08-01,0.6600000000000001,0.0,,0.0,0.019957591391873003
1961-09-01,0.6699999999999999,-0.10000000000000053,,47.04071332548876,0.034586761538421384
1961-10-01,0.71,0.0,,101.89065831258239,0.024801489039086872
1961-11-01,0.7200000000000006,-0.7000000000000002,,-54.66620281493624,0.019116213054660502
1961-12-01,0.6799999999999997,0.0,,-32.8087220405744,0.018741823538193716
1962-01-01,0.6600000000000001,-0.2999999999999998,,-12.131737124014851,0.028504429329593576
1962-02-01,0.6500000000000004,-0.20000000000000018,,-80.79958913020705,0.016187166965951443
1962-03-01,0.6500000000000004,-0.09999999999999964,,1373.910901791654,0.016741753439307974
1962-04-01,0.6899999999999995,0.0,,195.17567650942146,0.031023225017945574
1962-05-01,0.7199999999999998,-0.09999999999999964,,41.22469207537589,0.10029492641285231
1962-06-01,0.7399999999999993,0.09999999999999964,,-79.79290757919544,0.07777169706924851
1962-07-01,0.71,-0.20000000000000018,,16.708428263518638,0.042553322375515255
1962-08-01,0.71,0.5,,154.695574814809,0.02828641618246044
1962-09-01,0.71,0.0,,-83.03103117313923,0.03449828000250968
1962-10-01,0.71,-0.2999999999999998,,386.9177243524757,0.058584386257680386
1962-11-01,0.71,0.2999999999999998,,44.91253303609606,0.035540364406410424
1962-12-01,0.6799999999999997,-0.20000000000000018,,-29.878363650099004,0.02485387359548404
1963-01-01,0.7000000000000002,0.20000000000000018,,-89.53258227666717,0.02634715224206481
1963-02-01,0.6999999999999993,0.2999999999999998,,43.56893728319476,0.019862864176483103
1963-03-01,0.6899999999999995,-0.5,,539.2747248565016,0.01892638549582947
1963-04-01,0.6600000000000001,0.10000000000000053,,178.25531299733188,0.017898423063876547
1963-05-01,0.6299999999999999,0.20000000000000018,,97.58188760840018,0.01740856088372835
1963-06-01,0.6099999999999994,-0.20000000000000018,,-62.7402076382214,0.016141939768165366
1963-07-01,0.5800000000000001,-0.10000000000000053,,-43.18945697664465,0.023009843735009902
1963-08-01,0.54,-0.09999999999999964,,0.0,0.01804284562794195
1963-09-01,0.5300000000000002,0.09999999999999964,,269.2443467031676,0.01818084066752357
1963-10-01,0.5099999999999998,-0.09999999999999964,,257.6127690265503,0.02431806858515499
1963-11-01,0.5099999999999998,0.40000000000000036,,-91.47515988707457,0.055433052230123805
1963-12-01,0.5,-0.40000000000000036,,69.89427432593331,0.016517153945310246
1964-01-01,0.4400000000000004,0.09999999999999964,,111.70351208954101,0.013526576884324775
1964-02-01,0.46999999999999975,-0.1999999999999993,,-33.58537807832239,0.008461136142266424
1964-03-01,0.4500000000000002,0.0,,3.71360425189482,0.010700041186386252
1964-04-01,0.4499999999999993,0.0,,-49.02902375350163,0.015961009356343845
1964-05-01,0.4399999999999995,-0.3000000000000007,,-36.062026559635655,0.01605907993098196
1964-06-01,0.4399999999999995,0.20000000000000018,,80.88893966743571,0.019959709425057454
1964-07-01,0.4299999999999997,-0.39999999999999947,,-37.21633710703942,0.014085019578485744
1964-08-01,0.41000000000000014,0.1999999999999993,,-61.17162689645509,0.020698802815342
1964-09-01,0.40000000000000036,0.10000000000000053,,97.80198599969825,0.013036641533513613
1964-10-01,0.3899999999999997,0.0,,146.73626175726665,0.013670421778786615
1964-11-01,0.3799999999999999,-0.20000000000000018,,-76.12076878338004,0.014609016810143396
1964-12-01,0.3699999999999992,-0.09999999999999964,,166.7912193948001,0.01876133405863249
1965-01-01,0.3700000000000001,-0.10000000000000053,,-34.82216092500722,0.012868239542534342
1965-02-01,0.3700000000000001,0.20000000000000018,,-41.51243586069313,0.019861554122620414
1965-03-01,0.3600000000000003,-0.2999999999999998,,179.13986002577983,0.012041546194363806
1965-04-01,0.3700000000000001,0.20000000000000018,,-0.7719485747078147,0.012728544873196915
1965-05-01,0.3699999999999992,-0.3000000000000007,,-39.75023807444234,0.018281564763229737
1965-06-01,0.3899999999999997,0.10000000000000053,,45.376924532572495,0.04552736783992931
1965-07-01,0.39999999999999947,-0.20000000000000018,,-43.90021273973538,0.022849406956704874
1965-08-01,0.3899999999999997,0.0,,-38.011281125706695,0.010356227414565065
1965-09-01,0.39000000000000057,-0.09999999999999964,,20.54347527396456,0.017267764105322006
1965-10-01,0.3700000000000001,-0.10000000000000053,,-17.04237846741561,0.013699260393996588
1965-11-01,0.35000000000000053,-0.09999999999999964,,194.39345589204095,0.011903355437021578
1965-12-01,0.33999999999999986,-0.10000000000000053,,372.7445785897179,0.017359875073305546
1966-01-01,0.3199999999999994,-0.09999999999999964,,-78.34513216027649,0.012317336722881348
1966-02-01,0.33999999999999986,-0.2999999999999998,,-84.19121427119937,0.018229668606209566
1966-03-01,0.40000000000000036,0.09999999999999964,,562.8361554297792,0.030608065503475373
1966-04-01,0.4500000000000002,-0.09999999999999964,,-31.56107186441941,0.0187078665834167
1966-05-01,0.5,0.2999999999999998,,-80.24742082169983,0.04412476792098045
1966-06-01,0.5099999999999998,0.0,,-15.341175679616171,0.022394428088917867
1966-07-01,0.5199999999999996,-0.10000000000000009,,-89.90028359403595,0.03190145701675264
1966-08-01,0.5200000000000005,0.0,,-7.6152448379636635,0.05650593034610044
1966-09-01,0.5999999999999996,-0.10000000000000009,,19.755871584949137,0.03992085162253863
1966-10-01,0.6899999999999995,0.10000000000000009,,-94.06318434909772,0.05024856966018278
1966-11-01,0.7800000000000002,-0.19999999999999973,,623.1856049867947,0.0278565308393703
1966-12-01,0.79,0.09999999999999964,,220.75920926917624,0.025024740815521494
1967-01-01,0.7699999999999996,-0.09999999999999964,,324.10599303411897,0.026980837276537942
1967-02-01,0.79,0.0,,-79.55057912421944,0.020474090257712806
1967-03-01,0.7199999999999998,-0.10000000000000009,,138.97264133205778,0.02231070655201089
1967-04-01,0.7199999999999998,0.10000000000000009,,0.0,0.028920691626993403
1967-05-01,0.7199999999999998,0.09999999999999964,,284.2136650165569,0.029939134636264172
1967-06-01,0.71,0.20000000000000018,,-7.0870470675092,0.03263829536398754
1967-07-01,0.6799999999999997,-0.10000000000000009,,68.7077718464258,0.017605250112903013
1967-08-01,0.71,-0.10000000000000009,,20.18693016710491,0.017229121103703088
1967-09-01,0.75,0.2999999999999998,,90.1912261447082,0.018900268945002727
1967-10-01,0.6999999999999993,0.20000000000000018,,37.29809171966154,0.024675998182247635
1967-11-01,0.6499999999999995,-0.3999999999999999,,60.300910637961366,0.028865156825946314
1967-12-01,0.7399999999999993,-0.19999999999999973,,-92.3482537216683,0.01642614155860141
1968-01-01,0.6699999999999999,-0.20000000000000018,,437.69808815358033,0.022044968945149714
1968-02-01,0.7000000000000002,0.20000000000000018,,162.47438545164354,0.02958982252958262
1968-03-01,0.7399999999999993,-0.10000000000000009,,-50.84867869699687,0.0373679766883312
1968-04-01,0.7599999999999998,-0.10000000000000009,,205.59333966967276,0.04167968131240466
1968-05-01,0.7600000000000007,0.0,,-90.53857630526768,0.01995189706114547
1968-06-01,0.79,0.2999999999999998,,-15.074121630309122,0.027690820808247158
1968-07-01,0.7400000000000002,-0.09999999999999964,,572.4913846207616,0.02754705414766286
1968-08-01,0.8000000000000007,-0.20000000000000018,,-21.665574907001208,0.017757660020205752
1968-09-01,0.8200000000000003,0.10000000000000009,,100.49576394917791,0.016342609160840692
1968-10-01,0.75,0.0,,-31.714235426387926,0.01638648362691553
1968-11-01,0.8199999999999994,-0.30000000000000027,,161.3035290224676,0.016175457790609003
1968-12-01,0.7800000000000002,0.0,,-81.95420053219415,0.01834033358492511
1969-01-01,0.7300000000000004,0.0,,1340.844960778518,0.02452449899841142
1969-02-01,0.6399999999999997,0.0,,-54.7105625428357,0.02451476724225529
1969-03-01,0.6600000000000001,0.10000000000000009,,-69.69764502255677,0.023250089604786715
1969-04-01,0.6500000000000004,0.10000000000000009,,3.1638817018227128,0.023450519868185714
1969-05-01,0.7299999999999995,0.0,,-23.461532097572412,0.02068666612484199
1969-06-01,0.7199999999999998,-0.10000000000000009,,-40.0555971548003,0.027617322093069312
1969-07-01,0.7599999999999998,0.20000000000000018,,-61.304721015773936,0.04837586145729726
1969-08-01,0.8900000000000006,-0.10000000000000009,,0.0,0.030215688445491346
1969-09-01,0.910000000000001,0.5,,363.00295312049445,0.030112210468268168
1969-10-01,0.8900000000000006,-0.10000000000000009,,-77.20870873573361,0.027319935983500687
1969-11-01,0.9000000000000004,-0.5,,-39.47812519196777,0.02261337210481029
1969-12-01,0.9300000000000006,0.0,,-32.843252519600775,0.03349160679047285
1970-01-01,0.9499999999999993,0.5,,-54.46447082977859,0.03357539036477408
1970-02-01,0.8499999999999996,0.30000000000000027,,347.14791116089305,0.03241273649962987
1970-03-01,0.7900000000000009,0.20000000000000018,,73.39331509949763,0.030926720177578797
1970-04-01,0.8699999999999992,0.39999999999999947,,-84.96398985554706,0.04028451430731803
1970-05-01,0.870000000000001,0.20000000000000018,,21.108933921792072,0.08984845023099704
1970-06-01,0.7699999999999996,-0.2999999999999998,,341.1865730408872,0.0517097852345583
1970-07-01,0.9600000000000009,0.2999999999999998,,539.0781352577717,0.04573128969643145
1970-08-01,1.3099999999999987,0.09999999999999964,,-70.6691663726658,0.04270041909800687
1970-09-01,1.3000000000000007,0.40000000000000036,,81.67636418914437,0.03238270262596118
1970-10-01,1.3000000000000007,0.09999999999999964,,43.551039917735366,0.03229356285056173
1970-11-01,1.33,0.20000000000000018,,186.3016997448227,0.030174574005899683
1970-12-01,1.4799999999999995,0.20000000000000018,,587.9709509708551,0.0230577084276994
1971-01-01,1.38,0.0,,-84.50907475950325,0.02324929643608787
1971-02-01,1.3100000000000005,-0.20000000000000018,,10.336125434125165,0.021353832043746437
1971-03-01,1.2500000000000009,0.20000000000000018,,282.83685642963496,0.022117264749341153
1971-04-01,1.1999999999999993,0.09999999999999964,,-8.991443622660377,0.017790800822076343
1971-05-01,1.089999999999999,0.10000000000000053,,19.157621558129524,0.02332481811571087
1971-06-01,1.1100000000000003,-0.6000000000000005,,36.727702573021915,0.029069142066555646
1971-07-01,1.12,0.20000000000000018,,285.7400211582209,0.02511488595552526
1971-08-01,1.17,0.2999999999999998,,5.546475674266538,0.04920162234512465
1971-09-01,1.1499999999999995,-0.09999999999999964,,-78.7787964243036,0.022862982441385116
1971-10-01,1.0900000000000007,-0.20000000000000018,,73.49784429413664,0.025803647276552807
1971-11-01,1.120000000000001,0.20000000000000018,,332.3309507789741,0.04311038346522669
1971-12-01,1.1300000000000008,0.09999999999999964,,171.478803172659,0.033842750700574596
1972-01-01,1.04,-0.1999999999999993,,16.369572545578805,0.022047338512632544
1972-02-01,0.9600000000000009,-0.20000000000000018,,80.83764657471453,0.016831105457376552
1972-03-01,1.0,0.20000000000000018,,-78.17227776951256,0.023363453910201094
1972-04-01,0.9400000000000004,0.0,,-73.02327840821677,0.019743334553688468
1972-05-01,0.9300000000000006,0.0,,206.63528214847076,0.027748510176229726
1972-06-01,0.9699999999999989,-0.40000000000000036,,-11.72175159819442,0.01913451908263514
1972-07-01,1.0200000000000005,0.0,10.299106626553645,-46.58445120584207,0.02436955625278109
1972-08-01,0.9999999999999991,0.09999999999999964,10.299106626553645,317.8244891038342,0.024365081178585594
1972-09-01,0.8700000000000001,-0.09999999999999964,10.299106626553645,-40.79124473432394,0.021822596249503223
1972-10-01,0.8500000000000005,0.0,29.634723310608436,33.954313204745624,0.02928694489791287
1972-11-01,0.8700000000000001,-0.2999999999999998,29.634723310608436,18.889048314194913,0.022037839477411003
1972-12-01,0.8499999999999996,0.0,29.634723310608436,-23.12453738023229,0.022749231786584133
1973-01-01,0.75,-0.20000000000000018,39.74417006516904,45.548508884789804,0.02274800477375327
1973-02-01,0.75,0.09999999999999964,39.74417006516904,-11.0650317182049,0.03561674527835301
1973-03-01,0.7399999999999993,-0.09999999999999964,39.74417006516904,-61.115156785582926,0.03947057578821762
1973-04-01,0.8300000000000001,0.0,84.41417334702817,-57.62824024558443,0.03904855951086622
1973-05-01,0.7700000000000005,0.0,84.41417334702817,466.50534387791913,0.05537959797361871
1973-06-01,0.7600000000000007,-0.20000000000000018,84.41417334702817,-80.66713593289614,0.04650859877502567
1973-07-01,0.79,-0.09999999999999964,-5.924251067313879,37.510294373974126,0.043063836339290666
1973-08-01,0.8499999999999996,0.09999999999999964,-5.924251067313879,-52.53067504529301,0.03313870661372277
1973-09-01,1.0000000000000009,0.0,-5.924251067313879,-83.14580557636697,0.030412999998663093
1973-10-01,0.8100000000000005,-0.2999999999999998,2.82668111364921,-65.59792319772599,0.03667826358007838
1973-11-01,0.75,0.20000000000000018,2.82668111364921,85.19950528127478,0.06660057143216919
1973-12-01,0.8000000000000007,0.20000000000000018,2.82668111364921,-93.3316357944984,0.07297402333447109
1974-01-01,0.6500000000000004,0.2999999999999998,53.9456733027073,202.65940263935195,0.05851733915057556
1974-02-01,0.6799999999999997,0.0,53.9456733027073,897.8019495432316,0.04344366974688358
1974-03-01,0.6099999999999994,-0.10000000000000053,53.9456733027073,-91.89105773714607,0.0412100631823832
1974-04-01,0.6199999999999992,-0.09999999999999964,66.48535432870666,264.09291310685063,0.04168175310612997
1974-05-01,0.6800000000000015,0.20000000000000018,66.48535432870666,-74.7087944225445,0.04582177163180943
1974-06-01,0.7999999999999989,0.0,66.48535432870666,213.8428376721003,0.04789083988808409
1974-07-01,0.7599999999999998,0.09999999999999964,17.758249676343986,-88.17919808750997,0.07009174968583917
1974-08-01,0.7699999999999996,0.10000000000000053,17.758249676343986,-87.03759764853142,0.06916659312612701
1974-09-01,0.9399999999999995,0.39999999999999947,17.758249676343986,-6.210205161527216,0.08855886110356784
1974-10-01,1.2100000000000009,0.20000000000000018,-46.66423026732123,4.370908245268779,0.09921679725507161
1974-11-01,1.709999999999999,0.5,-46.66423026732123,-78.20150047957088,0.05965451731671841
1974-12-01,1.7400000000000002,0.5999999999999996,-46.66423026732123,-79.36452990532375,0.061799841132587276
1975-01-01,1.9800000000000004,1.0999999999999996,-66.28132630885743,367.27132434212626,0.06288492555809985
1975-02-01,2.030000000000001,0.0,-66.28132630885743,-11.502921753974082,0.046670853144849055
1975-03-01,1.8100000000000005,0.5,-66.28132630885743,3.7476202449955753,0.04765687007466002
1975-04-01,1.6300000000000008,0.20000000000000107,41.47694908308919,12.9560317635957,0.04787057252213518
1975-05-01,1.7899999999999991,0.29999999999999893,41.47694908308919,368.6389173306905,0.042446643026442396
1975-06-01,1.8499999999999996,-0.5999999999999996,41.47694908308919,-45.781856081849895,0.036672840154683896
1975-07-01,1.7100000000000009,-0.1999999999999993,121.23186680008482,475.49612533799524,0.03534755128759011
1975-08-01,1.6400000000000006,0.0,121.23186680008482,23.537499097876903,0.048418442668397434
1975-09-01,1.6600000000000001,-0.09999999999999964,121.23186680008482,-17.46965120881433,0.04796450954982947
1975-10-01,1.7599999999999998,0.29999999999999893,-7.561498404786038,598.2807437843452,0.046210098667274
1975-11-01,1.7800000000000011,-0.29999999999999893,-7.561498404786038,-50.507192480891995,0.02846059580580474
1975-12-01,1.7700000000000014,0.0,-7.561498404786038,-44.58295290597762,0.036617231077429487
1976-01-01,1.8100000000000005,-0.5000000000000009,19.66582279811886,-56.61773641596724,0.04421614498105397
1976-02-01,1.6899999999999995,-0.20000000000000018,19.66582279811886,1720.4416073142693,0.03493069919525449
1976-03-01,1.5999999999999996,-0.09999999999999964,19.66582279811886,-58.88108954572385,0.035567145364603384
1976-04-01,1.5399999999999991,0.0,-14.340976667900573,-45.86937797907395,0.03170824330731068
1976-05-01,1.2799999999999994,-0.20000000000000018,-14.340976667900573,44.819799500542516,0.0306721675173458
1976-06-01,1.2700000000000014,0.20000000000000018,-14.340976667900573,88.86374595996669,0.031060561354617454
1976-07-01,1.2599999999999998,0.2999999999999998,19.53635041558868,-58.3426484599439,0.022061866368508307
1976-08-01,1.1900000000000013,0.10000000000000053,19.53635041558868,256.52907441471865,0.02729774982755252
1976-09-01,1.0199999999999996,-0.10000000000000053,19.53635041558868,602.4815268827092,0.029727167867586664
1976-10-01,0.9699999999999989,0.10000000000000053,10.279730666401932,-13.62090069916697,0.03565302501664624
1976-11-01,0.9800000000000004,0.1999999999999993,10.279730666401932,-44.96530854154557,0.03349460588109179
1976-12-01,1.1399999999999988,-0.1999999999999993,10.279730666401932,370.89942400284815,0.02394141754449287
1977-01-01,1.12,-0.6000000000000005,3.261235949114294,-98.39301575534883,0.02646330479334318
1977-02-01,1.08,0.20000000000000018,3.261235949114294,2285.144263916864,0.0183234034400809
1977-03-01,1.0199999999999996,-0.20000000000000018,3.261235949114294,687.1596947579159,0.02582673724873681
1977-04-01,1.0300000000000011,-0.2999999999999998,99.42816508038736,-77.98060481184433,0.03141231794979891
1977-05-01,0.9599999999999991,-0.09999999999999964,99.42816508038736,40.59551501956982,0.025267428564301277
1977-06-01,0.96,0.1999999999999993,99.42816508038736,-45.80454736536701,0.02369422272495645
1977-07-01,0.9299999999999988,-0.1999999999999993,-1.5281476450315856,315.49589356464054,0.024468679947004836
1977-08-01,0.8399999999999999,0.1999999999999993,-1.5281476450315856,-21.862862051008314,0.024161666850725395
1977-09-01,0.8800000000000008,-0.1999999999999993,-1.5281476450315856,11.221358151616133,0.021548743197929404
1977-10-01,0.8500000000000014,0.09999999999999964,4.709702870697408,120.55898466514994,0.02697305216417567
1977-11-01,0.8699999999999992,-0.09999999999999964,4.709702870697408,-33.94001981219758,0.03718287685797113
1977-12-01,0.8000000000000007,-0.5,4.709702870697408,182.07661051224656,0.02507549920169834
1978-01-01,0.7599999999999998,-0.10000000000000053,-7.410967442009653,-99.10623213730835,0.030241078016363655
1978-02-01,0.7299999999999986,-0.20000000000000018,-7.410967442009653,26.84344547371891,0.02589573075232949
1978-03-01,0.75,0.10000000000000053,-7.410967442009653,2517.097973624055,0.02493565280624913
1978-04-01,0.7599999999999998,-0.20000000000000018,68.86146368895064,91.09270767572116,0.041505315661978355
1978-05-01,0.8000000000000007,0.09999999999999964,68.86146368895064,-47.36579425678724,0.03292435784094776
1978-06-01,0.8399999999999999,-0.39999999999999947,68.86146368895064,14.7973995767114,0.03203747610481042
1978-07-01,0.7199999999999989,0.5,17.016545845645826,-7.716629353328153,0.02906794116647298
1978-08-01,0.7900000000000009,-0.2999999999999998,17.016545845645826,-27.870677543663902,0.031520676417546474
1978-09-01,0.7300000000000004,0.09999999999999964,17.016545845645826,29.362101087204273,0.030804976211102317
1978-10-01,0.6999999999999993,-0.20000000000000018,31.723428988576785,4.128207996567479,0.04612044531130768
1978-11-01,0.8000000000000007,0.0,31.723428988576785,14.759541973300205,0.0559634168477002
1978-12-01,0.7799999999999994,0.10000000000000053,31.723428988576785,12.657053138255536,0.04075184618758155
1979-01-01,0.8800000000000008,-0.10000000000000053,23.923797779388643,-94.98331564201926,0.03161586249276256
1979-02-01,0.8200000000000003,-0.09999999999999964,23.923797779388643,-85.35800764817425,0.02866031067234569
1979-03-01,0.8900000000000006,0.0,23.923797779388643,1672.7165925428803,0.028174992603531592
1979-04-01,0.9499999999999993,0.09999999999999964,2.0459695697795155,-25.781146889250905,0.025398504191003507
1979-05-01,0.9700000000000006,0.0,2.0459695697795155,68.80482439641887,0.030449028856452346
1979-06-01,1.0900000000000016,-0.20000000000000018,2.0459695697795155,99.20904983529005,0.02383136700754246
1979-07-01,1.0899999999999999,0.10000000000000053,29.664107445564824,-58.29363613518734,0.026576552649366057
1979-08-01,1.1199999999999992,0.2999999999999998,29.664107445564824,-10.165706230149596,0.022412073678062153
1979-09-01,1.0999999999999996,-0.20000000000000018,29.664107445564824,90.04192833122985,0.03508549633645417
1979-10-01,1.2699999999999996,0.20000000000000018,2.4563850911557994,-54.97160500051472,0.051195997282118294
1979-11-01,1.2300000000000004,-0.20000000000000018,2.4563850911557994,-83.05235942421521,0.03927905267689753
1979-12-01,1.3200000000000003,0.10000000000000053,2.4563850911557994,7.351269831335916,0.02163507557767323
1980-01-01,1.33,0.2999999999999998,19.264131139478692,-58.17926243474434,0.04355841660888746
1980-02-01,1.1899999999999995,-0.20000000000000018,19.264131139478692,-52.74912857857146,0.04358318626418354
1980-03-01,1.4899999999999984,0.20000000000000018,19.264131139478692,-94.90036845184376,0.06837674334063695
1980-04-01,2.1500000000000004,0.7999999999999998,-52.19508767023697,-22.610604568411784,0.051957303357209515
1980-05-01,2.1799999999999997,0.7999999999999998,-52.19508767023697,-70.66651114026607,0.03882309662081959
1980-06-01,2.130000000000001,-0.09999999999999964,-52.19508767023697,2115.578844612146,0.036955989934588054
1980-07-01,1.58,0.09999999999999964,26.77170926326675,108.09580740457885,0.0367311755848868
1980-08-01,1.5099999999999998,-0.20000000000000018,26.77170926326675,231.59510106508742,0.0413160510455351
1980-09-01,1.6799999999999997,-0.09999999999999964,26.77170926326675,226.5539776221145,0.051578053816057935
1980-10-01,1.92,0.09999999999999964,104.65288850506892,21.257265754152634,0.046782689134792305
1980-11-01,1.67,-0.09999999999999964,104.65288850506892,-10.19729938212034,0.04892159308061325
1980-12-01,1.9299999999999997,-0.09999999999999964,104.65288850506892,-5.270170463004709,0.0546021978601899
1981-01-01,2.219999999999999,0.0,10.637445466342331,32.76992883805831,0.0402266653652542
1981-02-01,2.0199999999999996,-0.10000000000000053,10.637445466342331,-95.7595078760005,0.039215057620829205
1981-03-01,2.01,0.0,10.637445466342331,88.37047167054375,0.04530925923160708
1981-04-01,1.6799999999999997,0.0,-36.731679631707905,71.44778048424013,0.028889826501745625
1981-05-01,1.629999999999999,0.2999999999999998,-36.731679631707905,-84.13216788053359,0.030430914748455874
1981-06-01,2.0500000000000007,-0.2999999999999998,-36.731679631707905,-73.28675677389352,0.03158634271941001
1981-07-01,1.790000000000001,-0.2999999999999998,9.373157578511492,30.278619560950148,0.03325993346426179
1981-08-01,1.4499999999999993,0.20000000000000018,9.373157578511492,-75.90951324939653,0.043048977421263644
1981-09-01,1.4300000000000015,0.2999999999999998,9.373157578511492,-21.794538397793094,0.05260107487372176
1981-10-01,1.709999999999999,0.5,-19.936799627406998,-56.18148163658695,0.045341990943367154
1981-11-01,2.17,0.40000000000000036,-19.936799627406998,21.464116904890496,0.03867571588136117
1981-12-01,2.3200000000000003,0.5,-19.936799627406998,301.65057900140226,0.030201961431900563
1982-01-01,1.9200000000000017,-0.40000000000000036,-55.18748719349771,-65.96043761722156,0.05025696313670598
1982-02-01,1.9100000000000001,0.3000000000000007,-55.18748719349771,115.31018896609875,0.044044692555839975
1982-03-01,2.24,0.1999999999999993,-55.18748719349771,-7.298888724390784,0.04237930013462802
1982-04-01,2.3200000000000003,0.40000000000000036,-12.193715833783425,-57.974668014021965,0.03518257677202233
1982-05-01,2.380000000000001,0.09999999999999964,-12.193715833783425,1130.9686769831565,0.02929373937828628
1982-06-01,2.110000000000001,0.0,-12.193715833783425,-87.85877183666659,0.03857749437182013
1982-07-01,2.1900000000000013,0.3000000000000007,15.041804302357441,2944.4524405840275,0.030975876651601578
1982-08-01,2.6099999999999994,0.0,15.041804302357441,-89.70365844723882,0.07896044549091767
1982-09-01,2.6900000000000013,0.29999999999999893,15.041804302357441,400.95965732769355,0.04599954840768521
1982-10-01,2.610000000000001,0.3000000000000007,1.0113699610502014,-22.429092644379235,0.07813064538630271
1982-11-01,2.620000000000001,0.40000000000000036,1.0113699610502014,1706.4427659339876,0.0734795145289928
1982-12-01,2.3100000000000005,0.0,1.0113699610502014,-84.57887769407274,0.04979431823531927
1983-01-01,2.1500000000000004,-0.40000000000000036,-21.187921251147223,5779.669723160011,0.057271352282990996
1983-02-01,1.9399999999999995,0.0,-21.187921251147223,31.852004524807832,0.04366737695279222
1983-03-01,1.879999999999999,-0.09999999999999964,-21.187921251147223,-64.44895703580144,0.03954353834835533
1983-04-01,1.7799999999999994,-0.10000000000000142,48.073395777379325,-60.817807323114195,0.0375760380979602
1983-05-01,1.629999999999999,-0.09999999999999964,48.073395777379325,809.7285182816663,0.03301685188615979
1983-06-01,1.629999999999999,-0.09999999999999964,48.073395777379325,-25.80616333804936,0.03688161495121078
1983-07-01,1.2400000000000002,-0.5,70.93951044084217,-4.044384923842703,0.04807423736953522
1983-08-01,1.1300000000000008,0.0,70.93951044084217,255.29277728965417,0.03703112236026048
1983-09-01,1.1800000000000015,-0.1999999999999993,70.93951044084217,-85.00491666968021,0.03237615882952112
1983-10-01,1.2100000000000009,-0.5,2.848824736517308,-27.671073873891693,0.03342966205531841
1983-11-01,1.1999999999999993,-0.40000000000000036,2.848824736517308,187.6481636921548,0.028838121736804032
1983-12-01,1.1799999999999997,-0.20000000000000107,2.848824736517308,-46.42859222811501,0.02304057660707562
1984-01-01,1.450000000000001,-0.1999999999999993,16.621037155463636,428.199689678623,0.028098260810747726
1984-02-01,1.5099999999999998,-0.20000000000000018,16.621037155463636,419.9185866723784,0.04502915322143851
1984-03-01,1.42,0.0,16.621037155463636,-97.05010820408273,0.03675918528600427
1984-04-01,1.5,0.0,12.389082814461073,777.5600134078768,0.032149046458369517
1984-05-01,1.4600000000000009,-0.2999999999999998,12.389082814461073,-68.67804933225612,0.030645828078064086
1984-06-01,1.5,-0.40000000000000036,12.389082814461073,115.84938471439341,0.04081032897894037
1984-07-01,1.7100000000000009,0.40000000000000036,-31.107090866402466,-59.81452925313433,0.02947778103062473
1984-08-01,1.7600000000000016,0.0,-31.107090866402466,-80.45776918857099,0.05534386692622333
1984-09-01,1.6899999999999995,-0.09999999999999964,-31.107090866402466,182.61926430568013,0.030633120358808143
1984-10-01,1.3099999999999987,0.0,8.896804190105122,-70.23791021393656,0.03573142855615927
1984-11-01,1.1900000000000013,-0.20000000000000018,8.896804190105122,10.797167220464665,0.03196567166799821
1984-12-01,1.2699999999999996,0.0,8.896804190105122,57.55887462930929,0.034204279671041504
1985-01-01,1.1799999999999997,0.20000000000000018,-6.3101502712394115,463.6719953243661,0.04014684184451713
1985-02-01,1.0999999999999996,-0.10000000000000053,-6.3101502712394115,-74.06912393192508,0.027206948572777553
1985-03-01,1.129999999999999,0.0,-6.3101502712394115,474.8357933501776,0.02829344493830929
1985-04-01,1.2799999999999994,0.0,-9.631210937500011,12.01316500478109,0.021464612377202038
1985-05-01,1.4299999999999997,0.0,-9.631210937500011,-81.37366754303564,0.028776050850065453
1985-06-01,1.4600000000000009,0.0,-9.631210937500011,34.89181843774362,0.027188993481384285
1985-07-01,1.459999999999999,0.0,14.176690242318113,-30.540210528467938,0.026855250337070178
1985-08-01,1.4499999999999993,-0.2999999999999998,14.176690242318113,95.45719014528599,0.025144587593319143
1985-09-01,1.4100000000000001,0.09999999999999964,14.176690242318113,-69.78008318066462,0.029458896122003957
1985-10-01,1.3399999999999999,0.0,26.025002760866034,256.7640089361813,0.030073155740894145
1985-11-01,1.4399999999999995,-0.09999999999999964,26.025002760866034,-78.73175029442507,0.03051446649925125
1985-12-01,1.42,-0.09999999999999964,26.025002760866034,701.5490647616168,0.03494845722664719
1986-01-01,1.3899999999999988,-0.20000000000000018,-24.189028894775067,355.9865743117088,0.04399715366507455
1986-02-01,1.4399999999999995,0.5999999999999996,-24.189028894775067,-45.50455526056913,0.03289021434485738
1986-03-01,1.5,-0.09999999999999964,-24.189028894775067,-19.71841536191048,0.03688233432815416
1986-04-01,1.4000000000000004,-0.10000000000000053,3.7800292554392767,43.88554680309231,0.04962048780354281
1986-05-01,1.1999999999999993,0.20000000000000018,3.7800292554392767,-52.54689459869874,0.036845568319456276
1986-06-01,1.209999999999999,-0.20000000000000018,3.7800292554392767,-24.15402013887039,0.04002224951340419
1986-07-01,1.2799999999999994,-0.1999999999999993,9.40554884399971,-16.21426174290176,0.04961410199150144
1986-08-01,1.459999999999999,-0.10000000000000053,9.40554884399971,2.6724499065772456,0.035279002335015006
1986-09-01,1.3099999999999987,0.20000000000000018,9.40554884399971,-62.231398061172506,0.06589089664845885
1986-10-01,1.3800000000000008,0.0,0.5567140350085875,-20.60829888300265,0.03136147556719998
1986-11-01,1.3900000000000006,0.0,0.5567140350085875,-30.906878873802224,0.041738057830720196
1986-12-01,1.4800000000000004,-0.2999999999999998,0.5567140350085875,322.8011306096249,0.035461335410992355
1987-01-01,1.3600000000000012,0.0,-19.472956256474706,2.6964691070783475,0.04942036009290577
1987-02-01,1.2699999999999996,0.0,-19.472956256474706,34.35816793365116,0.03741419546136109
1987-03-01,1.25,-0.10000000000000053,-19.472956256474706,-39.942622943990415,0.044460834857650414
1987-04-01,1.1899999999999995,-0.2999999999999998,-6.288200501285457,-40.450631475828736,0.06485295941231171
1987-05-01,1.1799999999999997,0.0,-6.288200501285457,-43.52455936406636,0.04992845941670452
1987-06-01,1.1999999999999993,-0.20000000000000018,-6.288200501285457,-20.092909593518137,0.03262061443409704
1987-07-01,1.1899999999999995,-0.09999999999999964,22.865141335301644,17.052580700443265,0.02854057485854141
1987-08-01,1.1300000000000008,0.0,22.865141335301644,-19.586074188620263,0.042048143685984564
1987-09-01,1.1300000000000008,-0.09999999999999964,22.865141335301644,90.10707955173523,0.05023892944660555
1987-10-01,1.0999999999999996,0.09999999999999964,7.853758014938994,-69.19713615903981,0.2852701071362293
1987-11-01,1.2200000000000006,-0.09999999999999964,7.853758014938994,157.34575964879082,0.08296581466582004
1987-12-01,1.1799999999999997,-0.10000000000000053,7.853758014938994,-87.77478122480832,0.08273968776219456
1988-01-01,1.1899999999999995,0.0,6.243719205104714,2.6517813911846266,0.09706962974662064
1988-02-01,1.2199999999999989,-0.09999999999999964,6.243719205104714,166.07243654742425,0.04413305523931158
1988-03-01,1.1799999999999997,-0.10000000000000053,6.243719205104714,47.293622425786495,0.040990456919225676
1988-04-01,1.2300000000000004,-0.1999999999999993,67.70101123087137,14.93273035946945,0.05938140365232668
1988-05-01,1.1399999999999988,0.1999999999999993,67.70101123087137,-76.40618092954998,0.05025503029711187
1988-06-01,1.1400000000000006,-0.2999999999999998,67.70101123087137,80.77559383189559,0.048435920104182476
1988-07-01,1.1499999999999986,0.10000000000000053,-8.142238907052556,33.03425894098617,0.04361664660200934
1988-08-01,1.1000000000000014,0.1999999999999993,-8.142238907052556,-35.26831592871489,0.03739297461117392
1988-09-01,1.08,-0.1999999999999993,-8.142238907052556,15.16860136704079,0.034327279934229286
1988-10-01,0.9000000000000004,-0.10000000000000053,29.235695341230183,123.9880258223105,0.040229590676606065
1988-11-01,1.0300000000000011,0.10000000000000053,29.235695341230183,7.17551095059874,0.03690651015872383
1988-12-01,1.08,-0.10000000000000053,29.235695341230183,-26.156568893376743,0.02497195564338852
1989-01-01,1.0300000000000011,0.10000000000000053,-5.186363034503405,253.23513380846813,0.030929058516620356
1989-02-01,0.9699999999999989,-0.3000000000000007,-5.186363034503405,-76.97189171050901,0.0344472841998782
1989-03-01,0.8699999999999992,-0.09999999999999964,-5.186363034503405,-56.72718848762705,0.03597418727114191
1989-04-01,0.8200000000000003,0.2999999999999998,-15.9609528427459,-26.896086123681982,0.0307661622904188
1989-05-01,0.8900000000000006,-0.09999999999999964,-15.9609528427459,-36.183233136001604,0.03258431262491013
1989-06-01,0.9299999999999997,0.09999999999999964,-15.9609528427459,119.93995297267692,0.03784335404866866
1989-07-01,0.9399999999999995,-0.09999999999999964,-31.448885975997232,28.972174274423423,0.03177807586367303
1989-08-01,0.9199999999999999,0.0,-31.448885975997232,-48.53154761141173,0.03705732358597468
1989-09-01,0.9000000000000004,0.09999999999999964,-31.448885975997232,-56.22091831746794,0.023475228782644155
1989-10-01,0.8900000000000006,0.0,20.701096444931743,307.9622007639254,0.07639922299682816
1989-11-01,0.9199999999999999,0.10000000000000053,20.701096444931743,-39.90513417652542,0.02909030414425992
1989-12-01,0.9600000000000009,-0.10000000000000053,20.701096444931743,-68.83221145997173,0.03053977069852005
1990-01-01,0.9499999999999993,0.0,0.7679964746123424,2593.003343624458,0.054027458737261905
1990-02-01,0.9199999999999999,0.0,0.7679964746123424,-68.20743557924249,0.03174602207080078
1990-03-01,0.8400000000000016,-0.09999999999999964,0.7679964746123424,-73.80201629766646,0.032072222303118944
1990-04-01,0.8399999999999999,0.20000000000000018,27.09948466474572,-50.88678031875068,0.031136837280353373
1990-05-01,0.9399999999999995,-0.10000000000000053,27.09948466474572,-31.062580287388563,0.03663147088561001
1990-06-01,0.9600000000000009,-0.09999999999999964,27.09948466474572,-26.06836462280866,0.03682047905868556
1990-07-01,0.9599999999999991,0.2999999999999998,27.676941582699754,-25.871518704264417,0.03610556085014085
1990-08-01,1.0,0.09999999999999964,27.676941582699754,-19.87199392039295,0.07673047966155266
1990-09-01,1.08,0.10000000000000053,27.676941582699754,8.85875067437285,0.04471798454912195
1990-10-01,1.2100000000000009,0.0,9.098538072262219,-64.56288028153871,0.06693132154038992
1990-11-01,1.3199999999999985,0.20000000000000018,9.098538072262219,164.80034644907082,0.04922943246594432
1990-12-01,1.379999999999999,0.1999999999999993,9.098538072262219,-80.07132021574816,0.028120157842767578
1991-01-01,1.4100000000000001,0.10000000000000053,-26.64626095934216,-83.35739611542773,0.05607860353046449
1991-02-01,1.2400000000000002,0.2999999999999998,-26.64626095934216,515.6422129444517,0.04902464822157266
1991-03-01,1.1600000000000001,0.2999999999999998,-26.64626095934216,-67.31548893939947,0.03692061448603783
1991-04-01,1.08,-0.20000000000000018,-8.987999513118838,106.17963268143052,0.045440954992766056
1991-05-01,1.0,0.3000000000000007,-8.987999513118838,36.268225373409834,0.03985279218752487
1991-06-01,0.9500000000000011,0.09999999999999964,-8.987999513118838,99.09585483876415,0.03446838357361358
1991-07-01,0.8900000000000006,-0.20000000000000018,81.09445025078557,40.671222155396826,0.03312347613556398
1991-08-01,0.9000000000000004,0.0,81.09445025078557,-5.465580637945589,0.04497760619164461
1991-09-01,0.9000000000000004,-0.09999999999999964,81.09445025078557,-30.65605184519564,0.0218394331673093
1991-10-01,0.9399999999999995,0.09999999999999964,0.8452145312693782,103.48049785378097,0.03348552295100939
1991-11-01,0.9699999999999989,0.0,0.8452145312693782,-28.32630297997939,0.04584716408678731
1991-12-01,0.9499999999999993,0.2999999999999998,0.8452145312693782,50.59816946132547,0.04487843470660418
1992-01-01,0.9300000000000015,0.0,34.40415056054162,96.763311588704,0.029499824995010478
1992-02-01,0.9400000000000013,0.20000000000000018,34.40415056054162,278.86180515417277,0.030188452949993574
1992-03-01,0.9000000000000004,0.0,34.40415056054162,73.08551307020304,0.02172069543884619
1992-04-01,0.8800000000000008,-0.09999999999999964,71.84788739053425,-91.17516503945336,0.04073349250771855
1992-05-01,0.8500000000000014,0.2999999999999998,71.84788739053425,224.76029607108825,0.02623344328862895
1992-06-01,0.8300000000000001,0.2999999999999998,71.84788739053425,-46.79052973372559,0.027478522398854916
1992-07-01,0.7699999999999996,-0.09999999999999964,-24.33810060017875,-39.589731528792896,0.0298739785834827
1992-08-01,0.7000000000000002,-0.10000000000000053,-24.33810060017875,233.0238652916176,0.019264811092072648
1992-09-01,0.6999999999999993,-0.09999999999999964,-24.33810060017875,20.071317844322678,0.029552952772107944
1992-10-01,0.8499999999999996,-0.09999999999999964,51.13808510521061,-22.954563176034448,0.03075365856505708
1992-11-01,0.8600000000000012,-0.20000000000000018,51.13808510521061,13.458374041163811,0.022494843439430118
1992-12-01,0.8300000000000001,0.09999999999999964,51.13808510521061,76.14594938958813,0.021640143239501204
1993-01-01,0.7599999999999998,-0.20000000000000018,19.78523380958659,-65.32765190955973,0.018666997299132418
1993-02-01,0.6800000000000006,-0.09999999999999964,19.78523380958659,17.351365272468456,0.03401785935736563
1993-03-01,0.5700000000000003,0.0,19.78523380958659,-53.16684203854858,0.03155644553602828
1993-04-01,0.6800000000000006,0.0,17.604023852021978,124.37421976461876,0.031782097160988655
1993-05-01,0.7800000000000011,-0.09999999999999964,17.604023852021978,35.36767003855521,0.028539792956218488
1993-06-01,0.7400000000000002,0.09999999999999964,17.604023852021978,10.084423821885524,0.02395608993833233
1993-07-01,0.7599999999999998,-0.20000000000000018,16.184388246742,-33.55519977048945,0.024666692863106555
1993-08-01,0.75,-0.09999999999999964,16.184388246742,186.21124464514162,0.016732571528630075
1993-09-01,0.6799999999999997,0.0,16.184388246742,28.571898868833113,0.02167863265524804
1993-10-01,0.6399999999999997,0.09999999999999964,37.983586363080924,48.170187748233715,0.01766596383502216
1993-11-01,0.7300000000000004,-0.39999999999999947,37.983586363080924,35.7347965192931,0.02406559628523463
1993-12-01,0.7600000000000007,0.0,37.983586363080924,139.29434438333536,0.016409885409823324
1994-01-01,0.7300000000000004,0.2999999999999998,-15.781802864301241,-87.61309901813493,0.020518875442581307
1994-02-01,0.6799999999999997,-0.20000000000000018,-15.781802864301241,14.832400246373023,0.03226099158483555
1994-03-01,0.6500000000000004,0.0,-15.781802864301241,312.24671486751674,0.030027727583206907
1994-04-01,0.6399999999999997,-0.09999999999999964,62.3657277106606,-13.71745278847829,0.03693038986957396
1994-05-01,0.629999999999999,-0.40000000000000036,62.3657277106606,56.087256657803366,0.027400815250102104
1994-06-01,0.6800000000000006,0.0,62.3657277106606,-73.68879000814796,0.028311371022656233
1994-07-01,0.6900000000000013,0.09999999999999964,11.53770263142433,74.26617145584046,0.01804806212188446
1994-08-01,0.6699999999999999,0.0,11.53770263142433,25.46016266278075,0.023569221723621234
1994-09-01,0.6400000000000006,-0.1999999999999993,11.53770263142433,95.72891993216679,0.028402405750024253
1994-10-01,0.629999999999999,-0.10000000000000053,9.261437951317287,-57.873961406361474,0.03396562904213923
1994-11-01,0.6400000000000006,-0.20000000000000018,9.261437951317287,166.96842819814094,0.029050365901916057
1994-12-01,0.6399999999999988,-0.1999999999999993,9.261437951317287,-8.242583978104756,0.026564074946484634
1995-01-01,0.6199999999999992,0.2999999999999998,14.324374914088267,-71.53458904270029,0.016978688730812236
1995-02-01,0.5899999999999999,-0.2999999999999998,14.324374914088267,-38.1256218570314,0.021529097988678872
1995-03-01,0.5800000000000001,0.09999999999999964,14.324374914088267,-65.40513919979595,0.021926901746738073
1995-04-01,0.5700000000000003,0.2999999999999998,7.530625580474015,27.788546772972023,0.015995161660388793
1995-05-01,0.5499999999999989,-0.09999999999999964,7.530625580474015,2.951819745084272,0.03170901641030786
1995-06-01,0.6000000000000005,-0.10000000000000053,7.530625580474015,25.888056885990384,0.02634164874090861
1995-07-01,0.629999999999999,0.10000000000000053,37.23671044525672,189.54017339724984,0.027780638324844696
1995-08-01,0.6199999999999992,-0.10000000000000053,37.23671044525672,16.82533097873886,0.014364020589753121
1995-09-01,0.6099999999999994,0.0,37.23671044525672,-6.654895521629012,0.01947759674260715
1995-10-01,0.6299999999999999,-0.09999999999999964,7.690937577545998,-37.28097706509601,0.022092825575755048
1995-11-01,0.6600000000000001,0.09999999999999964,7.690937577545998,106.00760135872784,0.02330879397443497
1995-12-01,0.6699999999999999,0.0,7.690937577545998,-25.87970345384599,0.02868817395134553
1996-01-01,0.6600000000000001,0.20000000000000018,14.491946318745308,67.73443676016633,0.037226583106993144
1996-02-01,0.6399999999999997,-0.2999999999999998,14.491946318745308,43.28994152466925,0.03555899326377282
1996-03-01,0.6799999999999997,0.09999999999999964,14.491946318745308,-29.630064577577684,0.04200452732015318
1996-04-01,0.6899999999999995,-0.1999999999999993,1.5864836742335964,79.08982534809871,0.03140580001990676
1996-05-01,0.6800000000000006,0.1999999999999993,1.5864836742335964,-49.89321596752353,0.03354081611691621
1996-06-01,0.6900000000000004,-0.2999999999999998,1.5864836742335964,46.066549036010414,0.01984966053836052
1996-07-01,0.6999999999999993,0.10000000000000053,-9.371574852214904,-18.489166307306725,0.04882833467808061
1996-08-01,0.7199999999999998,-0.3000000000000007,-9.371574852214904,75.74468689916883,0.033356242131381365
1996-09-01,0.6899999999999995,0.10000000000000053,-9.371574852214904,-50.58389531366192,0.02609973910179982
1996-10-01,0.6800000000000006,0.0,11.209904946937655,-46.01143806092727,0.02455320708653924
1996-11-01,0.6900000000000004,0.20000000000000018,11.209904946937655,243.63873355771156,0.026396726960985505
1996-12-01,0.6899999999999995,-0.10000000000000053,11.209904946937655,-79.06903413941488,0.04136202636182446
1997-01-01,0.6699999999999999,0.10000000000000053,19.174720072692985,20.69949433026357,0.03675623694366864
1997-02-01,0.6300000000000008,-0.10000000000000053,19.174720072692985,342.0536989414204,0.03835040285829576
1997-03-01,0.6299999999999999,-0.09999999999999964,19.174720072692985,-56.718916810731876,0.04498535077032459
1997-04-01,0.6099999999999994,-0.2999999999999998,51.27543865585509,48.81770062041071,0.05472070712876741
1997-05-01,0.6199999999999992,-0.10000000000000053,51.27543865585509,-47.04293454397044,0.04464926834528097
1997-06-01,0.6099999999999994,0.20000000000000018,51.27543865585509,58.94340882423039,0.04434835916309887
1997-07-01,0.6100000000000003,-0.20000000000000018,9.08926642547685,-4.054860848246755,0.044672162645313145
1997-08-01,0.6000000000000005,0.10000000000000053,9.08926642547685,-51.210328212108045,0.049886795012444196
1997-09-01,0.5499999999999998,0.0,9.08926642547685,215.60570033712696,0.05076625864380374
1997-10-01,0.5700000000000003,-0.20000000000000018,0.2484728071058262,24.84902129173676,0.09789446413918454
1997-11-01,0.5499999999999998,-0.10000000000000053,0.2484728071058262,2.3816295066917847,0.05141735978847579
1997-12-01,0.5600000000000005,0.10000000000000053,0.2484728071058262,-9.010558779105926,0.04728806843227744
1998-01-01,0.5800000000000001,0.0,-8.5591586426516,12.515156606983858,0.049846356351461354
1998-02-01,0.5800000000000001,-0.10000000000000053,-8.5591586426516,116.51863308869915,0.03224974471795385
1998-03-01,0.6000000000000005,0.10000000000000053,-8.5591586426516,-28.9824149874933,0.03353933601572863
1998-04-01,0.6399999999999997,-0.40000000000000036,6.494947814394103,-32.90185191926557,0.040219424657789535
1998-05-01,0.6099999999999994,0.0,6.494947814394103,-6.066361660662578,0.031005342538535385
1998-06-01,0.5999999999999996,0.20000000000000018,6.494947814394103,91.32562918007304,0.04574687156058738
1998-07-01,0.6000000000000005,0.0,-5.939913065312618,109.99434223940519,0.04736862293278926
1998-08-01,0.6200000000000001,0.0,-5.939913065312618,-53.082539749573,0.09883905056116431
1998-09-01,0.6899999999999995,0.09999999999999964,-5.939913065312618,-24.30587915934398,0.09896625583399489
1998-10-01,0.8099999999999996,0.0,-0.5904042914663732,139.53107999098765,0.07144206086592164
1998-11-01,0.9299999999999997,-0.1999999999999993,-0.5904042914663732,-28.119442423720574,0.0440181956729434
1998-12-01,1.0100000000000007,-0.10000000000000053,-0.5904042914663732,65.84160614087466,0.057185314745973256
1999-01-01,1.0499999999999998,0.0,18.132767586574783,77.2135948798338,0.057575402114576665
1999-02-01,0.9899999999999993,0.10000000000000053,18.132767586574783,-3.2757075081829568,0.0589742294199973
1999-03-01,0.9100000000000001,-0.20000000000000018,18.132767586574783,-19.92177635156729,0.056601381113468706
1999-04-01,0.8400000000000007,0.09999999999999964,15.527613332182245,-74.87139698325626,0.052078491789499325
1999-05-01,0.79,-0.09999999999999964,15.527613332182245,112.43762391651116,0.055711033348819224
1999-06-01,0.7899999999999991,0.09999999999999964,15.527613332182245,-53.9927739336368,0.04884509755767422
1999-07-01,0.7599999999999998,0.0,88.74846073472983,95.12879784158326,0.04035052115108384
1999-08-01,0.75,-0.09999999999999964,88.74846073472983,11.391635916273636,0.05215793318294216
1999-09-01,0.8099999999999996,0.0,88.74846073472983,-34.4679074722253,0.052001520639736225
1999-10-01,0.830000000000001,-0.10000000000000053,8.26307291147057,7.6739385856212206,0.06956142959831509
1999-11-01,0.79,0.0,8.26307291147057,-18.794211954745577,0.03673867120829245
1999-12-01,0.6399999999999997,0.0,8.26307291147057,125.21915889608249,0.03375370287420889
2000-01-01,0.5499999999999998,-0.09999999999999964,16.968171620325734,54.28907118117734,0.07260849241322788
2000-02-01,0.6099999999999994,0.09999999999999964,16.968171620325734,4.132607865212101,0.0551616051965533
2000-03-01,0.6899999999999995,0.0,16.968171620325734,-71.52358366678664,0.08088735549207222
2000-04-01,0.7600000000000007,-0.19999999999999973,9.316749682152459,54.260460417401205,0.0898684595884525
2000-05-01,0.9100000000000001,0.19999999999999973,9.316749682152459,-40.76072016887966,0.07188809305104167
2000-06-01,0.8100000000000005,-0.09999999999999964,9.316749682152459,-25.166611158791717,0.04842083065025837
2000-07-01,0.6999999999999993,0.0,2.9899826627972637,-28.020417980899946,0.04558477253700046
2000-08-01,0.71,0.09999999999999964,2.9899826627972637,16.166470516405607,0.032126512073524634
2000-09-01,0.7299999999999995,-0.19999999999999973,2.9899826627972637,-0.7809918119784709,0.039979183935226155
2000-10-01,0.79,0.0,-15.893337515185857,1.5799544498781737,0.07434017012760094
2000-11-01,0.8299999999999992,0.10000000000000009,-15.893337515185857,26.202271250686394,0.05745122927587932
2000-12-01,0.8099999999999996,0.0,-15.893337515185857,10.457279606534197,0.07260680515403348
2001-01-01,0.7799999999999994,0.20000000000000018,-11.70826414027083,76.03465831799187,0.06965326586123786
2001-02-01,0.7700000000000005,0.0,-11.70826414027083,-2.8688991549774334,0.050520700438506344
2001-03-01,0.8599999999999994,0.09999999999999964,-11.70826414027083,-22.144514256038228,0.085221532312994
2001-04-01,0.8700000000000001,0.20000000000000018,-50.85321468182576,-2.935567322219057,0.08551780377310786
2001-05-01,0.7800000000000002,-0.09999999999999964,-50.85321468182576,10.138122608049827,0.05017568462284256
2001-06-01,0.79,0.09999999999999964,-50.85321468182576,30.13799640078485,0.03889382410744403
2001-07-01,0.8399999999999999,0.0,-24.376346717390128,10.61676737844719,0.0539238869428969
2001-08-01,0.8300000000000001,0.40000000000000036,-24.376346717390128,-66.33077131352744,0.04728848729253367
2001-09-01,0.8599999999999994,0.0,-24.376346717390128,43.87597893611601,0.08534038852317205
2001-10-01,0.8799999999999999,0.5,-35.3016504293577,-15.541402220975996,0.056967897797394744
2001-11-01,0.8399999999999999,0.2999999999999998,-35.3016504293577,101.04358703360847,0.04656279106897887
2001-12-01,1.2800000000000011,0.09999999999999964,-35.3016504293577,-42.87779000322133,0.042350582328378975
2002-01-01,1.3200000000000003,-0.20000000000000018,3.5264117569263176,122.18137442130397,0.04698158033452069
2002-02-01,1.38,-0.09999999999999964,3.5264117569263176,88.46491675958848,0.050796135141157175
2002-03-01,1.2999999999999998,0.20000000000000018,3.5264117569263176,-57.88624409462619,0.04471735312396979
2002-04-01,1.2699999999999996,0.2999999999999998,15.050903060525878,-49.463315085624075,0.048252526350836586
2002-05-01,1.3399999999999999,-0.20000000000000018,15.050903060525878,267.1284428029948,0.06368229005658901
2002-06-01,1.3200000000000003,0.10000000000000053,15.050903060525878,-34.949217562311105,0.06102998787312255
2002-07-01,1.37,0.0,8.833075047987492,-15.313810792000272,0.12323381853913029
2002-08-01,1.21,-0.20000000000000018,8.833075047987492,-25.522573521616053,0.09681384671909692
2002-09-01,1.25,-0.10000000000000053,8.833075047987492,410.0720111669413,0.08665916529160897
2002-10-01,1.4100000000000001,0.10000000000000053,17.63380210668779,-81.25444748153943,0.10665578555742737
2002-11-01,1.3100000000000005,0.2999999999999998,17.63380210668779,98.143504322999,0.06648985334928197
2002-12-01,1.2400000000000002,0.0,17.63380210668779,155.53518972920148,0.051460551773438355
2003-01-01,1.1799999999999997,-0.2999999999999998,10.461080358828179,10.262520994820479,0.07185806945258669
2003-02-01,1.1099999999999994,0.09999999999999964,10.461080358828179,-79.36761383456854,0.050586295702010085
2003-03-01,1.0600000000000005,0.0,10.461080358828179,205.09130404008295,0.07817853258164403
2003-04-01,1.1099999999999994,0.20000000000000018,-8.77865391962327,-65.2294768416218,0.05500900605595967
2003-05-01,1.1600000000000001,0.09999999999999964,-8.77865391962327,107.16834629054746,0.04716901554678562
2003-06-01,1.2200000000000006,0.3000000000000007,-8.77865391962327,61.947433006280164,0.04460381378073581
2003-07-01,1.13,-0.20000000000000018,40.49622084920455,56.93557832477858,0.04514931908975244
2003-08-01,1.13,-0.10000000000000053,40.49622084920455,-28.684074438517126,0.031163195504059882
2003-09-01,1.0700000000000003,0.0,40.49622084920455,55.29848667855808,0.04327273852843823
2003-10-01,1.0300000000000002,-0.09999999999999964,269.3441933539318,56.6927767439467,0.03736562351298102
2003-11-01,1.0099999999999998,-0.09999999999999964,269.3441933539318,92.56231091323536,0.030241289520669134
2003-12-01,0.9799999999999995,-0.20000000000000018,269.3441933539318,10.94858978196771,0.029795398479998878
2004-01-01,0.9000000000000004,-0.10000000000000053,-17.814925848223684,-67.15271130802056,0.03127108716618548
2004-02-01,0.7699999999999996,0.0,-17.814925848223684,-26.402763392756455,0.024647810435428758
2004-03-01,0.7800000000000002,0.10000000000000053,-17.814925848223684,157.3010167893485,0.04454851866118189
2004-04-01,0.7299999999999995,-0.10000000000000053,19.309910268090658,-20.49762113032969,0.03516665147019815
2004-05-01,0.71,0.0,19.309910268090658,-1.2121063847489788,0.03125724552346998
2004-06-01,0.7700000000000005,0.0,19.309910268090658,-65.05338458077618,0.0277129849629397
2004-07-01,0.7999999999999998,-0.09999999999999964,-4.4253101943417805,205.9553187581405,0.027950636947770245
2004-08-01,0.8099999999999996,-0.09999999999999964,-4.4253101943417805,14.194319499737418,0.03802464936015129
2004-09-01,0.8099999999999996,0.0,-4.4253101943417805,-46.642613513372055,0.026587959258636596
2004-10-01,0.7400000000000002,0.09999999999999964,38.11045194415299,120.13570418116473,0.03501191482801167
2004-11-01,0.6800000000000006,-0.09999999999999964,38.11045194415299,-80.21310040793111,0.029178158203313258
2004-12-01,0.6800000000000006,0.0,38.11045194415299,340.70692221882047,0.026916618547923016
2005-01-01,0.6599999999999993,-0.20000000000000018,156.64994991038878,144.48887471920102,0.02870728975865815
2005-02-01,0.6200000000000001,0.20000000000000018,156.64994991038878,21.95021966382238,0.02890269508241383
2005-03-01,0.6599999999999993,-0.20000000000000018,156.64994991038878,-88.19419567527444,0.029329937070287075
2005-04-01,0.7199999999999998,0.0,41.74227130143691,247.6484363619796,0.042735709336972
2005-05-01,0.8599999999999994,-0.10000000000000053,41.74227130143691,-15.80058290389047,0.02927358014099015
2005-06-01,0.9000000000000004,-0.09999999999999964,41.74227130143691,-2.946016496056847,0.023283477632949964
2005-07-01,0.8900000000000006,0.0,-7.422901454629638,25.284183417584295,0.02545680204196865
2005-08-01,0.8700000000000001,-0.09999999999999964,-7.422901454629638,-17.758620217918043,0.026413282886783615
2005-09-01,0.9000000000000004,0.1999999999999993,-7.422901454629638,78.109890853018,0.025652834080196047
2005-10-01,0.9500000000000002,-0.09999999999999964,55.56978291582293,-42.15493464007065,0.04260631619431742
2005-11-01,0.9699999999999998,0.0,55.56978291582293,88.22891349232746,0.02319426675641287
2005-12-01,0.9500000000000002,-0.09999999999999964,55.56978291582293,-67.53747341124989,0.020790611951101618
2006-01-01,0.9500000000000002,-0.20000000000000018,25.226103120016518,610.0433172906132,0.03123556662388548
2006-02-01,0.9199999999999999,0.09999999999999964,25.226103120016518,-57.34565881565642,0.025468959848533014
2006-03-01,0.8799999999999999,-0.09999999999999964,25.226103120016518,-61.00198292172871,0.023279909659283195
2006-04-01,0.8399999999999999,0.0,49.635866692386045,-50.32131658633381,0.024238937659517217
2006-05-01,0.7999999999999998,-0.10000000000000053,49.635866692386045,97.62731668565891,0.03688462745216204
2006-06-01,0.8900000000000006,0.0,49.635866692386045,-49.0703334270705,0.045703405655178476
2006-07-01,0.9100000000000001,0.20000000000000018,5.321701554783487,-30.383418410896223,0.037969029608461984
2006-08-01,0.9100000000000001,-0.09999999999999964,5.321701554783487,-59.43070888657294,0.021482072692470128
2006-09-01,0.9199999999999999,-0.10000000000000053,5.321701554783487,111.15129849497274,0.02273425454298877
2006-10-01,0.9100000000000001,-0.1999999999999993,-1.4844203154738334,-87.90346176558216,0.021163276195272408
2006-11-01,0.8700000000000001,0.09999999999999964,-1.4844203154738334,121.80956187642123,0.024315844558832105
2006-12-01,0.8999999999999995,0.0,-1.4844203154738334,49.37291500332188,0.01887023411752123
2007-01-01,0.9399999999999995,0.09999999999999964,3.5724077273741495,-84.19647294490782,0.02123192817996786
2007-02-01,0.8900000000000006,-0.09999999999999964,3.5724077273741495,160.61911549725792,0.0389783842832329
2007-03-01,0.9699999999999998,-0.09999999999999964,3.5724077273741495,-5.371243199447928,0.03985550020654284
2007-04-01,0.9199999999999999,0.09999999999999964,22.13322092474803,8.197939981026892,0.024022939508137456
2007-05-01,0.9199999999999999,0.0,22.13322092474803,-35.06339915720403,0.026407308515451835
2007-06-01,0.9100000000000001,0.0,22.13322092474803,-5.5522614114757225,0.03845135197463238
2007-07-01,0.9199999999999999,0.09999999999999964,-9.42626636156999,-51.56461269739617,0.04948156977924956
2007-08-01,0.8600000000000003,0.0,-9.42626636156999,-35.75896597311215,0.07180629866327203
2007-09-01,0.8499999999999996,0.10000000000000053,-9.42626636156999,-73.64855275177655,0.0429700937252079
2007-10-01,0.8200000000000003,0.0,4.8861514656313165,45.77446521208244,0.041141418148286486
2007-11-01,0.96,0.0,4.8861514656313165,-34.115078500977056,0.0751913542462531
2007-12-01,1.1600000000000001,0.2999999999999998,4.8861514656313165,-86.26694557546186,0.048588879235068126
2008-01-01,1.21,-0.09999999999999964,-24.427855651654497,7.396562628441261,0.0698608848230967
2008-02-01,1.29,-0.10000000000000053,-24.427855651654497,84.51392327556628,0.05724868031356886
2008-03-01,1.38,0.2999999999999998,-24.427855651654497,-75.56544383876762,0.07899710179106906
2008-04-01,1.42,-0.09999999999999964,9.951679816181901,180.51534244856086,0.05339499425683086
2008-05-01,1.3599999999999994,0.5,9.951679816181901,-49.4292935133394,0.04056879822076764
2008-06-01,1.3900000000000006,0.0,9.951679816181901,191.7635723963666,0.05903163664545884
2008-07-01,1.4900000000000002,0.20000000000000018,-16.1418939875123,-69.71404283006808,0.06683955668773908
2008-08-01,1.5100000000000007,0.39999999999999947,-16.1418939875123,-59.49126664671813,0.058553618373744246
2008-09-01,1.6599999999999993,0.0,-16.1418939875123,-66.51978373897165,0.15677882601333445
2008-10-01,2.6000000000000005,0.40000000000000036,-73.86669608715357,-32.165110235677055,0.23937686402226366
2008-11-01,3.0900000000000007,0.20000000000000018,-73.86669608715357,-94.07835448070313,0.19084074164920092
2008-12-01,3.38,0.5,-73.86669608715357,-78.4328844178319,0.14359276453635605
2009-01-01,3.0900000000000007,0.39999999999999947,62.76491535572646,-86.31393096425684,0.11008232834165063
2009-02-01,2.8100000000000005,0.5,62.76491535572646,1370.2515869095846,0.10079929218010909
2009-03-01,2.92,0.40000000000000036,62.76491535572646,-79.91742229389317,0.14110501427179478
2009-04-01,3.000000000000001,0.40000000000000036,-0.7584341971565878,-72.48664049923113,0.086848693005702
2009-05-01,2.5200000000000005,0.5,-0.7584341971565878,503.3285146051687,0.07948634537171656
2009-06-01,1.8899999999999997,0.09999999999999964,-0.7584341971565878,193.8571270088304,0.05908658631278687
2009-07-01,1.6799999999999997,-0.09999999999999964,60.00441976243933,-2.0424819468108257,0.06121605503392483
2009-08-01,1.3200000000000003,0.29999999999999893,60.00441976243933,41.351564333790506,0.046678963722687476
2009-09-01,1.1799999999999997,0.10000000000000142,60.00441976243933,-14.923437924373673,0.043716692054396857
2009-10-01,1.1399999999999997,0.3999999999999986,33.90395702839377,-73.00744936603512,0.0626559187673355
2009-11-01,1.13,-0.1999999999999993,33.90395702839377,166.36345798277966,0.04456544724805999
2009-12-01,1.1100000000000003,0.0,33.90395702839377,-30.286059197483905,0.03056000240911772
2010-01-01,0.9900000000000002,-0.3000000000000007,44.819446855926074,103.60452629361751,0.04481955523251892
2010-02-01,0.9900000000000002,0.0,44.819446855926074,-28.061005108757374,0.04890678404049521
2010-03-01,1.0,0.0,44.819446855926074,177.25402663928188,0.02506833428418295
2010-04-01,0.96,0.20000000000000107,-6.0583884597087305,134.17432556983093,0.042545516490269615
2010-05-01,1.0899999999999999,-0.20000000000000107,-6.0583884597087305,-77.70409815784913,0.0900677592557878
2010-06-01,1.3500000000000005,-0.1999999999999993,-6.0583884597087305,-60.35286468637043,0.07501016172556842
2010-07-01,1.29,0.0,17.160460500217557,-6.363843450780859,0.05767493696543244
2010-08-01,1.17,0.09999999999999964,17.160460500217557,197.92194553362003,0.052180748019451016
2010-09-01,1.13,0.0,17.160460500217557,26.92401808094416,0.04792497124638395
2010-10-01,1.04,0.0,-15.242759612233181,-85.61034856372387,0.03276455602601999
2010-11-01,1.0499999999999998,0.20000000000000107,-15.242759612233181,123.61838328588873,0.041636354327770436
2010-12-01,1.08,-0.40000000000000036,-15.242759612233181,-43.772047801598134,0.028625877860193365
2011-01-01,1.0499999999999998,-0.40000000000000036,25.567846503175986,318.29921778999824,0.029438186725083748
2011-02-01,0.9300000000000006,-0.09999999999999964,25.567846503175986,-92.73775252757291,0.03267918235812692
2011-03-01,0.9000000000000004,-0.09999999999999964,25.567846503175986,413.85663955033226,0.048525942494386354
2011-04-01,0.8599999999999994,0.1999999999999993,4.774450184167112,-44.13341393362775,0.02518864457862044
2011-05-01,0.8200000000000003,0.09999999999999964,4.774450184167112,127.10989560933355,0.03060786014639097
2011-06-01,0.7599999999999998,0.09999999999999964,4.774450184167112,303.2286866384284,0.04805935479820596
2011-07-01,0.8300000000000001,-0.09999999999999964,11.394457585865304,-38.533919824188786,0.04284987783713291
2011-08-01,0.9900000000000002,0.0,11.394457585865304,-49.04462107877673,0.13994515673548322
2011-09-01,1.1799999999999997,0.0,11.394457585865304,448.37471842782435,0.08363390493777002
2011-10-01,1.3900000000000001,-0.09999999999999964,-3.3294350455009614,-42.87779000322133,0.08563549361595693
2011-11-01,1.2699999999999996,-0.40000000000000036,-3.3294350455009614,183.64238799807805,0.08751138821103714
2011-12-01,1.3199999999999998,-0.09999999999999964,-3.3294350455009614,-39.39651809173782,0.052427901611822855
2012-01-01,1.3800000000000003,-0.1999999999999993,55.90192025966467,110.34959211953668,0.0253404099467841
2012-02-01,1.2899999999999996,0.0,55.90192025966467,-1.703294451823567,0.024874839512459772
2012-03-01,1.2400000000000002,-0.10000000000000142,55.90192025966467,-54.2208306338678,0.033899787730052255
2012-04-01,1.2300000000000004,-0.09999999999999964,-4.9378875241101845,201.50664499149408,0.04035071189812724
2012-05-01,1.2700000000000005,0.09999999999999964,-4.9378875241101845,-14.065169584938442,0.038783727799477516
2012-06-01,1.3799999999999994,0.0,-4.9378875241101845,134.079841704896,0.05862104431918394
2012-07-01,1.4700000000000002,0.10000000000000142,27.69963898359609,-19.997635613475605,0.03924732782122889
2012-08-01,1.4300000000000002,-0.20000000000000107,27.69963898359609,6.627501035503269,0.026871696650213012
2012-09-01,1.3499999999999996,-0.2999999999999998,27.69963898359609,510.18658932371153,0.03213498846227866
2012-10-01,1.1099999999999999,0.10000000000000053,4.9991927366092925,34.85045196088421,0.030535375738254676
2012-11-01,1.0099999999999998,-0.20000000000000018,4.9991927366092925,-36.32226725403429,0.04369779838340787
2012-12-01,0.98,0.09999999999999964,4.9991927366092925,242.40703501143037,0.03210062376919551
2013-01-01,0.9300000000000006,0.10000000000000053,-7.895983906756032,-56.539013164541096,0.029828996367796845
2013-02-01,0.9499999999999997,-0.20000000000000018,-7.895983906756032,43.1370124189661,0.03531420010811606
2013-03-01,0.9199999999999995,-0.10000000000000053,-7.895983906756032,332.39935441802925,0.021973711711445975
2013-04-01,0.8599999999999999,-0.09999999999999964,23.13593057204617,-90.2933066652519,0.041136404745800104
2013-05-01,0.8400000000000003,0.09999999999999964,23.13593057204617,129.06881796457088,0.03186884300416076
2013-06-01,0.9200000000000008,0.0,23.13593057204617,-65.71367160816777,0.04758122728912928
2013-07-01,0.9800000000000004,-0.1999999999999993,9.335433938715854,129.73162611895054,0.02231216067104647
2013-08-01,0.8799999999999999,-0.10000000000000053,9.335433938715854,-6.49467748779935,0.030912612980676945
2013-09-01,0.8300000000000001,-0.09999999999999964,9.335433938715854,-21.72222438182073,0.024878792448190624
2013-10-01,0.7799999999999994,0.09999999999999964,7.196090475136874,24.3512648735315,0.03777831370897513
2013-11-01,0.75,-0.2999999999999998,7.196090475136874,1067.0134877172388,0.025356274203170458
2013-12-01,0.7599999999999998,-0.2999999999999998,7.196090475136874,-65.25527715949572,0.027213511624903628
2014-01-01,0.7000000000000002,-0.10000000000000053,-5.107856333067606,-78.1723889158668,0.03625646500797878
2014-02-01,0.6499999999999995,0.10000000000000053,-5.107856333067606,43.71277616148874,0.03548377275017911
2014-03-01,0.6799999999999997,0.0,-5.107856333067606,65.7319316099086,0.029432438495049024
2014-04-01,0.6600000000000001,-0.40000000000000036,-8.224176013991224,348.37747552200807,0.03704904733596986
2014-05-01,0.5999999999999996,0.0,-8.224176013991224,-56.0588412322022,0.023557719310903478
2014-06-01,0.5499999999999998,-0.20000000000000018,-8.224176013991224,-74.58977112115474,0.016782751857551598
2014-07-01,0.5700000000000003,0.10000000000000053,7.347116677508314,1030.3799267817346,0.030946743888095547
2014-08-01,0.6100000000000003,-0.10000000000000053,7.347116677508314,-79.95284427702349,0.023326264033702145
2014-09-01,0.6899999999999995,-0.1999999999999993,7.347116677508314,110.06646527562522,0.026921731647801428
2014-10-01,0.7700000000000005,-0.10000000000000053,-7.30921737957525,-9.041652891327956,0.054251904793558195
2014-11-01,0.8700000000000001,0.0,-7.30921737957525,25.0902271260516,0.01223516034852552
2014-12-01,0.9500000000000002,-0.20000000000000018,-7.30921737957525,99.71798750557275,0.044519470282414694
2015-01-01,0.9900000000000002,0.10000000000000053,12.830641630760153,-23.46488550575848,0.047211414449913135
2015-02-01,0.8999999999999999,-0.20000000000000018,12.830641630760153,-87.25575760218115,0.02837504840350454
2015-03-01,0.8999999999999999,0.0,12.830641630760153,46.49490607546865,0.04151863303845827
2015-04-01,0.9600000000000004,-0.09999999999999964,-14.004219294874753,1049.7899232323534,0.023989052230880374
2015-05-01,0.9099999999999997,0.09999999999999964,-14.004219294874753,-66.55226401134946,0.029740018231471606
2015-06-01,0.9399999999999995,-0.20000000000000018,-14.004219294874753,348.435615859457,0.03256101515180205
2015-07-01,1.0499999999999998,0.0,-8.05720918777666,38.08628022033278,0.03405309602983098
2015-08-01,1.1500000000000004,-0.20000000000000018,-8.05720918777666,-56.11733519502173,0.07671158190432184
2015-09-01,1.2699999999999996,0.0,-8.05720918777666,127.880418029343,0.06386500714817674
2015-10-01,1.3899999999999997,-0.09999999999999964,-28.940791775707055,-78.7429649062607,0.039984671813884654
2015-11-01,1.4000000000000004,0.0,-28.940791775707055,237.21412844614989,0.03339061518365862
2015-12-01,1.4899999999999998,0.0,-28.940791775707055,-21.969534299747075,0.05332492820008508
2016-01-01,1.4500000000000002,-0.09999999999999964,7.986621206884048,-41.36837043446137,0.06575654509090809
2016-02-01,1.38,0.0,7.986621206884048,130.02295394008217,0.05100222920369577
2016-03-01,1.31,0.09999999999999964,7.986621206884048,-61.04250068925165,0.03544908046278612
2016-04-01,1.17,0.0,-10.231938830566467,141.43308463368268,0.028601298849963624
2016-05-01,1.0299999999999998,-0.2999999999999998,-10.231938830566467,-7.8905002626924015,0.03150110194699501
2016-06-01,1.0300000000000002,0.20000000000000018,-10.231938830566467,29.04657771890591,0.05389003232632512
2016-07-01,0.94,0.0,17.51887774004679,24.608440936914498,0.021764347918517234
2016-08-01,0.9200000000000004,0.0,17.51887774004679,-50.53892750519163,0.016698297457682042
2016-09-01,0.8999999999999995,0.09999999999999964,17.51887774004679,-64.7331286772054,0.041066951286679435
2016-10-01,0.8700000000000001,-0.09999999999999964,11.64610125511334,1557.135229136256,0.019127055721716628
2016-11-01,0.8500000000000001,-0.3000000000000007,11.64610125511334,-90.21862644690577,0.030562716673254615
2016-12-01,0.7700000000000005,0.10000000000000053,11.64610125511334,309.984716126673,0.022851869032965592
2017-01-01,0.7400000000000002,0.09999999999999964,-1.2347648268096312,21.431361861754695,0.018282181870188204
2017-02-01,0.6899999999999995,-0.09999999999999964,-1.2347648268096312,48.85857197190025,0.014925260899499472
2017-03-01,0.6699999999999999,-0.20000000000000018,-1.2347648268096312,-50.34934536931637,0.023958808988728663
2017-04-01,0.7000000000000002,-0.09999999999999964,12.054631818104976,-35.10428750115921,0.0197095494235733
2017-05-01,0.6999999999999997,-0.10000000000000053,12.054631818104976,-57.190483756861795,0.022548545011482096
2017-06-01,0.69,0.10000000000000053,12.054631818104976,259.9512406455327,0.021147894889084157
2017-07-01,0.6899999999999995,-0.10000000000000053,18.002214713757336,-45.54114882608003,0.0160849693312793
2017-08-01,0.6799999999999997,0.10000000000000053,18.002214713757336,29.300521630363143,0.027531132812193906
2017-09-01,0.6699999999999999,-0.20000000000000018,18.002214713757336,-42.38933280294012,0.016008003117280945
2017-10-01,0.7200000000000002,-0.10000000000000053,-33.59865003881376,405.8124689044032,0.014745368214388524
2017-11-01,0.6999999999999997,0.0,-33.59865003881376,6.709525663187987,0.01879422684682954
2017-12-01,0.71,0.0,-33.59865003881376,-63.68923892469054,0.01559826148015754
2018-01-01,0.71,0.0,35.203393522695436,259.0932354105275,0.027765888880156204
2018-02-01,0.69,0.0,35.203393522695436,-56.97713178635259,0.07403136095147218
2018-03-01,0.7699999999999996,0.0,35.203393522695436,118.13025020706709,0.057049178351668076
2018-04-01,0.8199999999999998,-0.19999999999999973,39.33698543819115,-25.525942405566195,0.04875334230723408
2018-05-01,0.8300000000000001,-0.10000000000000009,39.33698543819115,77.44454756551124,0.030315054792862832
2018-06-01,0.8700000000000001,0.20000000000000018,39.33698543819115,-81.48298734206303,0.02498477228734475
2018-07-01,0.9199999999999999,-0.10000000000000009,1.4620436693695726,-4.996858183676689,0.02552976388037441
2018-08-01,0.8899999999999997,0.0,1.4620436693695726,205.73290921477283,0.02168574024349475
2018-09-01,0.8999999999999999,-0.19999999999999973,1.4620436693695726,-54.30593589455304,0.015151050526816395
2018-10-01,0.9300000000000006,0.0,-5.869639037644259,30.57628632559797,0.06811067959689766
2018-11-01,1.0,0.0,-5.869639037644259,31.067577089809273,0.053191818571251964
2018-12-01,1.1100000000000003,0.19999999999999973,-5.869639037644259,-84.02100512733396,0.08230957862812564
2019-01-01,1.19,0.10000000000000009,-3.2384108699276326,386.8960004103068,0.0545975773741524
2019-02-01,1.1600000000000001,-0.20000000000000018,-3.2384108699276326,-49.46268094586327,0.023004788149726056
2019-03-01,1.0699999999999998,0.0,-3.2384108699276326,-21.329637324890427,0.03330280805272552
2019-04-01,1.0100000000000002,-0.19999999999999973,-8.823941757174335,164.06983993449833,0.019284967578574508
2019-05-01,0.96,0.0,-8.823941757174335,38.527492788447624,0.04305407838908534
2019-06-01,1.04,0.10000000000000009,-8.823941757174335,-14.123687680361952,0.03243389731189726
2019-07-01,0.9900000000000002,0.0,-7.729444177024336,-45.608844414303064,0.02436539962357601
2019-08-01,0.8900000000000001,0.0,-7.729444177024336,409.1330689807877,0.06617403952630142
2019-09-01,0.8800000000000003,-0.20000000000000018,-7.729444177024336,-62.83764489033252,0.024544948712283205
2019-10-01,0.9100000000000001,0.10000000000000009,12.515540956137672,71.89716329457801,0.03892028908421204
2019-11-01,0.8799999999999999,-0.10000000000000009,12.515540956137672,57.923744832466674,0.01745107035153927
2019-12-01,0.8700000000000001,0.0,12.515540956137672,614.234322609852,0.022386380025025774
2020-01-01,0.8300000000000001,0.10000000000000009,-50.0899001727514,-26.650792703513048,0.03356669370054294
2020-02-01,0.8300000000000001,-0.10000000000000009,-50.0899001727514,27.454040343894626,0.07021335863550217
2020-03-01,1.27,0.9000000000000004,-50.0899001727514,-96.25871033464863,0.2733838286424758
2020-04-01,1.6999999999999997,10.299999999999999,-15.24753435896108,-97.60486747029783,0.11826503276305947
2020-05-01,1.4500000000000002,-1.3999999999999986,-15.24753435896108,191.18904634710862,0.06372099463305116
2020-06-01,1.2000000000000002,-2.200000000000001,-15.24753435896108,962.4506970757753,0.08612710546251592
2020-07-01,1.17,-0.9000000000000004,268.13388986305995,1522.418366178549,0.04000340314384738
2020-08-01,1.02,-1.799999999999999,268.13388986305995,-48.2893594016479,0.02716290831972054
2020-09-01,1.0499999999999998,-0.5,268.13388986305995,-0.8441736849561954,0.07052359597043549
2020-10-01,1.0899999999999999,-1.0,-8.055441467494951,155.3994110736579,0.060862548477169466
2020-11-01,1.0,-0.20000000000000018,-8.055441467494951,14.179094520908464,0.04959323297156443
2020-12-01,0.9000000000000004,0.0,-8.055441467494951,148.65218263256713,0.02595142464722431
2021-01-01,0.79,-0.40000000000000036,19.638297814512185,-48.19054744894804,0.045805456112970315
2021-02-01,0.7199999999999998,-0.09999999999999964,19.638297814512185,-71.9944638324394,0.03881915108393604
2021-03-01,0.7000000000000002,-0.20000000000000018,19.638297814512185,1028.407720478773,0.04952312438524806
2021-04-01,0.7000000000000002,0.09999999999999964,126.2925723589058,-70.90084760210651,0.03243458828661687
2021-05-01,0.6600000000000001,-0.2999999999999998,126.2925723589058,2.318738585423974,0.03874496604718685
2021-06-01,0.6499999999999999,0.10000000000000053,126.2925723589058,69.91051677658291,0.02461692019709906
2021-07-01,0.6700000000000004,-0.5,11.045685475660672,-56.12132001076478,0.03350033346997482
2021-08-01,0.6900000000000004,-0.20000000000000018,11.045685475660672,85.42402524561325,0.02460146593146515
2021-09-01,0.7000000000000002,-0.40000000000000036,11.045685475660672,-36.5115973702319,0.03751057292998602
2021-10-01,0.6699999999999999,-0.20000000000000018,-5.9610950178668904,-23.90461214088053,0.03381736172473805
2021-11-01,0.6599999999999997,-0.39999999999999947,-5.9610950178668904,229.97823734111003,0.03664745747579571
2021-12-01,0.6499999999999999,-0.30000000000000027,-5.9610950178668904,17.735197136891003,0.04997797667908328
2022-01-01,0.6499999999999999,0.10000000000000009,6.023807046682683,-36.86762898428201,0.052784029901269264
2022-02-01,0.7200000000000002,-0.20000000000000018,6.023807046682683,151.74869376091885,0.06081693994807026
2022-03-01,0.8599999999999999,-0.19999999999999973,6.023807046682683,17.551853113500513,0.06879744713632541
2022-04-01,0.9000000000000004,0.0,45.92846103463148,-37.55701393772406,0.07079944988622891
2022-05-01,0.9900000000000002,0.0,45.92846103463148,-72.31975847551786,0.08853087254165465
2022-06-01,1.0299999999999994,0.0,45.92846103463148,8.028008307070644,0.08544301198301163
2022-07-01,1.1500000000000004,-0.10000000000000009,-18.20828008826797,-59.461643908447535,0.05601689448416686
2022-08-01,1.08,0.20000000000000018,-18.20828008826797,178.83493292712842,0.058157148061039256
2022-09-01,1.1000000000000005,-0.20000000000000018,-18.20828008826797,-66.16526107541812,0.07091307317896417
2022-10-01,1.1600000000000001,0.20000000000000018,-18.49498592800267,-11.069886848851818,0.08017900233890282
2022-11-01,1.17,0.0,-18.49498592800267,1.6972724652147608,0.0785847803965523
2022-12-01,1.1600000000000001,-0.20000000000000018,-18.49498592800267,-31.92167856439432,0.052166896834358274
2023-01-01,1.0999999999999996,-0.10000000000000009,-8.20469410323077,-47.85901368591746,0.04761536338062894
2023-02-01,1.0300000000000002,0.20000000000000018,-8.20469410323077,241.30312773260792,0.04180687904994505
2023-03-01,1.1100000000000003,-0.10000000000000009,-8.20469410323077,-22.188442965277666,0.053717054890707355
2023-04-01,1.0600000000000005,-0.10000000000000009,14.528115356941429,-14.92587503428231,0.0319863438992367
2023-05-01,1.0999999999999996,0.30000000000000027,14.528115356941429,519.7120045902735,0.03691105917211282
2023-06-01,1.0999999999999996,-0.10000000000000009,14.528115356941429,-78.66256144486687,0.03322900990792302
2023-07-01,1.08,-0.10000000000000009,46.01582527256556,16.147423528156324,0.02314206932881747
2023-08-01,1.0699999999999994,0.2999999999999998,46.01582527256556,-77.3472735725256,0.036586789200740676
2023-09-01,1.0300000000000002,0.0,46.01582527256556,97.73218379980028,0.03213797691812494
2023-10-01,1.0199999999999996,0.10000000000000009,9.181339848422954,13.09726356415981,0.04104596866507829
2023-11-01,1.0099999999999998,-0.19999999999999973,9.181339848422954,366.923619903154,0.03636198361878141
2023-12-01,0.8999999999999995,0.0,9.181339848422954,-54.84154353283706,0.028205407399009372
2024-01-01,0.8099999999999996,0.0,13.311054849848446,-67.04643562706627,0.03128303003575877
2024-02-01,0.7399999999999993,0.19999999999999973,13.311054849848446,395.9226030733572,0.03526385245369783
2024-03-01,0.7400000000000002,-0.10000000000000009,13.311054849848446,-81.5802707293254,0.02790412037134134
2024-04-01,0.7199999999999998,0.10000000000000009,4.359397616223348,41.78591462557186,0.03956559199368915
2024-05-01,0.7000000000000002,0.10000000000000009,4.359397616223348,-53.02964238885713,0.02869251505278152
2024-06-01,0.6900000000000004,0.09999999999999964,4.359397616223348,100.11645090868915,0.01879275739395874
2024-07-01,0.7199999999999998,0.20000000000000018,24.875754185730734,-65.55912496100339,0.04191122983713278
2024-08-01,0.7299999999999995,-0.09999999999999964,24.875754185730734,198.17315328657224,0.05653901782797332
2024-09-01,0.7400000000000002,-0.10000000000000053,24.875754185730734,-1.7556241699701824,0.038370368585163676
2024-10-01,0.6799999999999997,0.0,28.121927364978873,-32.10960615727085,0.03269565995849894
2024-11-01,0.6400000000000006,0.10000000000000053,28.121927364978873,-18.378850283091484,0.03532364072612833
2024-12-01,0.5999999999999996,-0.10000000000000053,28.121927364978873,511.76494255933864,0.04085560782967278
2025-01-01,0.6200000000000001,-0.09999999999999964,-3.953455776047865,-67.2064224332536,0.039013149457821715
2025-02-01,0.5999999999999996,0.09999999999999964,-3.953455776047865,209.85600328189838,0.03557592940174286
2025-03-01,0.6399999999999997,0.10000000000000053,-3.953455776047865,-77.81356548219125,0.0596718012164867
2025-04-01,0.7299999999999995,0.0,6.655619516073741,39.20078396852311,0.13757146743523077
2025-05-01,0.75,0.0,6.655619516073741,-61.842653098988684,0.048326468220272326
2025-06-01,0.6900000000000004,-0.10000000000000053,6.655619516073741,83.21378149619383,0.029300483454515483
2025-07-01,0.6499999999999995,0.10000000000000053,-6.76975593955923,154.62713172116716,0.019240730934368816
2025-08-01,0.6500000000000004,0.09999999999999964,-6.76975593955923,-65.44041158127953,0.033758190197812926
2025-09-01,0.6200000000000001,0.10000000000000053,-6.76975593955923,-0.9142793606196076,0.021401171691239576
2025-10-01,0.6100000000000003,,,-43.12801527051814,0.04073923106885354
2025-11-01,0.6000000000000005,0.1999999999999993,,103.49837890027165,0.041266766157607854
2025-12-01,0.5900000000000007,-0.1999999999999993,,105.88648147063205,0.02550094802773791
2026-01-01,0.54,-0.10000000000000053,,99.21696924214902,0.028918926538773822
2026-02-01,0.5099999999999998,0.10000000000000053,,,0.036179216282952224
2026-03-01,,-0.10000000000000053,,,0.0533693096940693
