date,gs10,term_spread_10y_1y,bog_amom
1953-04-01,2.83,0.4700000000000002,
1953-05-01,3.05,0.5699999999999998,
1953-06-01,3.11,0.6599999999999997,
1953-07-01,2.93,0.5500000000000003,
1953-08-01,2.95,0.6700000000000004,
1953-09-01,2.87,0.6699999999999999,
1953-10-01,2.66,0.8700000000000001,
1953-11-01,2.68,1.0100000000000002,
1953-12-01,2.59,0.9299999999999999,
1954-01-01,2.48,1.07,
1954-02-01,2.47,1.3300000000000003,
1954-03-01,2.37,1.2400000000000002,
1954-04-01,2.29,1.33,
1954-05-01,2.37,1.52,
1954-06-01,2.38,1.56,
1954-07-01,2.3,1.46,
1954-08-01,2.36,1.48,
1954-09-01,2.38,1.3499999999999999,
1954-10-01,2.43,1.2600000000000002,
1954-11-01,2.48,1.34,
1954-12-01,2.51,1.2999999999999998,
1955-01-01,2.61,1.22,
1955-02-01,2.65,1.0799999999999998,
1955-03-01,2.68,1.09,
1955-04-01,2.75,1.0,
1955-05-01,2.76,0.8599999999999999,
1955-06-01,2.78,0.8699999999999999,
1955-07-01,2.9,0.8799999999999999,
1955-08-01,2.97,0.6000000000000001,
1955-09-01,2.97,0.6100000000000003,
1955-10-01,2.88,0.48999999999999977,
1955-11-01,2.89,0.41000000000000014,
1955-12-01,2.96,0.22999999999999998,
1956-01-01,2.9,0.31999999999999984,
1956-02-01,2.84,0.34999999999999964,
1956-03-01,2.96,0.3500000000000001,
1956-04-01,3.18,0.26000000000000023,
1956-05-01,3.07,0.1299999999999999,
1956-06-01,3.0,0.2599999999999998,
1956-07-01,3.11,0.3500000000000001,
1956-08-01,3.33,0.22999999999999998,
1956-09-01,3.38,0.029999999999999805,
1956-10-01,3.34,0.06000000000000005,
1956-11-01,3.49,0.050000000000000266,
1956-12-01,3.59,-0.0900000000000003,
1957-01-01,3.46,0.08999999999999986,
1957-02-01,3.34,-0.040000000000000036,
1957-03-01,3.41,-0.009999999999999787,
1957-04-01,3.48,-0.010000000000000231,
1957-05-01,3.6,0.1200000000000001,
1957-06-01,3.8,0.1499999999999999,
1957-07-01,3.93,0.1200000000000001,
1957-08-01,3.93,-0.07999999999999963,
1957-09-01,3.92,-0.15000000000000036,
1957-10-01,3.97,-0.03999999999999959,
1957-11-01,3.72,0.15000000000000036,
1957-12-01,3.21,0.029999999999999805,
1958-01-01,3.09,0.43999999999999995,
1958-02-01,3.05,1.0599999999999998,
1958-03-01,2.98,1.14,
1958-04-01,2.88,1.43,
1958-05-01,2.92,1.5499999999999998,
1958-06-01,2.97,1.7400000000000002,
1958-07-01,3.2,1.59,
1958-08-01,3.54,1.04,
1958-09-01,3.76,0.71,
1958-10-01,3.8,0.6099999999999999,
1958-11-01,3.74,0.6400000000000001,
1958-12-01,3.86,0.5699999999999998,
1959-01-01,4.02,0.6599999999999997,
1959-02-01,3.96,0.41999999999999993,-15.42235747096009
1959-03-01,3.99,0.38000000000000034,-2.3832034070136454
1959-04-01,4.12,0.3999999999999999,10.0971420743168
1959-05-01,4.31,0.34999999999999964,0.0
1959-06-01,4.34,0.2699999999999996,4.897010262984169
1959-07-01,4.4,0.010000000000000675,12.6026799149777
1959-08-01,4.43,0.009999999999999787,-2.3367967476147222
1959-09-01,4.68,-0.3200000000000003,0.0
1959-10-01,4.53,-0.2699999999999996,0.0
1959-11-01,4.53,-0.27999999999999936,4.837794508832194
1959-12-01,4.69,-0.4499999999999993,15.0994797053017
1960-01-01,4.72,-0.3100000000000005,-17.127819971849334
1960-02-01,4.49,-0.16999999999999993,-23.142791623148497
1960-03-01,4.25,0.23000000000000043,-2.3927067925656353
1960-04-01,4.28,0.2400000000000002,4.957693332816904
1960-05-01,4.35,0.13999999999999968,0.0
1960-06-01,4.15,0.7900000000000005,7.488842759201919
1960-07-01,3.9,0.6999999999999997,12.682503013196978
1960-08-01,3.8,0.8499999999999996,-4.650310474902042
1960-09-01,3.8,0.73,-9.136235276179594
1960-10-01,3.89,0.8500000000000001,4.917072247155585
1960-11-01,3.93,0.8500000000000001,4.897010262984169
1960-12-01,3.84,0.98,-11.297411716503426
1961-01-01,3.84,1.0299999999999998,-15.62266733365295
1961-02-01,3.78,0.8499999999999996,-15.828234950907616
1961-03-01,3.74,0.8600000000000003,0.0
1961-04-01,3.78,0.8999999999999999,2.5077080909472915
1961-05-01,3.71,0.8399999999999999,0.0
1961-06-01,3.88,0.8199999999999998,10.358412933927209
1961-07-01,3.92,1.0,7.615523761454712
1961-08-01,4.04,0.98,2.4664754800594046
1961-09-01,3.98,0.9199999999999999,7.551652245393381
1961-10-01,3.92,0.8700000000000001,10.118410548294875
1961-11-01,3.94,0.8700000000000001,12.682503013196978
1961-12-01,4.06,0.8799999999999994,20.75686896255522
1962-01-01,4.08,0.8000000000000003,-15.199615635447161
1962-02-01,4.04,0.7600000000000002,-17.406492244654213
1962-03-01,3.93,0.8700000000000001,4.927164996405109
1962-04-01,3.84,0.8499999999999996,10.033869371614635
1962-05-01,3.87,0.8400000000000003,2.407107608510217
1962-06-01,3.91,0.8800000000000003,9.930157606674172
1962-07-01,4.01,0.7199999999999998,9.848718123936884
1962-08-01,3.98,0.7799999999999998,-2.314264588471604
1962-09-01,3.98,0.9199999999999999,2.3690916373019233
1962-10-01,3.93,0.9500000000000002,7.247712586685484
1962-11-01,3.92,0.9199999999999999,-6.757918105551475
1962-12-01,3.86,0.8500000000000001,26.07003838513822
1963-01-01,3.83,0.79,-14.93005478506424
1963-02-01,3.92,0.9100000000000001,-13.094813952329542
1963-03-01,3.93,0.9000000000000004,4.8087203468488715
1963-04-01,3.97,0.8600000000000003,7.262327559107717
1963-05-01,3.93,0.81,4.761032151402267
1963-06-01,3.99,0.79,12.24306539307609
1963-07-01,4.02,0.5399999999999996,14.699370497873932
1963-08-01,4.0,0.4700000000000002,-4.45194311569529
1963-09-01,4.08,0.5100000000000002,7.06293246387133
1963-10-01,4.11,0.4700000000000002,4.632400365164946
1963-11-01,4.12,0.3799999999999999,17.01810343316175
1963-12-01,4.13,0.31999999999999984,27.491380980563875
1964-01-01,4.17,0.3799999999999999,-14.271878970214559
1964-02-01,4.15,0.37000000000000055,-14.443315621026908
1964-03-01,4.22,0.3099999999999996,6.940429435204543
1964-04-01,4.23,0.3200000000000003,6.900533664674735
1964-05-01,4.2,0.3600000000000003,4.527550628732535
1964-06-01,4.17,0.33999999999999986,14.095936746254578
1964-07-01,4.19,0.4700000000000002,11.493370177530116
1964-08-01,4.19,0.4500000000000002,0.0
1964-09-01,4.2,0.3600000000000003,11.384437993367502
1964-10-01,4.19,0.3300000000000005,6.63360509553641
1964-11-01,4.15,0.2400000000000002,13.591083389588277
1964-12-01,4.18,0.16000000000000014,20.761842158681088
1965-01-01,4.19,0.25000000000000044,-11.788838399642144
1965-02-01,4.21,0.17999999999999972,-11.905646066040276
1965-03-01,4.21,0.15000000000000036,4.331471531187914
1965-04-01,4.2,0.16000000000000014,8.80192824742856
1965-05-01,4.21,0.17999999999999972,2.1219376739256557
1965-06-01,4.21,0.21999999999999975,13.339610423612758
1965-07-01,4.2,0.2200000000000002,13.193139166017165
1965-08-01,4.25,0.17999999999999972,-4.033059263984152
1965-09-01,4.29,0.08999999999999986,8.566434825067738
1965-10-01,4.35,0.04999999999999982,10.73333459857615
1965-11-01,4.45,0.08000000000000007,10.638262361839402
1965-12-01,4.62,-0.09999999999999964,32.130446704016016
1966-01-01,4.61,-0.2699999999999996,-9.404531399608175
1966-02-01,4.83,-0.11000000000000032,-13.033956573281447
1966-03-01,4.87,-0.09999999999999964,2.025248397920776
1966-04-01,4.75,-0.15000000000000036,12.70485566318007
1966-05-01,4.78,-0.14999999999999947,2.0016023474662914
1966-06-01,4.81,-0.16000000000000014,10.362881963922677
1966-07-01,5.02,-0.15000000000000036,21.50794591634988
1966-08-01,5.22,-0.3200000000000003,-7.461433787722138
1966-09-01,5.18,-0.6400000000000006,14.496736402892484
1966-10-01,5.01,-0.5700000000000003,3.9146842532044035
1966-11-01,5.16,-0.3799999999999999,7.943027567687544
1966-12-01,4.84,-0.3600000000000003,25.410454963816242
1967-01-01,4.58,-0.16999999999999993,-7.225674017262252
1967-02-01,4.63,-0.08000000000000007,-9.009432110336334
1967-03-01,4.54,0.1900000000000004,-1.8793494004295863
1967-04-01,4.59,0.47999999999999954,1.9153454333474373
1967-05-01,4.85,0.6999999999999993,1.9122932722993369
1967-06-01,5.02,0.5399999999999991,11.966626474654852
1967-07-01,5.16,0.15000000000000036,16.075451772299807
1967-08-01,5.28,0.15000000000000036,-1.8362145467147095
1967-09-01,5.3,0.05999999999999961,9.678065244651624
1967-10-01,5.48,0.11000000000000032,13.672085090636198
1967-11-01,5.75,0.13999999999999968,11.48970556073663
1967-12-01,5.7,-0.009999999999999787,26.15270951860087
1968-01-01,5.53,0.10000000000000053,-1.7556241699701824
1968-02-01,5.56,0.14999999999999947,-8.511343005965466
1968-03-01,5.74,0.16000000000000014,5.490657045133052
1968-04-01,5.64,-0.07000000000000028,9.260121343348127
1968-05-01,5.87,-0.2699999999999996,1.7790494382432076
1968-06-01,5.72,-0.2600000000000007,15.044356691597361
1968-07-01,5.5,-0.15000000000000036,14.858376754165526
1968-08-01,5.42,-0.009999999999999787,3.498194040334024
1968-09-01,5.46,0.009999999999999787,1.7303107752041802
1968-10-01,5.58,0.009999999999999787,14.61002627815786
1968-11-01,5.7,-0.04999999999999982,16.36725122631244
1968-12-01,6.03,-0.16000000000000014,26.118458963402635
1969-01-01,6.04,-0.2999999999999998,-3.2342167381175124
1969-02-01,6.19,-0.21999999999999975,-13.849139957546274
1969-03-01,6.3,-0.040000000000000036,-3.2828760097122545
1969-04-01,6.17,-0.08999999999999986,10.501828246485335
1969-05-01,6.32,-0.09999999999999964,17.893517233377885
1969-06-01,6.57,-0.46999999999999975,1.6471836319797317
1969-07-01,6.72,-0.8799999999999999,3.3146206270373124
1969-08-01,6.69,-0.8499999999999996,1.6404285628896398
1969-09-01,7.16,-0.6600000000000001,0.0
1969-10-01,7.1,-0.54,10.204387376425084
1969-11-01,7.14,-0.75,21.16754801680878
1969-12-01,7.65,-0.5199999999999996,20.801713452041447
1970-01-01,7.79,-0.3099999999999996,-6.074035690157887
1970-02-01,7.24,-0.34999999999999964,-17.302232757529655
1970-03-01,7.07,0.10000000000000053,1.6074675741253763
1970-04-01,7.39,0.33000000000000007,17.153357900889212
1970-05-01,7.91,0.16000000000000014,4.821598945666183
1970-06-01,7.84,0.29000000000000004,4.802306807718759
1970-07-01,7.46,0.3600000000000003,18.58210479527498
1970-08-01,7.53,0.5499999999999998,3.1206886064388817
1970-09-01,7.39,0.6599999999999993,7.94828614460763
1970-10-01,7.33,0.9000000000000004,0.0
1970-11-01,6.84,1.33,12.903851048055849
1970-12-01,6.39,1.3899999999999997,25.145340033414953
1971-01-01,6.24,1.67,3.003533753797183
1971-02-01,6.11,2.22,-8.515366880556785
1971-03-01,5.7,2.0100000000000002,3.0186436501079994
1971-04-01,5.83,1.5300000000000002,12.550019803341916
1971-05-01,6.39,1.3499999999999996,12.420272928946474
1971-06-01,6.52,0.8799999999999999,7.529549482022646
1971-07-01,6.73,0.6900000000000004,20.528771886579623
1971-08-01,6.58,0.7800000000000002,-1.4159055446798852
1971-09-01,6.14,0.7299999999999995,4.365608581885128
1971-10-01,5.93,1.0199999999999996,4.349786410173873
1971-11-01,5.81,1.1399999999999997,11.941842988765949
1971-12-01,5.93,1.33,19.85145903770553
1972-01-01,5.95,1.67,5.672289525834651
1972-02-01,6.08,1.8100000000000005,-14.130289593621237
1972-03-01,6.07,1.4000000000000004,8.690441352589207
1972-04-01,6.19,1.2300000000000004,17.933538984024477
1972-05-01,6.13,1.4900000000000002,8.505748577826754
1972-06-01,6.11,1.1800000000000006,5.560608072179418
1972-07-01,6.11,1.1500000000000004,17.456311934522574
1972-08-01,6.21,1.2299999999999995,0.0
1972-09-01,6.55,1.0300000000000002,1.3400137206015517
1972-10-01,6.48,0.9600000000000009,17.186045304538176
1972-11-01,6.28,1.0100000000000007,-11.196802881439494
1972-12-01,6.36,0.8400000000000007,12.60855830054246
1973-01-01,6.46,0.5700000000000003,4.010618575397928
1973-02-01,6.64,0.4499999999999993,-16.85790267643663
1973-03-01,6.71,-0.13999999999999968,11.16485860180434
1973-04-01,6.67,-0.17999999999999972,21.64977682028917
1973-05-01,6.85,-0.040000000000000036,6.675412671401548
1973-06-01,6.9,-0.40999999999999925,8.013718858469643
1973-07-01,7.13,-1.2600000000000007,27.23881525643055
1973-08-01,7.4,-1.42,2.539548688209714
1973-09-01,7.09,-1.2200000000000006,5.127117242303414
1973-10-01,6.79,-0.6100000000000003,17.477453489221407
1973-11-01,6.73,-0.8399999999999999,10.302873299531235
1973-12-01,6.74,-0.5299999999999994,24.327361128715076
1974-01-01,6.99,-0.4299999999999997,3.656281208643186
1974-02-01,6.96,0.08000000000000007,-14.47771417284206
1974-03-01,7.21,-0.5499999999999998,6.225358939400083
1974-04-01,7.51,-1.1099999999999994,28.451557337207145
1974-05-01,7.58,-1.1999999999999993,13.780002988340168
1974-06-01,7.54,-1.13,9.748776918202884
1974-07-01,7.81,-0.9900000000000011,18.827107995383564
1974-08-01,8.04,-1.3200000000000003,-1.1358136446561917
1974-09-01,8.04,-0.8300000000000001,3.4829654128808007
1974-10-01,7.9,-0.15000000000000036,4.654858167865039
1974-11-01,7.68,0.019999999999999574,14.507152448881566
1974-12-01,7.43,0.1200000000000001,20.844096919526358
1975-01-01,7.5,0.6699999999999999,-9.503759723377382
1975-02-01,7.39,1.4099999999999993,-21.93774799264392
1975-03-01,7.73,1.62,2.2987511856265685
1975-04-01,8.23,1.33,13.228351548625472
1975-05-01,8.06,1.6700000000000008,2.270481324651641
1975-06-01,7.86,1.5700000000000003,16.881574742951
1975-07-01,8.06,0.9500000000000002,12.880271076639026
1975-08-01,8.4,0.7000000000000002,-4.296553731298525
1975-09-01,8.43,0.6799999999999997,1.1054702264710503
1975-10-01,8.14,1.1900000000000004,5.635008226901861
1975-11-01,8.05,1.5600000000000005,16.436509120984134
1975-12-01,8.0,1.4000000000000004,23.87468177244898
1976-01-01,7.74,1.9300000000000006,-12.014768868906177
1976-02-01,7.79,1.88,-13.083849093601607
1976-03-01,7.73,1.5200000000000005,7.864975308054145
1976-04-01,7.56,1.6399999999999997,21.229771641265295
1976-05-01,7.9,1.5,5.43595046620815
1976-06-01,7.86,1.3400000000000007,8.785826836772138
1976-07-01,7.83,1.63,13.339610423612758
1976-08-01,7.77,1.7699999999999996,-1.0331376196940245
1976-09-01,7.59,1.75,1.0439227786408045
1976-10-01,7.41,1.9100000000000001,10.88903295030752
1976-11-01,7.29,2.0,18.969142266873117
1976-12-01,6.87,1.9800000000000004,22.284269226500463
1977-01-01,7.21,1.92,-5.823558413675112
1977-02-01,7.39,1.92,-17.46965120881433
1977-03-01,7.46,1.96,9.56330945997308
1977-04-01,7.37,1.9299999999999997,20.992671556964005
1977-05-01,7.46,1.62,4.053513702167311
1977-06-01,7.28,1.4800000000000004,8.228843009053023
1977-07-01,7.33,1.3899999999999997,25.168174517175945
1977-08-01,7.4,1.0300000000000002,0.971259147941983
1977-09-01,7.34,0.8099999999999996,1.9495737108350397
1977-10-01,7.52,0.5499999999999998,13.286658741552525
1977-11-01,7.58,0.6299999999999999,19.724976478023226
1977-12-01,7.69,0.7300000000000004,23.908677088150366
1978-01-01,7.96,0.6799999999999997,2.806837058748801
1978-02-01,8.03,0.6899999999999995,-12.981668450931972
1978-03-01,8.04,0.7299999999999995,3.794022772549921
1978-04-01,8.15,0.7000000000000002,21.364344139108017
1978-05-01,8.35,0.5299999999999994,10.538129116829587
1978-06-01,8.46,0.370000000000001,12.44997608890328
1978-07-01,8.64,0.25,20.581497828279183
1978-08-01,8.41,0.09999999999999964,-4.333006141957396
1978-09-01,8.42,-0.22000000000000064,9.245860955446595
1978-10-01,8.64,-0.5,13.05659877073242
1978-11-01,8.81,-1.1999999999999993,30.64956329979558
1978-12-01,9.01,-1.290000000000001,39.9887721120072
1979-01-01,9.1,-1.3100000000000005,-3.2672354652399482
1979-02-01,9.1,-1.1400000000000006,-20.28077516154154
1979-03-01,9.12,-1.1300000000000008,6.096183269945987
1979-04-01,9.18,-0.9399999999999995,19.21956086005945
1979-05-01,9.25,-0.8699999999999992,0.8341975100054411
1979-06-01,8.91,-0.6600000000000001,12.26628136847232
1979-07-01,8.95,-0.6900000000000013,19.673281437414424
1979-08-01,9.03,-0.9500000000000011,4.127396737261213
1979-09-01,9.33,-1.5099999999999998,8.381063747413918
1979-10-01,10.3,-2.139999999999999,16.351629975828263
1979-11-01,10.65,-1.7400000000000002,19.818652607442466
1979-12-01,10.39,-1.5899999999999999,25.127259257111657
1980-01-01,10.8,-1.2599999999999998,-5.2307982294948925
1980-02-01,12.41,-1.5099999999999998,-15.009916147030067
1980-03-01,12.75,-3.0700000000000003,8.922334297755551
1980-04-01,11.47,-1.83,24.912293383451644
1980-05-01,10.18,0.7899999999999991,0.0
1980-06-01,9.78,1.6199999999999992,7.870131059286267
1980-07-01,10.25,1.5999999999999996,7.81887560838137
1980-08-01,11.1,0.8599999999999994,-10.694015575142124
1980-09-01,11.51,-0.009999999999999787,7.844419646983103
1980-10-01,11.75,-0.7400000000000002,11.895526593392237
1980-11-01,12.68,-1.4700000000000006,8.519465323919562
1980-12-01,12.84,-2.040000000000001,10.877762116987434
1981-01-01,12.57,-1.5099999999999998,-15.642857776353846
1981-02-01,13.19,-1.3800000000000008,-14.568308189704416
1981-03-01,13.12,-0.5900000000000016,6.2076520412662095
1981-04-01,13.68,-0.6400000000000006,21.36990140083135
1981-05-01,14.1,-2.0999999999999996,6.074148489415521
1981-06-01,13.47,-1.3899999999999988,5.270234369408366
1981-07-01,14.28,-1.4400000000000013,16.506354579992923
1981-08-01,14.94,-1.7799999999999994,0.7252915049327457
1981-09-01,15.32,-1.1999999999999993,-9.658436875575504
1981-10-01,15.15,-0.23000000000000043,2.2078235890806264
1981-11-01,13.39,0.9800000000000004,17.22707982588738
1981-12-01,13.72,0.870000000000001,28.223307763047643
1982-01-01,14.59,0.2699999999999996,-6.1466070849387595
1982-02-01,14.43,-0.3000000000000007,-15.096517218050154
1982-03-01,13.86,-0.08999999999999986,-8.925982059327842
1982-04-01,13.87,-0.11000000000000121,19.62136606085274
1982-05-01,13.62,0.27999999999999936,9.649350995003214
1982-06-01,14.3,0.23000000000000043,12.682503013196978
1982-07-01,13.95,0.7099999999999991,12.550019803341916
1982-08-01,13.06,1.6300000000000008,4.232189754999038
1982-09-01,12.34,1.4900000000000002,-4.060348117934465
1982-10-01,10.91,1.5899999999999999,11.652246713886516
1982-11-01,10.55,1.3900000000000006,18.55604541935407
1982-12-01,10.54,1.629999999999999,23.913191287662585
1983-01-01,10.46,1.8400000000000016,-11.319883275948882
1983-02-01,10.72,1.8000000000000007,-12.025843896992416
1983-03-01,10.51,1.4700000000000006,2.052965902678938
1983-04-01,10.4,1.42,19.885106668317775
1983-05-01,10.38,1.4800000000000004,9.743127178824418
1983-06-01,10.85,1.1899999999999995,13.318857400342509
1983-07-01,11.38,1.1800000000000015,13.908321482919517
1983-08-01,11.85,1.3200000000000003,0.6495241266748497
1983-09-01,11.65,1.4900000000000002,-3.188672300605777
1983-10-01,11.54,1.7299999999999986,10.18131778761533
1983-11-01,11.69,1.75,18.83584261560458
1983-12-01,11.83,1.7200000000000006,21.546442974841295
1984-01-01,11.67,1.7699999999999996,-5.476664085568039
1984-02-01,11.84,1.8000000000000007,-24.847605534693596
1984-03-01,12.32,1.7300000000000004,15.81795262469532
1984-04-01,12.63,1.7300000000000004,21.546442974841295
1984-05-01,13.41,1.75,3.811090889584645
1984-06-01,13.56,1.4800000000000004,19.620483394811217
1984-07-01,13.36,1.33,11.613131105123585
1984-08-01,12.72,0.9000000000000004,-4.753918063661555
1984-09-01,12.52,0.9399999999999995,7.571496750823137
1984-10-01,12.16,1.2599999999999998,1.2194972773382773
1984-11-01,11.57,1.75,16.240491534203414
1984-12-01,11.5,2.17,28.229598790407895
1985-01-01,11.38,2.360000000000001,-8.98247626851486
1985-02-01,11.51,2.2200000000000006,-16.346438719781332
1985-03-01,11.86,2.0,16.058273753533058
1985-04-01,11.43,2.289999999999999,17.895418988386425
1985-05-01,10.85,2.389999999999999,7.23678988701546
1985-06-01,10.16,2.3600000000000003,22.32263301879176
1985-07-01,10.31,2.45,12.669765309573332
1985-08-01,10.33,2.2799999999999994,2.8630869511056867
1985-09-01,10.37,2.299999999999999,11.256411961563728
1985-10-01,10.24,2.2300000000000004,7.512876262547086
1985-11-01,9.78,1.8999999999999995,21.274440902866697
1985-12-01,9.26,1.5899999999999999,32.44103746243787
1986-01-01,9.19,1.459999999999999,-14.89571088761138
1986-02-01,8.7,1.089999999999999,-19.182355637775327
1986-03-01,7.78,0.75,21.741008039425846
1986-04-01,7.3,0.8599999999999994,22.004132565332135
1986-05-01,7.71,1.0599999999999996,7.154676670728155
1986-06-01,7.8,1.0699999999999994,21.47372624942325
1986-07-01,7.3,1.0300000000000002,16.217526589708253
1986-08-01,7.17,1.2400000000000002,1.0349197227002893
1986-09-01,7.45,1.6800000000000006,10.227256062129818
1986-10-01,7.43,1.71,10.140895356265279
1986-11-01,7.25,1.4500000000000002,28.470744126504698
1986-12-01,7.11,1.2400000000000002,38.11126397985092
1987-01-01,7.08,1.2999999999999998,-7.455641899536236
1987-02-01,7.25,1.29,-19.799426077896342
1987-03-01,7.25,1.2199999999999998,11.994332699296685
1987-04-01,8.02,1.5199999999999996,26.24029782269741
1987-05-01,8.61,1.6099999999999994,4.9150586560811504
1987-06-01,8.4,1.6000000000000005,11.586884490630322
1987-07-01,8.45,1.7699999999999996,9.397433097535934
1987-08-01,8.76,1.7299999999999995,-0.9378594951724883
1987-09-01,9.42,1.75,8.3134732434059
1987-10-01,9.52,1.9299999999999997,8.760896890681714
1987-11-01,8.86,1.8999999999999995,21.92981473485862
1987-12-01,8.99,1.8200000000000003,22.635700747555898
1988-01-01,8.67,1.6799999999999997,-2.664534138026098
1988-02-01,8.21,1.5700000000000012,-22.51129967872949
1988-03-01,8.37,1.6599999999999993,13.16102523327336
1988-04-01,8.72,1.7100000000000009,25.31437443179685
1988-05-01,9.09,1.6899999999999995,1.803107440435281
1988-06-01,8.92,1.4299999999999997,20.978787940999766
1988-07-01,9.06,1.3100000000000005,12.530627444350406
1988-08-01,9.26,1.0899999999999999,-4.2652519712362285
1988-09-01,8.98,0.8900000000000006,1.7607769332604661
1988-10-01,8.8,0.6900000000000013,0.8755873183912799
1988-11-01,8.96,0.4800000000000004,17.873922646097885
1988-12-01,9.11,0.11999999999999922,21.66445808709261
1989-01-01,9.09,0.03999999999999915,-6.559442794928271
1989-02-01,9.17,-0.08000000000000007,-25.69972456771361
1989-03-01,9.36,-0.21000000000000085,16.36937354960102
1989-04-01,9.18,-0.17999999999999972,12.740140711432456
1989-05-01,8.86,-0.120000000000001,-4.17911125131255
1989-06-01,8.28,-0.16000000000000014,14.093270452371653
1989-07-01,8.02,0.1299999999999999,8.79548061033577
1989-08-01,8.11,-0.07000000000000028,-7.303822468477906
1989-09-01,8.19,-0.030000000000001137,0.4235038724764051
1989-10-01,8.01,0.019999999999999574,0.8483512782849978
1989-11-01,7.87,0.10000000000000053,16.305590901780675
1989-12-01,7.84,0.1200000000000001,30.735541480845164
1990-01-01,8.21,0.2900000000000009,-4.784714039756677
1990-02-01,8.47,0.3600000000000012,-20.000269967378603
1990-03-01,8.59,0.2400000000000002,21.464698568882113
1990-04-01,8.79,0.3899999999999988,22.56406339720687
1990-05-01,8.76,0.4399999999999995,-0.40275159789339154
1990-06-01,8.48,0.3800000000000008,19.27922581127932
1990-07-01,8.47,0.5300000000000002,9.110030923291479
1990-08-01,8.75,0.9699999999999998,4.842674411447345
1990-09-01,8.89,1.1300000000000008,12.021686386172693
1990-10-01,8.72,1.1700000000000008,3.1617977952504095
1990-11-01,8.39,1.080000000000001,20.79437870756726
1990-12-01,8.08,1.0300000000000002,6.295143996622277
1991-01-01,8.09,1.4500000000000002,-19.661489567589097
1991-02-01,7.85,1.58,-9.977465267148776
1991-03-01,8.11,1.709999999999999,17.716535546392187
1991-04-01,8.04,1.799999999999999,12.205747546385147
1991-05-01,8.07,1.9400000000000004,0.7667694464861707
1991-06-01,8.28,1.919999999999999,15.513157983350801
1991-07-01,8.27,1.96,7.407772644977451
1991-08-01,7.9,2.12,0.37564520310922056
1991-09-01,7.65,2.08,6.562496749826807
1991-10-01,7.53,2.2,4.9569058309326675
1991-11-01,7.42,2.5300000000000002,21.561005902628104
1991-12-01,7.09,2.71,28.80090598855114
1992-01-01,7.03,2.88,-7.925600936274357
1992-02-01,7.34,3.05,-6.634087721021487
1992-03-01,7.54,2.91,17.16003386064111
1992-04-01,7.48,3.1800000000000006,-8.581905139718737
1992-05-01,7.39,3.1999999999999993,5.161766550376834
1992-06-01,7.26,3.09,9.736616374881212
1992-07-01,6.84,3.2399999999999998,12.40084772837442
1992-08-01,6.59,3.1199999999999997,8.41631360183075
1992-09-01,6.42,3.2399999999999998,15.739698032892434
1992-10-01,6.59,3.29,10.506052066841587
1992-11-01,6.87,3.19,23.054696702733057
1992-12-01,6.77,3.0599999999999996,22.215739871741945
1993-01-01,6.6,3.0999999999999996,-4.226431078932491
1993-02-01,6.26,2.8699999999999997,-3.5997704641734685
1993-03-01,5.98,2.6500000000000004,11.220266234498922
1993-04-01,5.97,2.7299999999999995,22.157540919604468
1993-05-01,6.04,2.68,6.705242490940444
1993-06-01,5.96,2.42,17.43690673853211
1993-07-01,5.81,2.3399999999999994,11.061645553751243
1993-08-01,5.68,2.2399999999999998,5.848877991124879
1993-09-01,5.36,2.0000000000000004,12.650873535885832
1993-10-01,5.33,1.94,11.480815489691931
1993-11-01,5.72,2.1399999999999997,12.400031156737379
1993-12-01,5.77,2.1599999999999997,22.18410954762451
1994-01-01,5.75,2.21,-2.382020788913264
1994-02-01,5.97,2.0999999999999996,0.30207655008192
1994-03-01,6.48,2.16,9.105158501123544
1994-04-01,6.97,2.1499999999999995,19.872544461099785
1994-05-01,7.18,1.87,0.5914226400771438
1994-06-01,7.1,1.83,14.101450280872175
1994-07-01,7.3,1.8199999999999994,10.375521226595442
1994-08-01,7.24,1.6800000000000006,0.8709271804678398
1994-09-01,7.46,1.7000000000000002,4.72239553792253
1994-10-01,7.74,1.63,5.305920607166081
1994-11-01,7.96,1.42,13.36546487914141
1994-12-01,7.81,0.6699999999999999,16.437698103209254
1995-01-01,7.78,0.7300000000000004,-6.254284215441541
1995-02-01,7.47,0.7699999999999996,-8.905768315897177
1995-03-01,7.2,0.7700000000000005,14.503505133012219
1995-04-01,7.06,0.79,17.543391860330892
1995-05-01,6.63,0.6299999999999999,1.3928971167985305
1995-06-01,6.17,0.5300000000000002,2.2345455513930412
1995-07-01,6.28,0.6900000000000004,3.0784793927276954
1995-08-01,6.49,0.7400000000000002,-1.095629320762792
1995-09-01,6.2,0.5800000000000001,2.2267711433532567
1995-10-01,6.04,0.4500000000000002,0.828247934492099
1995-11-01,5.93,0.5,7.091861775538666
1995-12-01,5.71,0.40000000000000036,19.927705443670508
1996-01-01,5.65,0.5600000000000005,-10.494850691708479
1996-02-01,5.81,0.8699999999999992,-15.136306772983598
1996-03-01,6.27,0.9299999999999997,14.051298385864385
1996-04-01,6.51,0.9699999999999998,8.192538920228554
1996-05-01,6.74,1.1000000000000005,-1.077188882165514
1996-06-01,6.91,1.1000000000000005,9.608823564818803
1996-07-01,6.87,1.0200000000000005,9.532545851784956
1996-08-01,6.64,0.9699999999999998,2.9744332773931292
1996-09-01,6.83,1.0,2.967079316086907
1996-10-01,6.53,0.9800000000000004,1.3355396822407606
1996-11-01,6.2,0.7800000000000002,12.60855830054246
1996-12-01,6.3,0.8300000000000001,23.151876541899675
1997-01-01,6.58,0.9699999999999998,-6.264217279447493
1997-02-01,6.42,0.8899999999999997,-6.5412280716038325
1997-03-01,6.69,0.8900000000000006,6.4451323686985695
1997-04-01,6.89,0.8999999999999995,8.629930717734592
1997-05-01,6.71,0.8399999999999999,3.936082349589709
1997-06-01,6.49,0.7999999999999998,7.436928167147583
1997-07-01,6.22,0.6799999999999997,8.762511424786435
1997-08-01,6.3,0.7400000000000002,3.0865770396650394
1997-09-01,6.21,0.6900000000000004,2.8188241439833117
1997-10-01,6.03,0.5700000000000003,5.962639202120634
1997-11-01,5.88,0.41999999999999993,18.77855080238826
1997-12-01,5.81,0.27999999999999936,23.202384320129443
1998-01-01,5.54,0.2999999999999998,-4.5270664279643995
1998-02-01,5.57,0.2600000000000007,-6.629955524528864
1998-03-01,5.65,0.2600000000000007,6.578607628269362
1998-04-01,5.64,0.2599999999999998,7.84508105632824
1998-05-01,5.65,0.20999999999999996,2.7044793867104344
1998-06-01,5.5,0.08999999999999986,7.25828996096558
1998-07-01,5.46,0.09999999999999964,10.865665411525605
1998-08-01,5.34,0.1299999999999999,6.137506282616734
1998-09-01,4.81,0.09999999999999964,9.15705791847472
1998-10-01,4.53,0.41000000000000014,9.85680195350993
1998-11-01,4.83,0.2999999999999998,14.190844262639901
1998-12-01,4.65,0.13000000000000078,20.45256738449066
1999-01-01,4.72,0.20999999999999996,3.473556551910839
1999-02-01,5.0,0.2999999999999998,-3.356950961831706
1999-03-01,5.23,0.4500000000000002,11.005292544648437
1999-04-01,5.18,0.4899999999999993,9.915516276470848
1999-05-01,5.54,0.6900000000000004,12.802633602131097
1999-06-01,5.9,0.8000000000000007,7.813786741840212
1999-07-01,5.79,0.7599999999999998,11.117493406735445
1999-08-01,5.94,0.7400000000000002,5.835632318621808
1999-09-01,5.92,0.6699999999999999,12.406021844584902
1999-10-01,6.11,0.6800000000000006,18.41936654794263
1999-11-01,6.03,0.4800000000000004,46.022931974835956
1999-12-01,6.28,0.4400000000000004,81.56770295058162
2000-01-01,6.66,0.54,-18.900345608143056
2000-02-01,6.52,0.2999999999999998,-38.504697645711204
2000-03-01,6.26,0.040000000000000036,-1.8525929120659868
2000-04-01,5.99,-0.16000000000000014,3.1640207265938303
2000-05-01,6.44,0.11000000000000032,4.227717264880648
2000-06-01,6.1,-0.07000000000000028,2.9322432953291733
2000-07-01,6.05,-0.03000000000000025,4.631587799665526
2000-08-01,5.83,-0.34999999999999964,-1.6309525885126352
2000-09-01,5.8,-0.33000000000000007,0.8258728523951042
2000-10-01,5.74,-0.2699999999999996,3.127194096318031
2000-11-01,5.72,-0.3700000000000001,10.746780373353682
2000-12-01,5.24,-0.35999999999999943,17.531596495516055
2001-01-01,5.16,0.35000000000000053,0.8052297177462808
2001-02-01,5.1,0.41999999999999993,-5.470028414738193
2001-03-01,4.89,0.5899999999999999,6.63780816113364
2001-04-01,5.14,1.1599999999999997,5.3339335987858005
2001-05-01,5.39,1.6099999999999999,8.705443457993223
2001-06-01,5.28,1.7000000000000002,6.5250542532032
2001-07-01,5.24,1.62,14.47360292562161
2001-08-01,4.97,1.4999999999999996,13.205222284019925
2001-09-01,4.73,1.9100000000000006,59.81851665401135
2001-10-01,4.57,2.24,-20.11527034857351
2001-11-01,4.65,2.47,8.432810057943074
2001-12-01,5.09,2.8699999999999997,23.391131120015494
2002-01-01,5.04,2.88,5.674077131359123
2002-02-01,4.91,2.68,1.4782611125426781
2002-03-01,5.28,2.7100000000000004,8.370970704598047
2002-04-01,5.21,2.73,8.313011521893209
2002-05-01,5.16,2.81,9.822382440486766
2002-06-01,4.93,2.7299999999999995,10.134222787500935
2002-07-01,4.65,2.6900000000000004,9.855199386912261
2002-08-01,4.26,2.5,0.8868466662385055
2002-09-01,3.87,2.1500000000000004,1.064291628339209
2002-10-01,3.94,2.29,2.677816845562808
2002-11-01,4.05,2.5599999999999996,12.253282582711034
2002-12-01,4.03,2.58,20.32883179503171
2003-01-01,4.05,2.6899999999999995,0.17175978061754194
2003-02-01,3.9,2.5999999999999996,2.9565252201495973
2003-03-01,3.81,2.5700000000000003,7.614400470591964
2003-04-01,3.96,2.69,7.566410332714124
2003-05-01,3.57,2.3899999999999997,7.158118403885272
2003-06-01,3.33,2.3200000000000003,2.20782358908036
2003-07-01,3.98,2.86,4.451975647866813
2003-08-01,4.45,3.14,5.660131255506351
2003-09-01,4.27,3.0299999999999994,0.33342564541014585
2003-10-01,4.29,3.04,6.334028919789669
2003-11-01,4.3,2.96,10.036761077562662
2003-12-01,4.27,2.9599999999999995,15.450904656326614
2004-01-01,4.15,2.91,-4.76161919517879
2004-02-01,4.08,2.84,-1.777850579500817
2004-03-01,3.83,2.64,2.47563416488612
2004-04-01,4.35,2.92,7.4062420067496415
2004-05-01,4.72,2.9399999999999995,6.328661095259203
2004-06-01,4.73,2.6100000000000003,9.57758315982382
2004-07-01,4.5,2.4,11.075554893871864
2004-08-01,4.28,2.2600000000000002,-0.15834264706983125
2004-09-01,4.13,2.01,8.21814112412076
2004-10-01,4.1,1.8699999999999997,2.7095406922834853
2004-11-01,4.19,1.6900000000000004,10.874990676812768
2004-12-01,4.23,1.5600000000000005,9.416625667249988
2005-01-01,4.22,1.3599999999999999,-1.687184303440692
2005-02-01,4.17,1.1400000000000001,-3.5028428405615486
2005-03-01,4.5,1.2000000000000002,0.935544190828419
2005-04-01,4.34,1.02,3.147286954724482
2005-05-01,4.14,0.8099999999999996,1.401573635783504
2005-06-01,4.0,0.6400000000000001,6.8522894139557255
2005-07-01,4.18,0.5399999999999996,3.434486895876776
2005-08-01,4.26,0.3899999999999997,-0.3061222112173856
2005-09-01,4.2,0.3500000000000001,8.270265040464642
2005-10-01,4.46,0.28000000000000025,-1.0609310185118792
2005-11-01,4.54,0.20999999999999996,10.037863117978919
2005-12-01,4.47,0.1200000000000001,15.524031900766522
2006-01-01,4.42,-0.03000000000000025,1.6560696151651344
2006-02-01,4.57,-0.10999999999999943,1.0495313086158697
2006-03-01,4.72,-0.04999999999999982,8.034000262947472
2006-04-01,4.99,0.08999999999999986,-1.3250526998445866
2006-05-01,5.11,0.11000000000000032,5.160181427114452
2006-06-01,5.11,-0.04999999999999982,-0.29494878574841676
2006-07-01,5.09,-0.1299999999999999,-1.3213241476492277
2006-08-01,4.88,-0.20000000000000018,-2.629504205643951
2006-09-01,4.72,-0.25,1.042368289635176
2006-10-01,4.73,-0.27999999999999936,-0.8848412365775271
2006-11-01,4.6,-0.41000000000000014,10.880577639207134
2006-12-01,4.56,-0.3800000000000008,15.554404175787596
2007-01-01,4.76,-0.2999999999999998,-5.2404977048609585
2007-02-01,4.72,-0.33000000000000007,-4.287600065107822
2007-03-01,4.56,-0.3600000000000003,1.3250529549694745
2007-04-01,4.69,-0.23999999999999932,3.1133637435633466
2007-05-01,4.75,-0.16000000000000014,4.00863400183189
2007-06-01,5.1,0.13999999999999968,2.201882151731138
2007-07-01,5.0,0.040000000000000036,2.494218089847111
2007-08-01,4.67,0.20000000000000018,1.0181114247343137
2007-09-01,4.52,0.3799999999999999,-3.136250054799772
2007-10-01,4.53,0.4300000000000006,2.345362337598522
2007-11-01,4.15,0.6500000000000004,7.947491951229391
2007-12-01,4.1,0.8399999999999999,4.251836200086445
2008-01-01,3.74,1.0300000000000002,-9.060516074948477
2008-02-01,3.74,1.6900000000000004,-1.5776879141766398
2008-03-01,3.51,1.9699999999999998,5.182462109920638
2008-04-01,3.68,1.9400000000000002,-3.959871684693883
2008-05-01,3.88,1.8199999999999998,6.701914912298346
2008-06-01,4.1,1.6799999999999997,8.199975992456764
2008-07-01,4.01,1.73,10.156162375443877
2008-08-01,3.89,1.71,0.8533787830121264
2008-09-01,3.69,1.78,133.6075959172723
2008-10-01,3.81,2.39,1344.0969943685873
2008-11-01,3.53,2.46,1646.9985380537348
2008-12-01,2.42,1.93,465.82722661621733
2009-01-01,2.52,2.08,38.25920037976018
2009-02-01,2.87,2.25,-66.8009084866126
2009-03-01,2.82,2.1799999999999997,89.71473240025847
2009-04-01,2.93,2.38,111.20547041623796
2009-05-01,3.29,2.79,16.06368205016968
2009-06-01,3.72,3.21,-46.97231658642601
2009-07-01,3.56,3.08,-6.965620910663494
2009-08-01,3.59,3.13,30.187981271881515
2009-09-01,3.4,3.0,85.5036077942651
2009-10-01,3.39,3.02,138.19272120755238
2009-11-01,3.4,3.09,70.76507164080996
2009-12-01,3.59,3.2199999999999998,0.9524683271654455
2010-01-01,3.73,3.38,-16.99063950875236
2010-02-01,3.69,3.34,101.79130706084764
2010-03-01,3.73,3.33,-18.42812379485279
2010-04-01,3.85,3.4,-31.767568476435837
2010-05-01,3.42,3.05,-1.2438448793010037
2010-06-01,3.2,2.8800000000000003,-5.746537624683645
2010-07-01,3.01,2.7199999999999998,-4.747620884309345
2010-08-01,2.7,2.4400000000000004,-0.3604321308304015
2010-09-01,2.65,2.3899999999999997,-17.899668917185107
2010-10-01,2.54,2.31,0.30636448960934537
2010-11-01,2.76,2.51,7.200806815137639
2010-12-01,3.29,3.0,30.221177965673185
2011-01-01,3.39,3.12,20.014625274696574
2011-02-01,3.58,3.29,151.63672435911963
2011-03-01,3.41,3.1500000000000004,160.51935763005375
2011-04-01,3.46,3.21,64.38743546036349
2011-05-01,3.17,2.98,39.74261145871123
2011-06-01,3.0,2.82,45.372841112450615
2011-07-01,3.0,2.81,17.74528968812257
2011-08-01,2.3,2.19,-11.462305866545009
2011-09-01,1.98,1.88,-8.665823952521423
2011-10-01,2.15,2.04,0.04550366795381677
2011-11-01,2.01,1.8999999999999997,-13.78347018779975
2011-12-01,1.98,1.8599999999999999,6.739920590540693
2012-01-01,1.97,1.85,10.15554278619819
2012-02-01,1.97,1.81,27.267848403330476
2012-03-01,2.17,1.98,-16.12702748676447
2012-04-01,2.05,1.8699999999999999,-6.742145134668675
2012-05-01,1.8,1.61,-10.092364835637458
2012-06-01,1.62,1.4300000000000002,1.0599590889410093
2012-07-01,1.53,1.34,14.128509889874774
2012-08-01,1.68,1.5,1.32224480141232
2012-09-01,1.72,1.54,-22.532315436407014
2012-10-01,1.75,1.57,8.10144468341527
2012-11-01,1.65,1.47,17.32066099424088
2012-12-01,1.72,1.56,14.021051820538366
2013-01-01,1.91,1.76,33.84453090325543
2013-02-01,1.98,1.82,56.06214861986911
2013-03-01,1.96,1.81,45.13110455703948
2013-04-01,1.76,1.6400000000000001,36.28348805438202
2013-05-01,1.93,1.81,50.98504060561544
2013-06-01,2.3,2.1599999999999997,37.901073311018216
2013-07-01,2.58,2.46,39.166323458132915
2013-08-01,2.74,2.6100000000000003,47.32770350366611
2013-09-01,2.81,2.69,35.89806187564024
2013-10-01,2.62,2.5,41.6229321520275
2013-11-01,2.72,2.6,36.86004585169205
2013-12-01,2.9,2.77,11.257053272502526
2014-01-01,2.86,2.7399999999999998,3.6091337741745777
2014-02-01,2.71,2.59,39.508250686443326
2014-03-01,2.72,2.5900000000000003,17.730714777919232
2014-04-01,2.71,2.6,14.746472088884266
2014-05-01,2.56,2.46,-5.70661423010983
2014-06-01,2.6,2.5,12.028794287059297
2014-07-01,2.54,2.43,12.99244462399123
2014-08-01,2.42,2.31,29.13152359576081
2014-09-01,2.53,2.42,-7.338488277278055
2014-10-01,2.3,2.1999999999999997,-13.255266593011738
2014-11-01,2.33,2.2,-40.80899826208852
2014-12-01,2.21,2.0,37.9574159307668
2015-01-01,1.88,1.68,28.314909025314282
2015-02-01,1.98,1.76,-41.69557492576303
2015-03-01,2.04,1.79,78.55958722885521
2015-04-01,1.94,1.71,8.919530824209044
2015-05-01,2.2,1.9600000000000002,-28.083044580946403
2015-06-01,2.36,2.08,-8.688069227692718
2015-07-01,2.32,2.02,13.5063756661568
2015-08-01,2.17,1.79,7.129903197559928
2015-09-01,2.17,1.7999999999999998,14.258484333432907
2015-10-01,2.07,1.8099999999999998,9.95975465242227
2015-11-01,2.26,1.7799999999999998,-14.790555420225704
2015-12-01,2.24,1.5900000000000003,-40.730734472327214
2016-01-01,2.09,1.5499999999999998,-12.680660465553784
2016-02-01,1.78,1.25,28.38527545573839
2016-03-01,1.89,1.23,8.327735156437255
2016-04-01,1.81,1.25,-7.573050213480781
2016-05-01,1.81,1.2200000000000002,-10.713247147705385
2016-06-01,1.64,1.0899999999999999,-3.3868938314347896
2016-07-01,1.5,0.99,-15.415165134964749
2016-08-01,1.56,0.9900000000000001,15.001979940752452
2016-09-01,1.63,1.04,-22.645316245738766
2016-10-01,1.76,1.1,-41.60974305698607
2016-11-01,2.14,1.4000000000000001,21.201796041882215
2016-12-01,2.49,1.62,-28.044210589778462
2017-01-01,2.43,1.6,24.009061081044504
2017-02-01,2.42,1.6,63.77900193876784
2017-03-01,2.48,1.47,41.47510057961168
2017-04-01,2.3,1.2599999999999998,-10.251053513592034
2017-05-01,2.3,1.1799999999999997,-13.881595622895215
2017-06-01,2.19,0.99,-3.626298023995911
2017-07-01,2.32,1.0999999999999999,10.906503798852407
2017-08-01,2.21,0.98,42.89941459229556
2017-09-01,2.2,0.9200000000000002,-10.367214317803054
2017-10-01,2.36,0.96,-12.971553400475466
2017-11-01,2.35,0.79,27.29324686704304
2017-12-01,2.4,0.7,-16.087309751879374
2018-01-01,2.58,0.78,-7.865444535092547
2018-02-01,2.86,0.8999999999999999,9.931716090292397
2018-03-01,2.84,0.7799999999999998,-15.70570313631613
2018-04-01,2.87,0.7200000000000002,-20.890876113239354
2018-05-01,2.98,0.71,-15.59815322815683
2018-06-01,2.91,0.5800000000000001,-7.652798113775361
2018-07-01,2.89,0.5,-10.086141957762573
2018-08-01,2.89,0.43999999999999995,-10.651318009097043
2018-09-01,3.0,0.43999999999999995,-7.962636796158307
2018-10-01,3.15,0.5,-12.352990789551011
2018-11-01,3.12,0.41999999999999993,-14.185101092672369
2018-12-01,2.83,0.16999999999999993,-23.190864718088367
2019-01-01,2.71,0.1299999999999999,-17.41655770589151
2019-02-01,2.68,0.13000000000000034,2.392203633231693
2019-03-01,2.57,0.07999999999999963,10.492544013522886
2019-04-01,2.53,0.10999999999999988,-28.910071641165903
2019-05-01,2.4,0.06000000000000005,-14.364751122167707
2019-06-01,2.07,0.06999999999999984,11.80057538688124
2019-07-01,2.06,0.10000000000000009,-5.185799536651747
2019-08-01,1.63,-0.14000000000000012,4.1628908364826245
2019-09-01,1.7,-0.10000000000000009,-22.484005131433893
2019-10-01,1.71,0.09999999999999987,20.47396892876896
2019-11-01,1.81,0.24,25.793220549106444
2019-12-01,1.86,0.31000000000000005,48.410033211557234
2020-01-01,1.76,0.22999999999999998,5.786424646985866
2020-02-01,1.5,0.09000000000000008,4.227804869918006
2020-03-01,0.87,0.54,306.9307742121249
2020-04-01,0.66,0.48000000000000004,1323.2294160789952
2020-05-01,0.67,0.51,107.8077469686198
2020-06-01,0.73,0.55,-29.459859162004342
2020-07-01,0.62,0.47,-52.57677669854114
2020-08-01,0.65,0.52,31.043708153965266
2020-09-01,0.68,0.55,19.794016348121012
2020-10-01,0.79,0.66,9.433490857378079
2020-11-01,0.87,0.75,52.46691945209889
2020-12-01,0.93,0.8300000000000001,30.276582879131443
2021-01-01,1.08,0.9800000000000001,9.995633091454037
2021-02-01,1.26,1.19,56.23244487524559
2021-03-01,1.61,1.53,130.3374515656765
2021-04-01,1.64,1.5799999999999998,50.72774527858739
2021-05-01,1.62,1.57,-0.03971405825854424
2021-06-01,1.52,1.45,-2.9195228562305275
2021-07-01,1.32,1.24,22.597447322278864
2021-08-01,1.28,1.21,46.58123819123243
2021-09-01,1.37,1.29,12.010156263951588
2021-10-01,1.58,1.47,-10.349249469830523
2021-11-01,1.56,1.3800000000000001,12.786379157785554
2021-12-01,1.47,1.17,3.5080305006992107
2022-01-01,1.76,1.21,-44.73212379375682
2022-02-01,1.93,0.9299999999999999,-11.881304475100196
2022-03-01,2.13,0.7899999999999998,20.45453591807169
2022-04-01,2.75,0.8600000000000001,-39.21765260895496
2022-05-01,2.9,0.8399999999999999,-45.90016604249898
2022-06-01,3.14,0.4900000000000002,-16.79203621839369
2022-07-01,2.9,-0.1200000000000001,6.876377840314385
2022-08-01,2.9,-0.3799999999999999,10.22442108201378
2022-09-01,3.52,-0.3700000000000001,-31.14289901013876
2022-10-01,3.98,-0.44999999999999973,-14.619019290224777
2022-11-01,3.89,-0.8400000000000003,19.296204107684044
2022-12-01,3.62,-1.0599999999999996,-2.9270981543614516
2023-01-01,3.53,-1.1600000000000006,-15.814722744411869
2023-02-01,3.75,-1.1799999999999997,-1.6536859340328225
2023-03-01,3.66,-1.0199999999999996,73.4438430565137
2023-04-01,3.46,-1.2199999999999998,4.752740210808115
2023-05-01,3.57,-1.3400000000000003,-4.92703011364325
2023-06-01,3.75,-1.4900000000000002,8.71078185702736
2023-07-01,3.9,-1.4700000000000002,-17.76990961021758
2023-08-01,4.17,-1.2000000000000002,9.337371794759864
2023-09-01,4.38,-1.0600000000000005,1.7845341713395024
2023-10-01,4.8,-0.6200000000000001,7.5798860249431055
2023-11-01,4.5,-0.7800000000000002,31.723948432700833
2023-12-01,4.02,-0.9400000000000004,22.034151950921842
2024-01-01,4.06,-0.7300000000000004,3.366334947275873
2024-02-01,4.21,-0.71,11.466674116102027
2024-03-01,4.21,-0.7800000000000002,-2.792453909507664
2024-04-01,4.54,-0.5999999999999996,-19.904171774906064
2024-05-01,4.48,-0.6799999999999997,-9.92824432419005
2024-06-01,4.31,-0.8000000000000007,1.4347766874160728
2024-07-01,4.25,-0.6500000000000004,-15.180490292935989
2024-08-01,3.87,-0.5599999999999996,3.5153243121889055
2024-09-01,3.72,-0.31000000000000005,-16.003497497326446
2024-10-01,4.1,-0.10000000000000053,-4.458964688202538
2024-11-01,4.36,0.03000000000000025,11.160939201482334
2024-12-01,4.39,0.15999999999999925,-2.617678259120293
2025-01-01,4.63,0.4500000000000002,2.1626638715256608
2025-02-01,4.45,0.2599999999999998,-0.04274569806759221
2025-03-01,4.28,0.22000000000000064,40.54789054078354
2025-04-01,4.28,0.33000000000000007,-8.463463817064376
2025-05-01,4.42,0.33000000000000007,-16.28742906783748
2025-06-01,4.38,0.3200000000000003,23.467858713015843
2025-07-01,4.39,0.3099999999999996,-1.6984729034629775
2025-08-01,4.26,0.36999999999999966,-10.70416345391677
2025-09-01,4.12,0.45999999999999996,-36.07210327908128
2025-10-01,4.06,0.44999999999999973,-22.68513721805577
2025-11-01,4.09,0.4299999999999997,-12.57258268657444
2025-12-01,4.14,0.5999999999999996,17.464337347777924
2026-01-01,4.21,0.7000000000000002,6.624326283033133
2026-02-01,4.13,0.6499999999999999,-3.173610514696057
