date,growth_pc1,inflation_pc1,gs10,term_spread_10y_1y,credit_spread,penalty,best_seed,objective_value,state,state_label,regime_name,state_prob_0,state_prob_1,state_prob_2,state_prob_3
1972-08-01,1.7914126799333363,-0.5938528837706623,6.21,1.2299999999999995,0.9999999999999992,1.1,0,887.2127880499851,0,state_0,Late-Cycle / Inflationary Flat Curve,1.0,0.0,0.0,0.0
1972-11-01,2.9250281409192587,0.3953515828616309,6.28,1.010000000000001,0.8700000000000001,1.1,0,887.2127880499851,0,state_0,Late-Cycle / Inflationary Flat Curve,1.0,0.0,0.0,0.0
1973-02-01,2.6974742942723715,2.490439620269416,6.64,0.4499999999999993,0.75,1.1,0,887.2127880499851,0,state_0,Late-Cycle / Inflationary Flat Curve,1.0,0.0,0.0,0.0
1973-05-01,1.0846040993242712,2.048697479013292,6.85,-0.04,0.7700000000000005,1.1,0,887.2127880499851,0,state_0,Late-Cycle / Inflationary Flat Curve,1.0,0.0,0.0,0.0
1973-08-01,-0.5144328650192292,7.839877013142269,7.4,-1.42,0.8499999999999996,1.1,0,887.2127880499851,0,state_0,Late-Cycle / Inflationary Flat Curve,1.0,0.0,0.0,0.0
1973-11-01,1.024485608972456,0.4374632365247347,6.73,-0.8399999999999999,0.75,1.1,0,887.2127880499851,0,state_0,Late-Cycle / Inflationary Flat Curve,1.0,0.0,0.0,0.0
1974-02-01,-1.0259118641646203,3.7512884219309406,6.96,0.08,0.6799999999999997,1.1,0,887.2127880499851,0,state_0,Late-Cycle / Inflationary Flat Curve,1.0,0.0,0.0,0.0
1974-05-01,0.0107044091660379,1.2645575208812885,7.58,-1.1999999999999993,0.6800000000000015,1.1,0,887.2127880499851,0,state_0,Late-Cycle / Inflationary Flat Curve,1.0,0.0,0.0,0.0
1974-08-01,-1.588055320794328,4.655792100890325,8.04,-1.3200000000000005,0.7699999999999996,1.1,0,887.2127880499851,0,state_0,Late-Cycle / Inflationary Flat Curve,1.0,0.0,0.0,0.0
1974-11-01,-4.028703618930432,1.4014202023179685,7.68,0.0199999999999995,1.709999999999999,1.1,0,887.2127880499851,3,state_3,Macro-Financial Stress,0.0,0.0,0.0,1.0
1975-02-01,-3.9053594030370737,0.1742380090765533,7.39,1.4099999999999993,2.030000000000001,1.1,0,887.2127880499851,3,state_3,Macro-Financial Stress,0.0,0.0,0.0,1.0
1975-05-01,-0.7274128517521826,-0.7548916149118878,8.06,1.6700000000000008,1.7899999999999991,1.1,0,887.2127880499851,2,state_2,High-Rate / Resilient Growth,0.0,0.0,1.0,0.0
1975-08-01,1.9311316273272463,-0.2636192450805588,8.4,0.7000000000000002,1.6400000000000006,1.1,0,887.2127880499851,2,state_2,High-Rate / Resilient Growth,0.0,0.0,1.0,0.0
1975-11-01,0.9145541240113364,0.0193665340213315,8.05,1.5600000000000005,1.7800000000000011,1.1,0,887.2127880499851,2,state_2,High-Rate / Resilient Growth,0.0,0.0,1.0,0.0
1976-02-01,2.215210135372229,-1.104421018811627,7.79,1.88,1.6899999999999995,1.1,0,887.2127880499851,2,state_2,High-Rate / Resilient Growth,0.0,0.0,1.0,0.0
1976-05-01,0.8043456263540161,0.5087850173093553,7.9,1.5,1.2799999999999994,1.1,0,887.2127880499851,2,state_2,High-Rate / Resilient Growth,0.0,0.0,1.0,0.0
1976-08-01,0.5274102441104415,-0.5631125141776587,7.77,1.7699999999999996,1.1900000000000013,1.1,0,887.2127880499851,2,state_2,High-Rate / Resilient Growth,0.0,0.0,1.0,0.0
1976-11-01,1.0375241189416031,0.06703907703772,7.29,2.0,0.9800000000000004,1.1,0,887.2127880499851,2,state_2,High-Rate / Resilient Growth,0.0,0.0,1.0,0.0
1977-02-01,1.424880041517277,1.5077320765161863,7.39,1.92,1.08,1.1,0,887.2127880499851,2,state_2,High-Rate / Resilient Growth,0.0,0.0,1.0,0.0
1977-05-01,2.0201702052005435,0.3104243461942705,7.46,1.62,0.9599999999999992,1.1,0,887.2127880499851,2,state_2,High-Rate / Resilient Growth,0.0,0.0,1.0,0.0
1977-08-01,0.6655925349654298,-0.1904620624313888,7.4,1.0300000000000002,0.8399999999999999,1.1,0,887.2127880499851,0,state_0,Late-Cycle / Inflationary Flat Curve,1.0,0.0,0.0,0.0
1977-11-01,0.3888731639129686,0.5767547766061131,7.58,0.6299999999999999,0.8699999999999992,1.1,0,887.2127880499851,0,state_0,Late-Cycle / Inflationary Flat Curve,1.0,0.0,0.0,0.0
1978-01-01,-0.7240219273787509,1.2542254026363655,7.96,0.6799999999999997,0.7599999999999998,1.1,0,887.2127880499851,0,state_0,Late-Cycle / Inflationary Flat Curve,1.0,0.0,0.0,0.0
1978-02-01,0.5943208349934004,0.9438459301388764,8.03,0.6899999999999995,0.7299999999999986,1.1,0,887.2127880499851,0,state_0,Late-Cycle / Inflationary Flat Curve,1.0,0.0,0.0,0.0
1978-03-01,1.116414993124193,1.4874331393504725,8.04,0.7299999999999995,0.75,1.1,0,887.2127880499851,0,state_0,Late-Cycle / Inflationary Flat Curve,1.0,0.0,0.0,0.0
1978-04-01,3.151033431295685,1.2820766161035746,8.15,0.7000000000000002,0.7599999999999998,1.1,0,887.2127880499851,0,state_0,Late-Cycle / Inflationary Flat Curve,1.0,0.0,0.0,0.0
1978-05-01,2.552899271543414,1.0969768916284834,8.35,0.5299999999999994,0.8000000000000007,1.1,0,887.2127880499851,0,state_0,Late-Cycle / Inflationary Flat Curve,1.0,0.0,0.0,0.0
1978-06-01,2.606727495301796,1.303412193114913,8.46,0.370000000000001,0.8399999999999999,1.1,0,887.2127880499851,0,state_0,Late-Cycle / Inflationary Flat Curve,1.0,0.0,0.0,0.0
1978-07-01,0.9720090248508,0.2937415167605856,8.64,0.25,0.7199999999999989,1.1,0,887.2127880499851,0,state_0,Late-Cycle / Inflationary Flat Curve,1.0,0.0,0.0,0.0
1978-08-01,1.2499489933712506,0.4338950239936532,8.41,0.0999999999999996,0.7900000000000009,1.1,0,887.2127880499851,0,state_0,Late-Cycle / Inflationary Flat Curve,1.0,0.0,0.0,0.0
1978-09-01,0.9171598371633513,0.8022252462371083,8.42,-0.2200000000000006,0.7300000000000004,1.1,0,887.2127880499851,0,state_0,Late-Cycle / Inflationary Flat Curve,1.0,0.0,0.0,0.0
1978-10-01,1.1360816233069098,1.361527144300663,8.64,-0.5,0.6999999999999993,1.1,0,887.2127880499851,0,state_0,Late-Cycle / Inflationary Flat Curve,1.0,0.0,0.0,0.0
1978-11-01,1.390966991195844,0.7177497623562866,8.81,-1.1999999999999993,0.8000000000000007,1.1,0,887.2127880499851,0,state_0,Late-Cycle / Inflationary Flat Curve,1.0,0.0,0.0,0.0
1978-12-01,1.0964886012185602,1.4723673639334285,9.01,-1.290000000000001,0.7799999999999994,1.1,0,887.2127880499851,0,state_0,Late-Cycle / Inflationary Flat Curve,1.0,0.0,0.0,0.0
1979-01-01,-0.2275730782415286,1.7111312731711668,9.1,-1.3100000000000005,0.8800000000000008,1.1,0,887.2127880499851,0,state_0,Late-Cycle / Inflationary Flat Curve,1.0,0.0,0.0,0.0
1979-02-01,0.1828725284774582,2.046335208904095,9.1,-1.1400000000000006,0.8200000000000003,1.1,0,887.2127880499851,0,state_0,Late-Cycle / Inflationary Flat Curve,1.0,0.0,0.0,0.0
1979-03-01,0.6506765610148166,2.1073204594329664,9.12,-1.1300000000000008,0.8900000000000006,1.1,0,887.2127880499851,0,state_0,Late-Cycle / Inflationary Flat Curve,1.0,0.0,0.0,0.0
1979-04-01,-1.4141876397384876,2.129500010903932,9.18,-0.9399999999999996,0.9499999999999992,1.1,0,887.2127880499851,0,state_0,Late-Cycle / Inflationary Flat Curve,1.0,0.0,0.0,0.0
1979-05-01,0.5461314327686025,1.2257829336087218,9.25,-0.8699999999999992,0.9700000000000006,1.1,0,887.2127880499851,0,state_0,Late-Cycle / Inflationary Flat Curve,1.0,0.0,0.0,0.0
1979-06-01,-0.8560363811120733,1.428197231307203,8.91,-0.6600000000000001,1.0900000000000016,1.1,0,887.2127880499851,0,state_0,Late-Cycle / Inflationary Flat Curve,1.0,0.0,0.0,0.0
1979-07-01,-0.2623414022542014,2.221256334124338,8.95,-0.6900000000000013,1.09,1.1,0,887.2127880499851,0,state_0,Late-Cycle / Inflationary Flat Curve,1.0,0.0,0.0,0.0
1979-08-01,-1.0674155168565982,0.8446424512336909,9.03,-0.9500000000000012,1.1199999999999992,1.1,0,887.2127880499851,0,state_0,Late-Cycle / Inflationary Flat Curve,1.0,0.0,0.0,0.0
1979-09-01,-0.1040075410429673,1.9964338248540887,9.33,-1.5099999999999998,1.0999999999999996,1.1,0,887.2127880499851,0,state_0,Late-Cycle / Inflationary Flat Curve,1.0,0.0,0.0,0.0
1979-10-01,-0.6891201038989249,2.0118226323183803,10.3,-2.139999999999999,1.2699999999999996,1.1,0,887.2127880499851,0,state_0,Late-Cycle / Inflationary Flat Curve,1.0,0.0,0.0,0.0
1979-11-01,-1.1751667707286877,1.144979669353058,10.65,-1.7400000000000002,1.2300000000000004,1.1,0,887.2127880499851,0,state_0,Late-Cycle / Inflationary Flat Curve,1.0,0.0,0.0,0.0
1979-12-01,-0.8848285203823397,1.8328060967463435,10.39,-1.59,1.3200000000000005,1.1,0,887.2127880499851,0,state_0,Late-Cycle / Inflationary Flat Curve,1.0,0.0,0.0,0.0
1980-01-01,-0.5368561471285511,2.884278051871648,10.8,-1.2599999999999998,1.33,1.1,0,887.2127880499851,0,state_0,Late-Cycle / Inflationary Flat Curve,1.0,0.0,0.0,0.0
1980-02-01,-0.636462478035155,2.809638341157961,12.41,-1.5099999999999998,1.1899999999999995,1.1,0,887.2127880499851,0,state_0,Late-Cycle / Inflationary Flat Curve,1.0,0.0,0.0,0.0
1980-03-01,-1.9650582726056456,2.59456687240158,12.75,-3.0700000000000003,1.4899999999999984,1.1,0,887.2127880499851,0,state_0,Late-Cycle / Inflationary Flat Curve,1.0,0.0,0.0,0.0
1980-04-01,-4.52377431814795,1.2229835148695456,11.47,-1.83,2.1500000000000004,1.1,0,887.2127880499851,3,state_3,Macro-Financial Stress,0.0,0.0,0.0,1.0
1980-05-01,-5.091671901185689,1.0436755829821138,10.18,0.7899999999999991,2.18,1.1,0,887.2127880499851,3,state_3,Macro-Financial Stress,0.0,0.0,0.0,1.0
1980-06-01,-4.853542039998621,0.44245547653423,9.78,1.6199999999999992,2.130000000000001,1.1,0,887.2127880499851,3,state_3,Macro-Financial Stress,0.0,0.0,0.0,1.0
1980-07-01,-2.556757224479967,0.4736039267630782,10.25,1.5999999999999996,1.58,1.1,0,887.2127880499851,3,state_3,Macro-Financial Stress,0.0,0.0,0.0,1.0
1980-08-01,0.1985542934727666,0.9075399307043096,11.1,0.8599999999999994,1.5099999999999998,1.1,0,887.2127880499851,2,state_2,High-Rate / Resilient Growth,0.0,0.0,1.0,0.0
1980-09-01,0.601417802676296,0.5442117142831139,11.51,-0.0099999999999997,1.6799999999999995,1.1,0,887.2127880499851,2,state_2,High-Rate / Resilient Growth,0.0,0.0,1.0,0.0
1980-10-01,2.746304861312715,1.5236538929068717,11.75,-0.7400000000000002,1.92,1.1,0,887.2127880499851,2,state_2,High-Rate / Resilient Growth,0.0,0.0,1.0,0.0
1980-11-01,2.218061201737206,0.9912975915563612,12.68,-1.4700000000000006,1.67,1.1,0,887.2127880499851,2,state_2,High-Rate / Resilient Growth,0.0,0.0,1.0,0.0
1980-12-01,1.017824644370041,2.230475199662405,12.84,-2.040000000000001,1.93,1.1,0,887.2127880499851,2,state_2,High-Rate / Resilient Growth,0.0,0.0,1.0,0.0
1981-01-01,0.2554746517078934,1.0172951344570311,12.57,-1.5099999999999998,2.219999999999999,1.1,0,887.2127880499851,2,state_2,High-Rate / Resilient Growth,0.0,0.0,1.0,0.0
1981-02-01,-0.1811344782701234,1.6945991110545702,13.19,-1.3800000000000008,2.02,1.1,0,887.2127880499851,2,state_2,High-Rate / Resilient Growth,0.0,0.0,1.0,0.0
1981-03-01,0.3979866677311175,0.885885989828513,13.12,-0.5900000000000016,2.01,1.1,0,887.2127880499851,2,state_2,High-Rate / Resilient Growth,0.0,0.0,1.0,0.0
1981-04-01,-0.5235274043839557,0.2339101698566218,13.68,-0.6400000000000006,1.6799999999999995,1.1,0,887.2127880499851,2,state_2,High-Rate / Resilient Growth,0.0,0.0,1.0,0.0
1981-05-01,-0.6320839468104034,0.2381939667146383,14.1,-2.1,1.629999999999999,1.1,0,887.2127880499851,2,state_2,High-Rate / Resilient Growth,0.0,0.0,1.0,0.0
1981-06-01,-1.0924429494083958,0.7225618321400015,13.47,-1.3899999999999988,2.0500000000000007,1.1,0,887.2127880499851,2,state_2,High-Rate / Resilient Growth,0.0,0.0,1.0,0.0
1981-07-01,-0.0982944607508124,1.3355872985379365,14.28,-1.4400000000000013,1.790000000000001,1.1,0,887.2127880499851,2,state_2,High-Rate / Resilient Growth,0.0,0.0,1.0,0.0
1981-08-01,-0.7069599737362657,0.3331568901423478,14.94,-1.7799999999999994,1.4499999999999993,1.1,0,887.2127880499851,2,state_2,High-Rate / Resilient Growth,0.0,0.0,1.0,0.0
1981-09-01,-1.339232111052382,1.1925211026681437,15.32,-1.1999999999999993,1.4300000000000015,1.1,0,887.2127880499851,2,state_2,High-Rate / Resilient Growth,0.0,0.0,1.0,0.0
1981-10-01,-3.044431242830764,0.1306720866028401,15.15,-0.2300000000000004,1.709999999999999,1.1,0,887.2127880499851,3,state_3,Macro-Financial Stress,0.0,0.0,0.0,1.0
1981-11-01,-3.6618969361304936,0.5535686202224166,13.39,0.9800000000000004,2.17,1.1,0,887.2127880499851,3,state_3,Macro-Financial Stress,0.0,0.0,0.0,1.0
1981-12-01,-3.4061562882352447,-0.1685328942904592,13.72,0.870000000000001,2.3200000000000003,1.1,0,887.2127880499851,3,state_3,Macro-Financial Stress,0.0,0.0,0.0,1.0
1982-01-01,-3.883905796798847,-0.0924774270896568,14.59,0.2699999999999996,1.9200000000000017,1.1,0,887.2127880499851,3,state_3,Macro-Financial Stress,0.0,0.0,0.0,1.0
1982-02-01,-0.8207338160782464,0.097157954046436,14.43,-0.3000000000000007,1.91,1.1,0,887.2127880499851,3,state_3,Macro-Financial Stress,0.0,0.0,0.0,1.0
1982-03-01,-2.6299465364944665,-0.8035504679717147,13.86,-0.0899999999999998,2.24,1.1,0,887.2127880499851,3,state_3,Macro-Financial Stress,0.0,0.0,0.0,1.0
1982-04-01,-1.7773052544062362,-0.538600765298855,13.87,-0.1100000000000012,2.3200000000000003,1.1,0,887.2127880499851,3,state_3,Macro-Financial Stress,0.0,0.0,0.0,1.0
1982-05-01,-1.6990165847539955,0.7058505495445374,13.62,0.2799999999999993,2.380000000000001,1.1,0,887.2127880499851,3,state_3,Macro-Financial Stress,0.0,0.0,0.0,1.0
1982-06-01,-2.085933068656018,1.119146956775391,14.3,0.2300000000000004,2.110000000000001,1.1,0,887.2127880499851,3,state_3,Macro-Financial Stress,0.0,0.0,0.0,1.0
1982-07-01,-1.9483803345646424,0.4744969520440221,13.95,0.7099999999999991,2.1900000000000013,1.1,0,887.2127880499851,3,state_3,Macro-Financial Stress,0.0,0.0,0.0,1.0
1982-08-01,-2.0938524886878715,-0.315979361687248,13.06,1.6300000000000008,2.6099999999999994,1.1,0,887.2127880499851,3,state_3,Macro-Financial Stress,0.0,0.0,0.0,1.0
1982-09-01,-1.9663062906918147,-0.8629168837593009,12.34,1.4900000000000002,2.6900000000000013,1.1,0,887.2127880499851,3,state_3,Macro-Financial Stress,0.0,0.0,0.0,1.0
1982-10-01,-2.121604510281685,-0.1276987343907872,10.91,1.59,2.610000000000001,1.1,0,887.2127880499851,3,state_3,Macro-Financial Stress,0.0,0.0,0.0,1.0
1982-11-01,-1.6913906017142557,-0.3748063761094695,10.55,1.3900000000000006,2.620000000000001,1.1,0,887.2127880499851,3,state_3,Macro-Financial Stress,0.0,0.0,0.0,1.0
1982-12-01,-1.4357743720619205,-0.8366542480383012,10.54,1.629999999999999,2.3100000000000005,1.1,0,887.2127880499851,3,state_3,Macro-Financial Stress,0.0,0.0,0.0,1.0
1983-01-01,0.9618948432259904,-0.5712577950875832,10.46,1.8400000000000016,2.1500000000000004,1.1,0,887.2127880499851,2,state_2,High-Rate / Resilient Growth,0.0,0.0,1.0,0.0
1983-02-01,0.6936724751448443,-0.995121974842333,10.72,1.8000000000000007,1.9399999999999995,1.1,0,887.2127880499851,2,state_2,High-Rate / Resilient Growth,0.0,0.0,1.0,0.0
1983-03-01,1.5347160022238184,-0.9466979342791776,10.51,1.4700000000000006,1.879999999999999,1.1,0,887.2127880499851,2,state_2,High-Rate / Resilient Growth,0.0,0.0,1.0,0.0
1983-04-01,2.4049704647833146,-0.416110067535562,10.4,1.42,1.7799999999999994,1.1,0,887.2127880499851,2,state_2,High-Rate / Resilient Growth,0.0,0.0,1.0,0.0
1983-05-01,2.1002253771830084,0.0887004420893131,10.38,1.4800000000000004,1.629999999999999,1.1,0,887.2127880499851,2,state_2,High-Rate / Resilient Growth,0.0,0.0,1.0,0.0
1983-06-01,2.209243434741532,-0.1416850476649846,10.85,1.1899999999999995,1.629999999999999,1.1,0,887.2127880499851,2,state_2,High-Rate / Resilient Growth,0.0,0.0,1.0,0.0
1983-07-01,2.902950276932441,0.0815388391054486,11.38,1.1800000000000015,1.2400000000000002,1.1,0,887.2127880499851,2,state_2,High-Rate / Resilient Growth,0.0,0.0,1.0,0.0
1983-08-01,2.179875711664353,0.4381562369932489,11.85,1.3200000000000005,1.1300000000000008,1.1,0,887.2127880499851,2,state_2,High-Rate / Resilient Growth,0.0,0.0,1.0,0.0
1983-09-01,3.068428317558906,0.2170018367133222,11.65,1.4900000000000002,1.1800000000000015,1.1,0,887.2127880499851,2,state_2,High-Rate / Resilient Growth,0.0,0.0,1.0,0.0
1983-10-01,2.3558805314358207,0.1385768431278763,11.54,1.7299999999999986,1.2100000000000009,1.1,0,887.2127880499851,2,state_2,High-Rate / Resilient Growth,0.0,0.0,1.0,0.0
1983-11-01,2.333027448121971,-0.4116753604554187,11.69,1.75,1.1999999999999993,1.1,0,887.2127880499851,2,state_2,High-Rate / Resilient Growth,0.0,0.0,1.0,0.0
1983-12-01,2.5872531494832574,-0.3584110060059995,11.83,1.7200000000000006,1.1799999999999995,1.1,0,887.2127880499851,2,state_2,High-Rate / Resilient Growth,0.0,0.0,1.0,0.0
1984-01-01,2.0830016584698465,-0.018723728092696,11.67,1.7699999999999996,1.450000000000001,1.1,0,887.2127880499851,2,state_2,High-Rate / Resilient Growth,0.0,0.0,1.0,0.0
1984-02-01,2.006559152247072,0.2521435609683646,11.84,1.8000000000000007,1.5099999999999998,1.1,0,887.2127880499851,2,state_2,High-Rate / Resilient Growth,0.0,0.0,1.0,0.0
1984-03-01,1.3548608253479617,-0.1126886124319299,12.32,1.7300000000000004,1.42,1.1,0,887.2127880499851,2,state_2,High-Rate / Resilient Growth,0.0,0.0,1.0,0.0
1984-04-01,1.8920386970698877,0.4123130605884423,12.63,1.7300000000000004,1.5,1.1,0,887.2127880499851,2,state_2,High-Rate / Resilient Growth,0.0,0.0,1.0,0.0
1984-05-01,1.05395413650069,-0.4411847662285556,13.41,1.75,1.4600000000000009,1.1,0,887.2127880499851,2,state_2,High-Rate / Resilient Growth,0.0,0.0,1.0,0.0
1984-06-01,1.2153185485210765,-0.2832576865998823,13.56,1.4800000000000004,1.5,1.1,0,887.2127880499851,2,state_2,High-Rate / Resilient Growth,0.0,0.0,1.0,0.0
1984-07-01,0.5631083573577761,-0.1814177430526672,13.36,1.33,1.7100000000000009,1.1,0,887.2127880499851,2,state_2,High-Rate / Resilient Growth,0.0,0.0,1.0,0.0
1984-08-01,0.1478385988835719,-0.4301975249587648,12.72,0.9000000000000004,1.7600000000000016,1.1,0,887.2127880499851,2,state_2,High-Rate / Resilient Growth,0.0,0.0,1.0,0.0
1984-09-01,-0.7008901256207081,-0.518276949212796,12.52,0.9399999999999996,1.6899999999999995,1.1,0,887.2127880499851,2,state_2,High-Rate / Resilient Growth,0.0,0.0,1.0,0.0
1984-10-01,-0.0038179159641464,0.1820960733361612,12.16,1.2599999999999998,1.3099999999999987,1.1,0,887.2127880499851,2,state_2,High-Rate / Resilient Growth,0.0,0.0,1.0,0.0
1984-11-01,0.0003356054064425,-0.0879368235442421,11.57,1.75,1.1900000000000013,1.1,0,887.2127880499851,2,state_2,High-Rate / Resilient Growth,0.0,0.0,1.0,0.0
1984-12-01,0.188099538366759,-0.2918583536887861,11.5,2.17,1.2699999999999996,1.1,0,887.2127880499851,2,state_2,High-Rate / Resilient Growth,0.0,0.0,1.0,0.0
1985-01-01,-0.0807182878523304,-0.6077491975462117,11.38,2.360000000000001,1.1799999999999995,1.1,0,887.2127880499851,2,state_2,High-Rate / Resilient Growth,0.0,0.0,1.0,0.0
1985-02-01,-0.5388190776449273,-0.0493097401348198,11.51,2.2200000000000006,1.0999999999999996,1.1,0,887.2127880499851,2,state_2,High-Rate / Resilient Growth,0.0,0.0,1.0,0.0
1985-03-01,0.0446202556825854,-0.1009359707664471,11.86,2.0,1.129999999999999,1.1,0,887.2127880499851,2,state_2,High-Rate / Resilient Growth,0.0,0.0,1.0,0.0
1985-04-01,-0.3433080851509543,-0.0471400381083941,11.43,2.289999999999999,1.2799999999999994,1.1,0,887.2127880499851,2,state_2,High-Rate / Resilient Growth,0.0,0.0,1.0,0.0
1985-05-01,-0.1398786197999546,-0.0013017000512989,10.85,2.389999999999999,1.4299999999999995,1.1,0,887.2127880499851,2,state_2,High-Rate / Resilient Growth,0.0,0.0,1.0,0.0
1985-06-01,-3.479926813852689,-0.7886882706971984,10.16,2.3600000000000003,1.4600000000000009,1.1,0,887.2127880499851,2,state_2,High-Rate / Resilient Growth,0.0,0.0,1.0,0.0
1985-07-01,0.1599583870320861,-0.2568467132486177,10.31,2.45,1.459999999999999,1.1,0,887.2127880499851,2,state_2,High-Rate / Resilient Growth,0.0,0.0,1.0,0.0
1985-08-01,0.3822532478684657,-0.5662840183723032,10.33,2.28,1.4499999999999993,1.1,0,887.2127880499851,2,state_2,High-Rate / Resilient Growth,0.0,0.0,1.0,0.0
1985-09-01,0.4127552861487574,-0.7207027813326896,10.37,2.299999999999999,1.41,1.1,0,887.2127880499851,2,state_2,High-Rate / Resilient Growth,0.0,0.0,1.0,0.0
1985-10-01,-0.2561181958092186,0.5933845744857904,10.24,2.2300000000000004,1.34,1.1,0,887.2127880499851,2,state_2,High-Rate / Resilient Growth,0.0,0.0,1.0,0.0
1985-11-01,0.3716895393437278,0.2877877312788585,9.78,1.9,1.4399999999999995,1.1,0,887.2127880499851,2,state_2,High-Rate / Resilient Growth,0.0,0.0,1.0,0.0
1985-12-01,0.400428270732073,-0.1231094565105948,9.26,1.59,1.42,1.1,0,887.2127880499851,2,state_2,High-Rate / Resilient Growth,0.0,0.0,1.0,0.0
1986-01-01,0.7212000479252121,-0.4921875133531733,9.19,1.459999999999999,1.3899999999999988,1.1,0,887.2127880499851,2,state_2,High-Rate / Resilient Growth,0.0,0.0,1.0,0.0
1986-02-01,-0.3396562312230904,-2.038164427345768,8.7,1.089999999999999,1.4399999999999995,1.1,0,887.2127880499851,2,state_2,High-Rate / Resilient Growth,0.0,0.0,1.0,0.0
1986-03-01,-0.2338945116914561,-1.9579232252091008,7.78,0.75,1.5,1.1,0,887.2127880499851,2,state_2,High-Rate / Resilient Growth,0.0,0.0,1.0,0.0
1986-04-01,0.0944685382391816,-1.503885877999592,7.3,0.8599999999999994,1.4000000000000004,1.1,0,887.2127880499851,2,state_2,High-Rate / Resilient Growth,0.0,0.0,1.0,0.0
1986-05-01,-0.0620216382147397,-0.0075640010381396,7.71,1.0599999999999996,1.1999999999999993,1.1,0,887.2127880499851,2,state_2,High-Rate / Resilient Growth,0.0,0.0,1.0,0.0
1986-06-01,-0.215847806626343,-0.3784943368589537,7.8,1.0699999999999994,1.209999999999999,1.1,0,887.2127880499851,2,state_2,High-Rate / Resilient Growth,0.0,0.0,1.0,0.0
1986-07-01,0.0094379655630452,-0.7867317413828238,7.3,1.0300000000000002,1.2799999999999994,1.1,0,887.2127880499851,2,state_2,High-Rate / Resilient Growth,0.0,0.0,1.0,0.0
1986-08-01,0.570673750608273,-0.2424224473906464,7.17,1.2400000000000002,1.459999999999999,1.1,0,887.2127880499851,2,state_2,High-Rate / Resilient Growth,0.0,0.0,1.0,0.0
1986-09-01,0.7326045184176676,0.1122700771917634,7.45,1.6800000000000006,1.3099999999999987,1.1,0,887.2127880499851,2,state_2,High-Rate / Resilient Growth,0.0,0.0,1.0,0.0
1986-10-01,-0.2996508852558735,-0.482992754282649,7.43,1.71,1.3800000000000008,1.1,0,887.2127880499851,2,state_2,High-Rate / Resilient Growth,0.0,0.0,1.0,0.0
1986-11-01,0.2567860537784308,0.1114112462354688,7.25,1.4500000000000002,1.3900000000000006,1.1,0,887.2127880499851,2,state_2,High-Rate / Resilient Growth,0.0,0.0,1.0,0.0
1986-12-01,0.6363602593648241,-0.197347109086261,7.11,1.2400000000000002,1.4800000000000004,1.1,0,887.2127880499851,2,state_2,High-Rate / Resilient Growth,0.0,0.0,1.0,0.0
1987-01-01,-0.1079894680930222,0.7074833515466694,7.08,1.2999999999999998,1.3600000000000012,1.1,0,887.2127880499851,2,state_2,High-Rate / Resilient Growth,0.0,0.0,1.0,0.0
1987-02-01,0.9281956276337694,0.297906772552134,7.25,1.29,1.2699999999999996,1.1,0,887.2127880499851,2,state_2,High-Rate / Resilient Growth,0.0,0.0,1.0,0.0
1987-03-01,0.3380962139301732,0.0355609713911214,7.25,1.2199999999999998,1.25,1.1,0,887.2127880499851,2,state_2,High-Rate / Resilient Growth,0.0,0.0,1.0,0.0
1987-04-01,0.4797706773392218,0.3130604550576013,8.02,1.5199999999999996,1.1899999999999995,1.1,0,887.2127880499851,2,state_2,High-Rate / Resilient Growth,0.0,0.0,1.0,0.0
1987-05-01,1.3920178282761038,0.4054613466470695,8.61,1.6099999999999994,1.1799999999999995,1.1,0,887.2127880499851,2,state_2,High-Rate / Resilient Growth,0.0,0.0,1.0,0.0
1987-06-01,0.8210218518624856,0.0897993168595858,8.4,1.6000000000000003,1.1999999999999993,1.1,0,887.2127880499851,2,state_2,High-Rate / Resilient Growth,0.0,0.0,1.0,0.0
1987-07-01,1.4947265127690168,-0.1372513531860443,8.45,1.7699999999999996,1.1899999999999995,1.1,0,887.2127880499851,2,state_2,High-Rate / Resilient Growth,0.0,0.0,1.0,0.0
1987-08-01,0.9912799036283124,0.1619693556316665,8.76,1.7299999999999995,1.1300000000000008,1.1,0,887.2127880499851,2,state_2,High-Rate / Resilient Growth,0.0,0.0,1.0,0.0
1987-09-01,0.9135808165422742,-0.3931403064076056,9.42,1.75,1.1300000000000008,1.1,0,887.2127880499851,2,state_2,High-Rate / Resilient Growth,0.0,0.0,1.0,0.0
1987-10-01,1.6370284747621149,0.4564701204729698,9.52,1.93,1.0999999999999996,1.1,0,887.2127880499851,2,state_2,High-Rate / Resilient Growth,0.0,0.0,1.0,0.0
1987-11-01,1.085875973006488,0.2751270006966404,8.86,1.9,1.2200000000000006,1.1,0,887.2127880499851,2,state_2,High-Rate / Resilient Growth,0.0,0.0,1.0,0.0
1987-12-01,1.3844061069766112,-0.7320198830562552,8.99,1.8200000000000005,1.1799999999999995,1.1,0,887.2127880499851,2,state_2,High-Rate / Resilient Growth,0.0,0.0,1.0,0.0
1988-01-01,0.3039678017339724,-11.79912808400016,8.67,1.6799999999999995,1.1899999999999995,1.1,0,887.2127880499851,2,state_2,High-Rate / Resilient Growth,0.0,0.0,1.0,0.0
1988-02-01,0.4676106304831862,-0.3222010959795729,8.21,1.5700000000000012,1.2199999999999989,1.1,0,887.2127880499851,2,state_2,High-Rate / Resilient Growth,0.0,0.0,1.0,0.0
1988-03-01,0.3720438941441772,-0.064241179674921,8.37,1.6599999999999993,1.1799999999999995,1.1,0,887.2127880499851,2,state_2,High-Rate / Resilient Growth,0.0,0.0,1.0,0.0
1988-04-01,0.8478302468061596,0.7914160083912892,8.72,1.7100000000000009,1.2300000000000004,1.1,0,887.2127880499851,2,state_2,High-Rate / Resilient Growth,0.0,0.0,1.0,0.0
1988-05-01,0.5224347099154482,0.0318398052504198,9.09,1.6899999999999995,1.1399999999999988,1.1,0,887.2127880499851,2,state_2,High-Rate / Resilient Growth,0.0,0.0,1.0,0.0
1988-06-01,1.2319056120393723,0.2908608524343055,8.92,1.4299999999999995,1.1400000000000006,1.1,0,887.2127880499851,2,state_2,High-Rate / Resilient Growth,0.0,0.0,1.0,0.0
1988-07-01,0.597076180597955,0.4899629908994727,9.06,1.3100000000000005,1.1499999999999986,1.1,0,887.2127880499851,2,state_2,High-Rate / Resilient Growth,0.0,0.0,1.0,0.0
1988-08-01,0.3609733105082101,-0.2708841552598091,9.26,1.09,1.1000000000000014,1.1,0,887.2127880499851,2,state_2,High-Rate / Resilient Growth,0.0,0.0,1.0,0.0
1988-09-01,0.2215332025169272,-0.0983942228526429,8.98,0.8900000000000006,1.08,1.1,0,887.2127880499851,2,state_2,High-Rate / Resilient Growth,0.0,0.0,1.0,0.0
1988-10-01,0.9081438069898004,0.2376568768133566,8.8,0.6900000000000013,0.9000000000000004,1.1,0,887.2127880499851,2,state_2,High-Rate / Resilient Growth,0.0,0.0,1.0,0.0
1988-11-01,0.8047202768310076,-0.1459263130196336,8.96,0.4800000000000004,1.0300000000000011,1.1,0,887.2127880499851,2,state_2,High-Rate / Resilient Growth,0.0,0.0,1.0,0.0
1988-12-01,0.9025320898895708,0.3442650895478389,9.11,0.1199999999999992,1.08,1.1,0,887.2127880499851,2,state_2,High-Rate / Resilient Growth,0.0,0.0,1.0,0.0
1989-01-01,0.6486259005337472,0.8369086785403755,9.09,0.0399999999999991,1.0300000000000011,1.1,0,887.2127880499851,0,state_0,Late-Cycle / Inflationary Flat Curve,1.0,0.0,0.0,0.0
1989-02-01,0.0310029172419507,0.2971718915195021,9.17,-0.08,0.9699999999999988,1.1,0,887.2127880499851,0,state_0,Late-Cycle / Inflationary Flat Curve,1.0,0.0,0.0,0.0
1989-03-01,-0.1986399816871726,0.5571757419116364,9.36,-0.2100000000000008,0.8699999999999992,1.1,0,887.2127880499851,0,state_0,Late-Cycle / Inflationary Flat Curve,1.0,0.0,0.0,0.0
1989-04-01,-0.0384164493568114,0.9675923526897888,9.18,-0.1799999999999997,0.8200000000000003,1.1,0,887.2127880499851,0,state_0,Late-Cycle / Inflationary Flat Curve,1.0,0.0,0.0,0.0
1989-05-01,-0.5245695163493603,0.7624958022538275,8.86,-0.120000000000001,0.8900000000000006,1.1,0,887.2127880499851,0,state_0,Late-Cycle / Inflationary Flat Curve,1.0,0.0,0.0,0.0
1989-06-01,-0.8134613846084767,-0.5696964100751425,8.28,-0.1600000000000001,0.9299999999999996,1.1,0,887.2127880499851,0,state_0,Late-Cycle / Inflationary Flat Curve,1.0,0.0,0.0,0.0
1989-07-01,-0.9031938398472952,-0.4540274417673919,8.02,0.1299999999999999,0.9399999999999996,1.1,0,887.2127880499851,0,state_0,Late-Cycle / Inflationary Flat Curve,1.0,0.0,0.0,0.0
1989-08-01,-0.1346333939258924,-0.8979285892664807,8.11,-0.0700000000000002,0.92,1.1,0,887.2127880499851,0,state_0,Late-Cycle / Inflationary Flat Curve,1.0,0.0,0.0,0.0
1989-09-01,-0.9078111071991624,-0.6117690277629728,8.19,-0.0300000000000011,0.9000000000000004,1.1,0,887.2127880499851,0,state_0,Late-Cycle / Inflationary Flat Curve,1.0,0.0,0.0,0.0
1989-10-01,-1.0773803788953764,0.4086884471996808,8.01,0.0199999999999995,0.8900000000000006,1.1,0,887.2127880499851,0,state_0,Late-Cycle / Inflationary Flat Curve,1.0,0.0,0.0,0.0
1989-11-01,-0.5323099335643521,0.0776784642079037,7.87,0.1000000000000005,0.92,1.1,0,887.2127880499851,0,state_0,Late-Cycle / Inflationary Flat Curve,1.0,0.0,0.0,0.0
1989-12-01,-0.2074312103065027,0.1238143736505874,7.84,0.1200000000000001,0.9600000000000009,1.1,0,887.2127880499851,0,state_0,Late-Cycle / Inflationary Flat Curve,1.0,0.0,0.0,0.0
1990-01-01,-0.8254797857041626,1.977580466371617,8.21,0.2900000000000009,0.9499999999999992,1.1,0,887.2127880499851,0,state_0,Late-Cycle / Inflationary Flat Curve,1.0,0.0,0.0,0.0
1990-02-01,0.5115342192179944,-0.0068692320857444,8.47,0.3600000000000012,0.92,1.1,0,887.2127880499851,0,state_0,Late-Cycle / Inflationary Flat Curve,1.0,0.0,0.0,0.0
1990-03-01,-2.8855971896238484,-0.2235332997936772,8.59,0.2400000000000002,0.8400000000000016,1.1,0,887.2127880499851,0,state_0,Late-Cycle / Inflationary Flat Curve,1.0,0.0,0.0,0.0
1990-04-01,-0.6702797047850508,-0.6569805170486045,8.79,0.3899999999999988,0.8399999999999999,1.1,0,887.2127880499851,0,state_0,Late-Cycle / Inflationary Flat Curve,1.0,0.0,0.0,0.0
1990-05-01,-0.0312682170087357,0.1126756198671928,8.76,0.4399999999999995,0.9399999999999996,1.1,0,887.2127880499851,0,state_0,Late-Cycle / Inflationary Flat Curve,1.0,0.0,0.0,0.0
1990-06-01,-0.3652940521290825,0.1175197874374597,8.48,0.3800000000000008,0.9600000000000009,1.1,0,887.2127880499851,0,state_0,Late-Cycle / Inflationary Flat Curve,1.0,0.0,0.0,0.0
1990-07-01,-1.1341169337421098,0.0235758052152948,8.47,0.5300000000000002,0.9599999999999992,1.1,0,887.2127880499851,0,state_0,Late-Cycle / Inflationary Flat Curve,1.0,0.0,0.0,0.0
1990-08-01,-1.0927421043708896,2.5408477842147827,8.75,0.9699999999999998,1.0,1.1,0,887.2127880499851,0,state_0,Late-Cycle / Inflationary Flat Curve,1.0,0.0,0.0,0.0
1990-09-01,-1.0883970545151718,1.85720777138299,8.89,1.1300000000000008,1.08,1.1,0,887.2127880499851,0,state_0,Late-Cycle / Inflationary Flat Curve,1.0,0.0,0.0,0.0
1990-10-01,-2.3530781919584274,2.324359070150108,8.72,1.1700000000000008,1.2100000000000009,1.1,0,887.2127880499851,0,state_0,Late-Cycle / Inflationary Flat Curve,1.0,0.0,0.0,0.0
1990-11-01,-3.0755430766097294,-0.7318001432264785,8.39,1.080000000000001,1.3199999999999985,1.1,0,887.2127880499851,2,state_2,High-Rate / Resilient Growth,0.0,0.0,1.0,0.0
1990-12-01,-2.470678251154018,-0.8948971584062839,8.08,1.0300000000000002,1.379999999999999,1.1,0,887.2127880499851,2,state_2,High-Rate / Resilient Growth,0.0,0.0,1.0,0.0
1991-01-01,-2.443576194631139,0.1688293085656046,8.09,1.4500000000000002,1.41,1.1,0,887.2127880499851,2,state_2,High-Rate / Resilient Growth,0.0,0.0,1.0,0.0
1991-02-01,-2.314366839541456,-1.4875680320358566,7.85,1.58,1.2400000000000002,1.1,0,887.2127880499851,2,state_2,High-Rate / Resilient Growth,0.0,0.0,1.0,0.0
1991-03-01,-1.9915246573526075,-2.486588455950236,8.11,1.709999999999999,1.16,1.1,0,887.2127880499851,2,state_2,High-Rate / Resilient Growth,0.0,0.0,1.0,0.0
1991-04-01,-0.6490204359348254,-0.0139981245264301,8.04,1.799999999999999,1.08,1.1,0,887.2127880499851,2,state_2,High-Rate / Resilient Growth,0.0,0.0,1.0,0.0
1991-05-01,-0.1688746247391975,0.3149479782708396,8.07,1.9400000000000004,1.0,1.1,0,887.2127880499851,2,state_2,High-Rate / Resilient Growth,0.0,0.0,1.0,0.0
1991-06-01,0.6568607453313225,-0.6513787997047864,8.28,1.919999999999999,0.9500000000000012,1.1,0,887.2127880499851,2,state_2,High-Rate / Resilient Growth,0.0,0.0,1.0,0.0
1991-07-01,0.2550158699091043,-0.5482286656337101,8.27,1.96,0.8900000000000006,1.1,0,887.2127880499851,2,state_2,High-Rate / Resilient Growth,0.0,0.0,1.0,0.0
1991-08-01,0.2617017626006988,-0.2056394538305944,7.9,2.12,0.9000000000000004,1.1,0,887.2127880499851,1,state_1,Low-Rate / Steep Curve,0.0,1.0,0.0,0.0
1991-09-01,0.3713913237313832,-0.2517504470377355,7.65,2.08,0.9000000000000004,1.1,0,887.2127880499851,1,state_1,Low-Rate / Steep Curve,0.0,1.0,0.0,0.0
1991-10-01,-0.1362122796837916,-0.0203909761625154,7.53,2.2,0.9399999999999996,1.1,0,887.2127880499851,1,state_1,Low-Rate / Steep Curve,0.0,1.0,0.0,0.0
1991-11-01,-0.6217540990620652,0.6306390612645502,7.42,2.53,0.9699999999999988,1.1,0,887.2127880499851,1,state_1,Low-Rate / Steep Curve,0.0,1.0,0.0,0.0
1991-12-01,-0.9774600756977072,-0.439086312078505,7.09,2.71,0.9499999999999992,1.1,0,887.2127880499851,1,state_1,Low-Rate / Steep Curve,0.0,1.0,0.0,0.0
1992-01-01,-0.5607920027723535,-0.6435072244560746,7.03,2.88,0.9300000000000016,1.1,0,887.2127880499851,1,state_1,Low-Rate / Steep Curve,0.0,1.0,0.0,0.0
1992-02-01,0.6450412682991256,-0.093825939961766,7.34,3.05,0.9400000000000012,1.1,0,887.2127880499851,1,state_1,Low-Rate / Steep Curve,0.0,1.0,0.0,0.0
1992-03-01,0.982226304306408,-0.3867511873680251,7.54,2.91,0.9000000000000004,1.1,0,887.2127880499851,1,state_1,Low-Rate / Steep Curve,0.0,1.0,0.0,0.0
1992-04-01,0.9009068701506766,-0.3050393393329939,7.48,3.1800000000000006,0.8800000000000008,1.1,0,887.2127880499851,1,state_1,Low-Rate / Steep Curve,0.0,1.0,0.0,0.0
1992-05-01,0.7184023034852335,-0.0471176546572285,7.39,3.2,0.8500000000000014,1.1,0,887.2127880499851,1,state_1,Low-Rate / Steep Curve,0.0,1.0,0.0,0.0
1992-06-01,0.2947609054226355,0.1409301683897508,7.26,3.09,0.8300000000000001,1.1,0,887.2127880499851,1,state_1,Low-Rate / Steep Curve,0.0,1.0,0.0,0.0
1992-07-01,0.8696884606751669,-0.2162028475021054,6.84,3.24,0.7699999999999996,1.1,0,887.2127880499851,1,state_1,Low-Rate / Steep Curve,0.0,1.0,0.0,0.0
1992-08-01,-0.0648216868368981,-0.3113234520619182,6.59,3.12,0.7000000000000002,1.1,0,887.2127880499851,1,state_1,Low-Rate / Steep Curve,0.0,1.0,0.0,0.0
1992-09-01,-0.1144797188649369,-0.1318785424263931,6.42,3.24,0.6999999999999993,1.1,0,887.2127880499851,1,state_1,Low-Rate / Steep Curve,0.0,1.0,0.0,0.0
1992-10-01,0.2927003366257569,0.1770499530558912,6.59,3.29,0.8499999999999996,1.1,0,887.2127880499851,1,state_1,Low-Rate / Steep Curve,0.0,1.0,0.0,0.0
1992-11-01,0.6772946276707291,-1.356403392949006,6.87,3.19,0.8600000000000012,1.1,0,887.2127880499851,1,state_1,Low-Rate / Steep Curve,0.0,1.0,0.0,0.0
1992-12-01,1.043324635680576,-1.0455651432609911,6.77,3.06,0.8300000000000001,1.1,0,887.2127880499851,1,state_1,Low-Rate / Steep Curve,0.0,1.0,0.0,0.0
1993-01-01,0.5559616351217784,0.3994499970866262,6.6,3.1,0.7599999999999998,1.1,0,887.2127880499851,1,state_1,Low-Rate / Steep Curve,0.0,1.0,0.0,0.0
1993-02-01,0.4134478646328139,0.2705107942765757,6.26,2.87,0.6800000000000006,1.1,0,887.2127880499851,1,state_1,Low-Rate / Steep Curve,0.0,1.0,0.0,0.0
1993-03-01,-0.2291037556663398,-0.2187896918480625,5.98,2.6500000000000004,0.5700000000000003,1.1,0,887.2127880499851,1,state_1,Low-Rate / Steep Curve,0.0,1.0,0.0,0.0
1993-04-01,-0.6745508522530319,0.3079467544009669,5.97,2.7299999999999995,0.6800000000000006,1.1,0,887.2127880499851,1,state_1,Low-Rate / Steep Curve,0.0,1.0,0.0,0.0
1993-05-01,0.0069032449157268,0.1631394228167905,6.04,2.68,0.7800000000000011,1.1,0,887.2127880499851,1,state_1,Low-Rate / Steep Curve,0.0,1.0,0.0,0.0
1993-06-01,-0.3860121299852561,-0.8176341452729806,5.96,2.42,0.7400000000000002,1.1,0,887.2127880499851,1,state_1,Low-Rate / Steep Curve,0.0,1.0,0.0,0.0
1993-07-01,-0.0407941452091628,-0.3719442845742298,5.81,2.3399999999999994,0.7599999999999998,1.1,0,887.2127880499851,1,state_1,Low-Rate / Steep Curve,0.0,1.0,0.0,0.0
1993-08-01,0.0486363563774854,-0.5368970670269292,5.68,2.24,0.75,1.1,0,887.2127880499851,1,state_1,Low-Rate / Steep Curve,0.0,1.0,0.0,0.0
1993-09-01,-0.1105614296544039,-0.6669321190407164,5.36,2.0000000000000004,0.6799999999999997,1.1,0,887.2127880499851,1,state_1,Low-Rate / Steep Curve,0.0,1.0,0.0,0.0
1993-10-01,1.1407779053280818,-0.1758096364545588,5.33,1.94,0.6399999999999997,1.1,0,887.2127880499851,1,state_1,Low-Rate / Steep Curve,0.0,1.0,0.0,0.0
1993-11-01,1.1268961344731383,-0.2928518287540586,5.72,2.14,0.7300000000000004,1.1,0,887.2127880499851,1,state_1,Low-Rate / Steep Curve,0.0,1.0,0.0,0.0
1993-12-01,1.2972716427555795,-1.0598459496198545,5.77,2.16,0.7600000000000007,1.1,0,887.2127880499851,1,state_1,Low-Rate / Steep Curve,0.0,1.0,0.0,0.0
1994-01-01,0.8314646214781996,-0.5930798243513543,5.75,2.21,0.7300000000000004,1.1,0,887.2127880499851,1,state_1,Low-Rate / Steep Curve,0.0,1.0,0.0,0.0
1994-02-01,0.9189872804239424,-0.0640500430610703,5.97,2.1,0.6799999999999997,1.1,0,887.2127880499851,1,state_1,Low-Rate / Steep Curve,0.0,1.0,0.0,0.0
1994-03-01,1.2943003410052891,0.1841559363751622,6.48,2.16,0.6500000000000004,1.1,0,887.2127880499851,1,state_1,Low-Rate / Steep Curve,0.0,1.0,0.0,0.0
1994-04-01,1.0484677891286154,-0.5194794947772104,6.97,2.1499999999999995,0.6399999999999997,1.1,0,887.2127880499851,1,state_1,Low-Rate / Steep Curve,0.0,1.0,0.0,0.0
1994-05-01,0.9501351329059144,-0.2532012539060946,7.18,1.87,0.629999999999999,1.1,0,887.2127880499851,1,state_1,Low-Rate / Steep Curve,0.0,1.0,0.0,0.0
1994-06-01,1.4023100508167758,0.1929087931663043,7.1,1.83,0.6800000000000006,1.1,0,887.2127880499851,1,state_1,Low-Rate / Steep Curve,0.0,1.0,0.0,0.0
1994-07-01,0.693459376467011,0.1018400727139836,7.3,1.82,0.6900000000000013,1.1,0,887.2127880499851,1,state_1,Low-Rate / Steep Curve,0.0,1.0,0.0,0.0
1994-08-01,1.3228878510461517,-0.0818147120458973,7.24,1.6800000000000006,0.6699999999999999,1.1,0,887.2127880499851,1,state_1,Low-Rate / Steep Curve,0.0,1.0,0.0,0.0
1994-09-01,0.5637088475725358,-0.4444330802801436,7.46,1.7000000000000002,0.6400000000000006,1.1,0,887.2127880499851,1,state_1,Low-Rate / Steep Curve,0.0,1.0,0.0,0.0
1994-10-01,1.3977612458413582,-0.6734781269143019,7.74,1.63,0.629999999999999,1.1,0,887.2127880499851,1,state_1,Low-Rate / Steep Curve,0.0,1.0,0.0,0.0
1994-11-01,1.0106077880021114,0.1499339275807516,7.96,1.42,0.6400000000000006,1.1,0,887.2127880499851,0,state_0,Late-Cycle / Inflationary Flat Curve,1.0,0.0,0.0,0.0
1994-12-01,1.1465026391297837,-0.3843840958253486,7.81,0.6699999999999999,0.6399999999999988,1.1,0,887.2127880499851,0,state_0,Late-Cycle / Inflationary Flat Curve,1.0,0.0,0.0,0.0
1995-01-01,0.3483110859220437,0.1187776771569179,7.78,0.7300000000000004,0.6199999999999992,1.1,0,887.2127880499851,0,state_0,Late-Cycle / Inflationary Flat Curve,1.0,0.0,0.0,0.0
1995-02-01,0.019516835352822,0.2414557400099249,7.47,0.7699999999999996,0.5899999999999999,1.1,0,887.2127880499851,0,state_0,Late-Cycle / Inflationary Flat Curve,1.0,0.0,0.0,0.0
1995-03-01,-0.6288324698318238,0.2015199511400787,7.2,0.7700000000000005,0.5800000000000001,1.1,0,887.2127880499851,0,state_0,Late-Cycle / Inflationary Flat Curve,1.0,0.0,0.0,0.0
1995-04-01,-0.9147666244064292,0.1411808233469093,7.06,0.79,0.5700000000000003,1.1,0,887.2127880499851,0,state_0,Late-Cycle / Inflationary Flat Curve,1.0,0.0,0.0,0.0
1995-05-01,-0.993309980923916,0.0846625101346372,6.63,0.6299999999999999,0.5499999999999989,1.1,0,887.2127880499851,0,state_0,Late-Cycle / Inflationary Flat Curve,1.0,0.0,0.0,0.0
1995-06-01,-0.8257857657327677,-0.4414082902694964,6.17,0.5300000000000002,0.6000000000000005,1.1,0,887.2127880499851,0,state_0,Late-Cycle / Inflationary Flat Curve,1.0,0.0,0.0,0.0
1995-07-01,-0.3327412203854027,-0.4793500011367375,6.28,0.6900000000000004,0.629999999999999,1.1,0,887.2127880499851,0,state_0,Late-Cycle / Inflationary Flat Curve,1.0,0.0,0.0,0.0
1995-08-01,0.4143273799141652,-0.6792843422993647,6.49,0.7400000000000002,0.6199999999999992,1.1,0,887.2127880499851,0,state_0,Late-Cycle / Inflationary Flat Curve,1.0,0.0,0.0,0.0
1995-09-01,-0.3865152762362234,0.1245045789732062,6.2,0.5800000000000001,0.6099999999999994,1.1,0,887.2127880499851,0,state_0,Late-Cycle / Inflationary Flat Curve,1.0,0.0,0.0,0.0
1995-10-01,-0.7230525861674172,-0.2200804144877655,6.04,0.4500000000000002,0.6299999999999999,1.1,0,887.2127880499851,0,state_0,Late-Cycle / Inflationary Flat Curve,1.0,0.0,0.0,0.0
1995-11-01,-0.3599008175428875,-0.4293790034048138,5.93,0.5,0.6600000000000001,1.1,0,887.2127880499851,0,state_0,Late-Cycle / Inflationary Flat Curve,1.0,0.0,0.0,0.0
1995-12-01,-0.6116014940999416,-0.40179151426592,5.71,0.4000000000000003,0.6699999999999999,1.1,0,887.2127880499851,0,state_0,Late-Cycle / Inflationary Flat Curve,1.0,0.0,0.0,0.0
1996-01-01,-1.4541790812243869,0.4398656897629721,5.65,0.5600000000000005,0.6600000000000001,1.1,0,887.2127880499851,0,state_0,Late-Cycle / Inflationary Flat Curve,1.0,0.0,0.0,0.0
1996-02-01,0.3746651824806625,-0.3564088318035218,5.81,0.8699999999999992,0.6399999999999997,1.1,0,887.2127880499851,0,state_0,Late-Cycle / Inflationary Flat Curve,1.0,0.0,0.0,0.0
1996-03-01,-0.5349639535432688,-0.3616233435238895,6.27,0.9299999999999996,0.6799999999999997,1.1,0,887.2127880499851,0,state_0,Late-Cycle / Inflationary Flat Curve,1.0,0.0,0.0,0.0
1996-04-01,0.757958219842498,0.5127720570028025,6.51,0.9699999999999998,0.6899999999999995,1.1,0,887.2127880499851,0,state_0,Late-Cycle / Inflationary Flat Curve,1.0,0.0,0.0,0.0
1996-05-01,0.6352768949644096,0.4160133617840179,6.74,1.1000000000000003,0.6800000000000006,1.1,0,887.2127880499851,0,state_0,Late-Cycle / Inflationary Flat Curve,1.0,0.0,0.0,0.0
1996-06-01,1.0058209957484217,-0.8029955939252379,6.91,1.1000000000000003,0.6900000000000004,1.1,0,887.2127880499851,0,state_0,Late-Cycle / Inflationary Flat Curve,1.0,0.0,0.0,0.0
1996-07-01,0.0325583673777343,-0.4420642082217119,6.87,1.0200000000000005,0.6999999999999993,1.1,0,887.2127880499851,0,state_0,Late-Cycle / Inflationary Flat Curve,1.0,0.0,0.0,0.0
1996-08-01,0.3587306758971836,-0.340778066771878,6.64,0.9699999999999998,0.7199999999999998,1.1,0,887.2127880499851,0,state_0,Late-Cycle / Inflationary Flat Curve,1.0,0.0,0.0,0.0
1996-09-01,0.2486865830045456,-0.2873338410206992,6.83,1.0,0.6899999999999995,1.1,0,887.2127880499851,0,state_0,Late-Cycle / Inflationary Flat Curve,1.0,0.0,0.0,0.0
1996-10-01,-0.133889236007821,-0.4220482656780427,6.53,0.9800000000000004,0.6800000000000006,1.1,0,887.2127880499851,0,state_0,Late-Cycle / Inflationary Flat Curve,1.0,0.0,0.0,0.0
1996-11-01,0.9403247558134504,-0.3711400963833829,6.2,0.7800000000000002,0.6900000000000004,1.1,0,887.2127880499851,0,state_0,Late-Cycle / Inflationary Flat Curve,1.0,0.0,0.0,0.0
1996-12-01,0.9358442470666284,0.3573686834416111,6.3,0.8300000000000001,0.6899999999999995,1.1,0,887.2127880499851,0,state_0,Late-Cycle / Inflationary Flat Curve,1.0,0.0,0.0,0.0
1997-01-01,-1.8337652181735595,-0.094093559531282,6.58,0.9699999999999998,0.6699999999999999,1.1,0,887.2127880499851,0,state_0,Late-Cycle / Inflationary Flat Curve,1.0,0.0,0.0,0.0
1997-02-01,0.6937486122600887,-1.0212524700415235,6.42,0.8899999999999997,0.6300000000000008,1.1,0,887.2127880499851,0,state_0,Late-Cycle / Inflationary Flat Curve,1.0,0.0,0.0,0.0
1997-03-01,0.8343705421029938,-1.1401171782596773,6.69,0.8900000000000006,0.6299999999999999,1.1,0,887.2127880499851,0,state_0,Late-Cycle / Inflationary Flat Curve,1.0,0.0,0.0,0.0
1997-04-01,0.3766353872592194,-0.7916880301424968,6.89,0.8999999999999995,0.6099999999999994,1.1,0,887.2127880499851,0,state_0,Late-Cycle / Inflationary Flat Curve,1.0,0.0,0.0,0.0
1997-05-01,1.2494034092449025,-0.4596222728890541,6.71,0.8399999999999999,0.6199999999999992,1.1,0,887.2127880499851,0,state_0,Late-Cycle / Inflationary Flat Curve,1.0,0.0,0.0,0.0
1997-06-01,0.9468334537717192,-0.6500612015538544,6.49,0.7999999999999998,0.6099999999999994,1.1,0,887.2127880499851,0,state_0,Late-Cycle / Inflationary Flat Curve,1.0,0.0,0.0,0.0
1997-07-01,0.9583063287474696,-0.7083578053407662,6.22,0.6799999999999997,0.6100000000000003,1.1,0,887.2127880499851,0,state_0,Late-Cycle / Inflationary Flat Curve,1.0,0.0,0.0,0.0
1997-08-01,1.2206084321194233,-0.0231798944959499,6.3,0.7400000000000002,0.6000000000000005,1.1,0,887.2127880499851,0,state_0,Late-Cycle / Inflationary Flat Curve,1.0,0.0,0.0,0.0
1997-09-01,0.9162254065450902,-0.2453333088118531,6.21,0.6900000000000004,0.5499999999999998,1.1,0,887.2127880499851,0,state_0,Late-Cycle / Inflationary Flat Curve,1.0,0.0,0.0,0.0
1997-10-01,0.7611108543067272,-0.1889406485134224,6.03,0.5700000000000003,0.5700000000000003,1.1,0,887.2127880499851,0,state_0,Late-Cycle / Inflationary Flat Curve,1.0,0.0,0.0,0.0
1997-11-01,2.2351574472757845,-0.5203006225203621,5.88,0.4199999999999999,0.5499999999999998,1.1,0,887.2127880499851,0,state_0,Late-Cycle / Inflationary Flat Curve,1.0,0.0,0.0,0.0
1997-12-01,0.456253889014268,-0.7127469963291987,5.81,0.2799999999999993,0.5600000000000005,1.1,0,887.2127880499851,0,state_0,Late-Cycle / Inflationary Flat Curve,1.0,0.0,0.0,0.0
1998-01-01,0.3511019003582105,-1.6225915768535693,5.54,0.2999999999999998,0.5800000000000001,1.1,0,887.2127880499851,0,state_0,Late-Cycle / Inflationary Flat Curve,1.0,0.0,0.0,0.0
1998-02-01,0.3051567828035912,-1.0164519075197187,5.57,0.2600000000000007,0.5800000000000001,1.1,0,887.2127880499851,0,state_0,Late-Cycle / Inflationary Flat Curve,1.0,0.0,0.0,0.0
1998-03-01,-0.0206091460163303,-0.5006694493927788,5.65,0.2600000000000007,0.6000000000000005,1.1,0,887.2127880499851,0,state_0,Late-Cycle / Inflationary Flat Curve,1.0,0.0,0.0,0.0
1998-04-01,0.2517555780413604,-0.3406978200295555,5.64,0.2599999999999998,0.6399999999999997,1.1,0,887.2127880499851,0,state_0,Late-Cycle / Inflationary Flat Curve,1.0,0.0,0.0,0.0
1998-05-01,0.2709778292136343,0.0567641817435331,5.65,0.2099999999999999,0.6099999999999994,1.1,0,887.2127880499851,0,state_0,Late-Cycle / Inflationary Flat Curve,1.0,0.0,0.0,0.0
1998-06-01,-0.6728812980662208,-0.6319615593184835,5.5,0.0899999999999998,0.5999999999999996,1.1,0,887.2127880499851,0,state_0,Late-Cycle / Inflationary Flat Curve,1.0,0.0,0.0,0.0
1998-07-01,-0.5894185704624489,-0.2945261472046909,5.46,0.0999999999999996,0.6000000000000005,1.1,0,887.2127880499851,0,state_0,Late-Cycle / Inflationary Flat Curve,1.0,0.0,0.0,0.0
1998-08-01,1.2444210527479689,-0.6733106072181879,5.34,0.1299999999999999,0.6200000000000001,1.1,0,887.2127880499851,0,state_0,Late-Cycle / Inflationary Flat Curve,1.0,0.0,0.0,0.0
1998-09-01,-0.2822538019420504,-0.5810483696291674,4.81,0.0999999999999996,0.6899999999999995,1.1,0,887.2127880499851,0,state_0,Late-Cycle / Inflationary Flat Curve,1.0,0.0,0.0,0.0
1998-10-01,-0.0467728322629143,0.0629688436829576,4.53,0.4100000000000001,0.8099999999999996,1.1,0,887.2127880499851,0,state_0,Late-Cycle / Inflationary Flat Curve,1.0,0.0,0.0,0.0
1998-11-01,1.134919827362167,-0.9613728462084846,4.83,0.2999999999999998,0.9299999999999996,1.1,0,887.2127880499851,0,state_0,Late-Cycle / Inflationary Flat Curve,1.0,0.0,0.0,0.0
1998-12-01,0.4356639793888995,-0.7107887683180858,4.65,0.1300000000000007,1.010000000000001,1.1,0,887.2127880499851,0,state_0,Late-Cycle / Inflationary Flat Curve,1.0,0.0,0.0,0.0
1999-01-01,-0.1119190119976193,-0.7315643205159166,4.72,0.2099999999999999,1.0499999999999998,1.1,0,887.2127880499851,0,state_0,Late-Cycle / Inflationary Flat Curve,1.0,0.0,0.0,0.0
1999-02-01,0.3809240537919601,-1.151855630651222,5.0,0.2999999999999998,0.9899999999999992,1.1,0,887.2127880499851,0,state_0,Late-Cycle / Inflationary Flat Curve,1.0,0.0,0.0,0.0
1999-03-01,0.1421485740462316,-0.0449532976900013,5.23,0.4500000000000002,0.91,1.1,0,887.2127880499851,0,state_0,Late-Cycle / Inflationary Flat Curve,1.0,0.0,0.0,0.0
1999-04-01,0.3178841863290262,1.0231153344154773,5.18,0.4899999999999993,0.8400000000000007,1.1,0,887.2127880499851,0,state_0,Late-Cycle / Inflationary Flat Curve,1.0,0.0,0.0,0.0
1999-05-01,0.5580588447193965,-0.1714377437666455,5.54,0.6900000000000004,0.79,1.1,0,887.2127880499851,0,state_0,Late-Cycle / Inflationary Flat Curve,1.0,0.0,0.0,0.0
1999-06-01,0.3012064894528728,-0.3925363857778831,5.9,0.8000000000000007,0.7899999999999991,1.1,0,887.2127880499851,0,state_0,Late-Cycle / Inflationary Flat Curve,1.0,0.0,0.0,0.0
1999-07-01,0.5946973101326533,0.143741409175176,5.79,0.7599999999999998,0.7599999999999998,1.1,0,887.2127880499851,0,state_0,Late-Cycle / Inflationary Flat Curve,1.0,0.0,0.0,0.0
1999-08-01,0.7321250227809775,0.5467444003788454,5.94,0.7400000000000002,0.75,1.1,0,887.2127880499851,0,state_0,Late-Cycle / Inflationary Flat Curve,1.0,0.0,0.0,0.0
1999-09-01,0.5619956181203031,0.3493358687083387,5.92,0.6699999999999999,0.8099999999999996,1.1,0,887.2127880499851,0,state_0,Late-Cycle / Inflationary Flat Curve,1.0,0.0,0.0,0.0
1999-10-01,1.5220858183104566,-0.2486318961475342,6.11,0.6800000000000006,0.830000000000001,1.1,0,887.2127880499851,0,state_0,Late-Cycle / Inflationary Flat Curve,1.0,0.0,0.0,0.0
1999-11-01,2.1877116192572617,-0.4347729633559076,6.03,0.4800000000000004,0.79,1.1,0,887.2127880499851,0,state_0,Late-Cycle / Inflationary Flat Curve,1.0,0.0,0.0,0.0
1999-12-01,1.325714249422976,-0.4227392430153171,6.28,0.4400000000000004,0.6399999999999997,1.1,0,887.2127880499851,0,state_0,Late-Cycle / Inflationary Flat Curve,1.0,0.0,0.0,0.0
2000-01-01,0.5405513091628664,-0.5938377970617853,6.66,0.54,0.5499999999999998,1.1,0,887.2127880499851,0,state_0,Late-Cycle / Inflationary Flat Curve,1.0,0.0,0.0,0.0
2000-02-01,0.1081642885534591,0.9720131106281146,6.52,0.2999999999999998,0.6099999999999994,1.1,0,887.2127880499851,0,state_0,Late-Cycle / Inflationary Flat Curve,1.0,0.0,0.0,0.0
2000-03-01,0.1199167604111856,1.1809132827244229,6.26,0.04,0.6899999999999995,1.1,0,887.2127880499851,0,state_0,Late-Cycle / Inflationary Flat Curve,1.0,0.0,0.0,0.0
2000-04-01,1.1853310822885283,-0.8234675494971836,5.99,-0.1600000000000001,0.7600000000000007,1.1,0,887.2127880499851,0,state_0,Late-Cycle / Inflationary Flat Curve,1.0,0.0,0.0,0.0
2000-05-01,0.1825181099123014,-0.1863310194344723,6.44,0.1100000000000003,0.91,1.1,0,887.2127880499851,0,state_0,Late-Cycle / Inflationary Flat Curve,1.0,0.0,0.0,0.0
2000-06-01,0.3246369725429168,1.6845864284501149,6.1,-0.0700000000000002,0.8100000000000005,1.1,0,887.2127880499851,0,state_0,Late-Cycle / Inflationary Flat Curve,1.0,0.0,0.0,0.0
2000-07-01,-0.4566757242541423,-0.4936135298444694,6.05,-0.0300000000000002,0.6999999999999993,1.1,0,887.2127880499851,0,state_0,Late-Cycle / Inflationary Flat Curve,1.0,0.0,0.0,0.0
2000-08-01,-0.7223667604319784,-1.0076455673565303,5.83,-0.3499999999999996,0.71,1.1,0,887.2127880499851,0,state_0,Late-Cycle / Inflationary Flat Curve,1.0,0.0,0.0,0.0
2000-09-01,-0.4399717571295704,1.1634386849541625,5.8,-0.33,0.7299999999999995,1.1,0,887.2127880499851,0,state_0,Late-Cycle / Inflationary Flat Curve,1.0,0.0,0.0,0.0
2000-10-01,-0.6987234666170504,0.0291101230823963,5.74,-0.2699999999999996,0.79,1.1,0,887.2127880499851,0,state_0,Late-Cycle / Inflationary Flat Curve,1.0,0.0,0.0,0.0
2000-11-01,-0.03137791259703,-0.7090326556217489,5.72,-0.3700000000000001,0.8299999999999992,1.1,0,887.2127880499851,0,state_0,Late-Cycle / Inflationary Flat Curve,1.0,0.0,0.0,0.0
2000-12-01,-1.3876935844280878,0.8727361417773883,5.24,-0.3599999999999994,0.8099999999999996,1.1,0,887.2127880499851,0,state_0,Late-Cycle / Inflationary Flat Curve,1.0,0.0,0.0,0.0
2001-01-01,-2.0139326107041944,2.720738466684556,5.16,0.3500000000000005,0.7799999999999994,1.1,0,887.2127880499851,0,state_0,Late-Cycle / Inflationary Flat Curve,1.0,0.0,0.0,0.0
2001-02-01,-2.0299969971113887,-1.0398788550897142,5.1,0.4199999999999999,0.7700000000000005,1.1,0,887.2127880499851,0,state_0,Late-Cycle / Inflationary Flat Curve,1.0,0.0,0.0,0.0
2001-03-01,-1.6258225602785317,-1.282734688153822,4.89,0.5899999999999999,0.8599999999999994,1.1,0,887.2127880499851,0,state_0,Late-Cycle / Inflationary Flat Curve,1.0,0.0,0.0,0.0
2001-04-01,-1.5454988579677815,0.2268326211751342,5.14,1.1599999999999997,0.8700000000000001,1.1,0,887.2127880499851,0,state_0,Late-Cycle / Inflationary Flat Curve,1.0,0.0,0.0,0.0
2001-05-01,-1.375639935090668,-0.1451868097707126,5.39,1.61,0.7800000000000002,1.1,0,887.2127880499851,1,state_1,Low-Rate / Steep Curve,0.0,1.0,0.0,0.0
2001-06-01,-1.1834033225236371,-0.9499759097076604,5.28,1.7000000000000002,0.79,1.1,0,887.2127880499851,1,state_1,Low-Rate / Steep Curve,0.0,1.0,0.0,0.0
2001-07-01,-1.0789882119114564,-1.9087081770624796,5.24,1.62,0.8399999999999999,1.1,0,887.2127880499851,1,state_1,Low-Rate / Steep Curve,0.0,1.0,0.0,0.0
2001-08-01,-1.1108504621975792,-0.4844075952991001,4.97,1.4999999999999996,0.8300000000000001,1.1,0,887.2127880499851,1,state_1,Low-Rate / Steep Curve,0.0,1.0,0.0,0.0
2001-09-01,-1.6419541785061744,0.5574678277076597,4.73,1.9100000000000008,0.8599999999999994,1.1,0,887.2127880499851,1,state_1,Low-Rate / Steep Curve,0.0,1.0,0.0,0.0
2001-10-01,-1.6415037719580592,-2.429079698340573,4.57,2.24,0.8799999999999999,1.1,0,887.2127880499851,1,state_1,Low-Rate / Steep Curve,0.0,1.0,0.0,0.0
2001-11-01,-1.563051204156659,-0.9546685650932746,4.65,2.47,0.8399999999999999,1.1,0,887.2127880499851,1,state_1,Low-Rate / Steep Curve,0.0,1.0,0.0,0.0
2001-12-01,-0.731146845618385,-1.992229880726988,5.09,2.87,1.2800000000000011,1.1,0,887.2127880499851,1,state_1,Low-Rate / Steep Curve,0.0,1.0,0.0,0.0
2002-01-01,-0.038768679108501,-0.4879395688168855,5.04,2.88,1.3200000000000005,1.1,0,887.2127880499851,1,state_1,Low-Rate / Steep Curve,0.0,1.0,0.0,0.0
2002-02-01,0.6776620388977488,-0.2057949614394107,4.91,2.68,1.38,1.1,0,887.2127880499851,1,state_1,Low-Rate / Steep Curve,0.0,1.0,0.0,0.0
2002-03-01,0.947786578234564,0.2339059879487202,5.28,2.7100000000000004,1.2999999999999998,1.1,0,887.2127880499851,1,state_1,Low-Rate / Steep Curve,0.0,1.0,0.0,0.0
2002-04-01,0.428523889728478,0.7853644999083036,5.21,2.73,1.2699999999999996,1.1,0,887.2127880499851,1,state_1,Low-Rate / Steep Curve,0.0,1.0,0.0,0.0
2002-05-01,0.4754964052554242,-0.902106896507346,5.16,2.81,1.34,1.1,0,887.2127880499851,1,state_1,Low-Rate / Steep Curve,0.0,1.0,0.0,0.0
2002-06-01,0.8502144981470195,-0.103485193062635,4.93,2.7299999999999995,1.3200000000000005,1.1,0,887.2127880499851,1,state_1,Low-Rate / Steep Curve,0.0,1.0,0.0,0.0
2002-07-01,-0.4765923202590518,-0.0166387517923363,4.65,2.6900000000000004,1.37,1.1,0,887.2127880499851,1,state_1,Low-Rate / Steep Curve,0.0,1.0,0.0,0.0
2002-08-01,-0.5274122033140027,0.0167776804675285,4.26,2.5,1.21,1.1,0,887.2127880499851,1,state_1,Low-Rate / Steep Curve,0.0,1.0,0.0,0.0
2002-09-01,-0.4897906269753679,0.117258642538642,3.87,2.1500000000000004,1.25,1.1,0,887.2127880499851,1,state_1,Low-Rate / Steep Curve,0.0,1.0,0.0,0.0
2002-10-01,-0.9597870244036942,0.6038500137286961,3.94,2.29,1.41,1.1,0,887.2127880499851,1,state_1,Low-Rate / Steep Curve,0.0,1.0,0.0,0.0
2002-11-01,-3.4164136539153915,-0.7810341731681341,4.05,2.56,1.3100000000000005,1.1,0,887.2127880499851,1,state_1,Low-Rate / Steep Curve,0.0,1.0,0.0,0.0
2002-12-01,-0.4063169094269876,-0.8255878133418754,4.03,2.58,1.2400000000000002,1.1,0,887.2127880499851,1,state_1,Low-Rate / Steep Curve,0.0,1.0,0.0,0.0
2003-01-01,0.495110214962434,1.4339804089051842,4.05,2.6899999999999995,1.1799999999999995,1.1,0,887.2127880499851,1,state_1,Low-Rate / Steep Curve,0.0,1.0,0.0,0.0
2003-02-01,-0.5612277405320032,1.6068961213440598,3.9,2.6,1.1099999999999994,1.1,0,887.2127880499851,1,state_1,Low-Rate / Steep Curve,0.0,1.0,0.0,0.0
2003-03-01,-1.02873699737207,1.9594856192832035,3.81,2.5700000000000003,1.0600000000000005,1.1,0,887.2127880499851,1,state_1,Low-Rate / Steep Curve,0.0,1.0,0.0,0.0
2003-04-01,-0.958019107799556,-3.368683407691143,3.96,2.69,1.1099999999999994,1.1,0,887.2127880499851,1,state_1,Low-Rate / Steep Curve,0.0,1.0,0.0,0.0
2003-05-01,-0.0721788673741313,-1.10635953524499,3.57,2.39,1.16,1.1,0,887.2127880499851,1,state_1,Low-Rate / Steep Curve,0.0,1.0,0.0,0.0
2003-06-01,0.0659930890189303,0.4212646849079299,3.33,2.3200000000000003,1.2200000000000006,1.1,0,887.2127880499851,1,state_1,Low-Rate / Steep Curve,0.0,1.0,0.0,0.0
2003-07-01,0.6956601599667841,-0.6292321236031245,3.98,2.86,1.13,1.1,0,887.2127880499851,1,state_1,Low-Rate / Steep Curve,0.0,1.0,0.0,0.0
2003-08-01,0.795108741034403,0.0778966989363325,4.45,3.14,1.13,1.1,0,887.2127880499851,1,state_1,Low-Rate / Steep Curve,0.0,1.0,0.0,0.0
2003-09-01,1.110550028551667,0.0987554083444175,4.27,3.03,1.0700000000000005,1.1,0,887.2127880499851,1,state_1,Low-Rate / Steep Curve,0.0,1.0,0.0,0.0
2003-10-01,1.2873194998565225,-0.3707741917854891,4.29,3.04,1.0300000000000002,1.1,0,887.2127880499851,1,state_1,Low-Rate / Steep Curve,0.0,1.0,0.0,0.0
2003-11-01,1.7940114154290805,-1.3864199375248587,4.3,2.96,1.0099999999999998,1.1,0,887.2127880499851,1,state_1,Low-Rate / Steep Curve,0.0,1.0,0.0,0.0
2003-12-01,1.372510807041467,0.0359347831182968,4.27,2.9599999999999995,0.9799999999999996,1.1,0,887.2127880499851,1,state_1,Low-Rate / Steep Curve,0.0,1.0,0.0,0.0
2004-01-01,1.1905371126250297,0.1276396144092352,4.15,2.91,0.9000000000000004,1.1,0,887.2127880499851,1,state_1,Low-Rate / Steep Curve,0.0,1.0,0.0,0.0
2004-02-01,1.194082942716254,0.7427208263975599,4.08,2.84,0.7699999999999996,1.1,0,887.2127880499851,1,state_1,Low-Rate / Steep Curve,0.0,1.0,0.0,0.0
2004-03-01,0.8196870007843612,0.4166340001662148,3.83,2.64,0.7800000000000002,1.1,0,887.2127880499851,1,state_1,Low-Rate / Steep Curve,0.0,1.0,0.0,0.0
2004-04-01,1.1619221809041518,0.6062445266908957,4.35,2.92,0.7299999999999995,1.1,0,887.2127880499851,1,state_1,Low-Rate / Steep Curve,0.0,1.0,0.0,0.0
2004-05-01,1.4549377992099772,1.5193692306608615,4.72,2.9399999999999995,0.71,1.1,0,887.2127880499851,1,state_1,Low-Rate / Steep Curve,0.0,1.0,0.0,0.0
2004-06-01,0.0243745658562666,-0.3961109872647099,4.73,2.6100000000000003,0.7700000000000005,1.1,0,887.2127880499851,1,state_1,Low-Rate / Steep Curve,0.0,1.0,0.0,0.0
2004-07-01,0.8603144720266431,-0.6837243850552588,4.5,2.4,0.7999999999999998,1.1,0,887.2127880499851,1,state_1,Low-Rate / Steep Curve,0.0,1.0,0.0,0.0
2004-08-01,0.8429802322944691,-0.224879852143727,4.28,2.26,0.8099999999999996,1.1,0,887.2127880499851,1,state_1,Low-Rate / Steep Curve,0.0,1.0,0.0,0.0
2004-09-01,0.3676157022816732,-0.4200171885652244,4.13,2.01,0.8099999999999996,1.1,0,887.2127880499851,1,state_1,Low-Rate / Steep Curve,0.0,1.0,0.0,0.0
2004-10-01,0.8739022343254391,1.53703586974758,4.1,1.87,0.7400000000000002,1.1,0,887.2127880499851,1,state_1,Low-Rate / Steep Curve,0.0,1.0,0.0,0.0
2004-11-01,0.4804729540648893,0.1502059967106347,4.19,1.6900000000000004,0.6800000000000006,1.1,0,887.2127880499851,1,state_1,Low-Rate / Steep Curve,0.0,1.0,0.0,0.0
2004-12-01,1.3868856829499814,-1.4951945807649036,4.23,1.5600000000000005,0.6800000000000006,1.1,0,887.2127880499851,1,state_1,Low-Rate / Steep Curve,0.0,1.0,0.0,0.0
2005-01-01,0.4035912987679926,-0.0575936803915379,4.22,1.36,0.6599999999999993,1.1,0,887.2127880499851,1,state_1,Low-Rate / Steep Curve,0.0,1.0,0.0,0.0
2005-02-01,0.6599037977340106,0.2852587731046524,4.17,1.14,0.6200000000000001,1.1,0,887.2127880499851,1,state_1,Low-Rate / Steep Curve,0.0,1.0,0.0,0.0
2005-03-01,0.230674606770327,1.3232332486276603,4.5,1.2000000000000002,0.6599999999999993,1.1,0,887.2127880499851,0,state_0,Late-Cycle / Inflationary Flat Curve,1.0,0.0,0.0,0.0
2005-04-01,-0.0045752063843712,1.015200111233134,4.34,1.02,0.7199999999999998,1.1,0,887.2127880499851,0,state_0,Late-Cycle / Inflationary Flat Curve,1.0,0.0,0.0,0.0
2005-05-01,-0.2297338478295186,-0.9230823898339772,4.14,0.8099999999999996,0.8599999999999994,1.1,0,887.2127880499851,0,state_0,Late-Cycle / Inflationary Flat Curve,1.0,0.0,0.0,0.0
2005-06-01,0.4732352027745514,-1.2726853337274897,4.0,0.6400000000000001,0.9000000000000004,1.1,0,887.2127880499851,0,state_0,Late-Cycle / Inflationary Flat Curve,1.0,0.0,0.0,0.0
2005-07-01,0.0657271339263806,0.9571502968553192,4.18,0.5399999999999996,0.8900000000000006,1.1,0,887.2127880499851,0,state_0,Late-Cycle / Inflationary Flat Curve,1.0,0.0,0.0,0.0
2005-08-01,0.3803315255452157,1.176172943827621,4.26,0.3899999999999997,0.8700000000000001,1.1,0,887.2127880499851,0,state_0,Late-Cycle / Inflationary Flat Curve,1.0,0.0,0.0,0.0
2005-09-01,-0.3941771354081622,4.237250710234162,4.2,0.3500000000000001,0.9000000000000004,1.1,0,887.2127880499851,0,state_0,Late-Cycle / Inflationary Flat Curve,1.0,0.0,0.0,0.0
2005-10-01,-1.3450853221780166,1.685696729274318,4.46,0.2800000000000002,0.9500000000000002,1.1,0,887.2127880499851,0,state_0,Late-Cycle / Inflationary Flat Curve,1.0,0.0,0.0,0.0
2005-11-01,1.1089217886874705,-2.772657557883208,4.54,0.2099999999999999,0.9699999999999998,1.1,0,887.2127880499851,0,state_0,Late-Cycle / Inflationary Flat Curve,1.0,0.0,0.0,0.0
2005-12-01,0.7060723683072708,-1.6694638102051222,4.47,0.1200000000000001,0.9500000000000002,1.1,0,887.2127880499851,0,state_0,Late-Cycle / Inflationary Flat Curve,1.0,0.0,0.0,0.0
2006-01-01,0.9437238729017128,0.852612849052962,4.42,-0.0300000000000002,0.9500000000000002,1.1,0,887.2127880499851,0,state_0,Late-Cycle / Inflationary Flat Curve,1.0,0.0,0.0,0.0
2006-02-01,0.925676925924254,-1.149212481139462,4.57,-0.1099999999999994,0.92,1.1,0,887.2127880499851,0,state_0,Late-Cycle / Inflationary Flat Curve,1.0,0.0,0.0,0.0
2006-03-01,0.6221037871042144,-0.1381308689767894,4.72,-0.0499999999999998,0.8799999999999999,1.1,0,887.2127880499851,0,state_0,Late-Cycle / Inflationary Flat Curve,1.0,0.0,0.0,0.0
2006-04-01,0.145140772699256,1.2200016043975512,4.99,0.0899999999999998,0.8399999999999999,1.1,0,887.2127880499851,0,state_0,Late-Cycle / Inflationary Flat Curve,1.0,0.0,0.0,0.0
2006-05-01,-0.2715614692305509,1.2072311649589886,5.11,0.1100000000000003,0.7999999999999998,1.1,0,887.2127880499851,0,state_0,Late-Cycle / Inflationary Flat Curve,1.0,0.0,0.0,0.0
2006-06-01,0.1788337666311389,-0.6504739347206878,5.11,-0.0499999999999998,0.8900000000000006,1.1,0,887.2127880499851,0,state_0,Late-Cycle / Inflationary Flat Curve,1.0,0.0,0.0,0.0
2006-07-01,-0.2573676083573171,0.2811068597670333,5.09,-0.1299999999999999,0.91,1.1,0,887.2127880499851,0,state_0,Late-Cycle / Inflationary Flat Curve,1.0,0.0,0.0,0.0
2006-08-01,-0.0971608997532318,0.3477519929113846,4.88,-0.2000000000000001,0.91,1.1,0,887.2127880499851,0,state_0,Late-Cycle / Inflationary Flat Curve,1.0,0.0,0.0,0.0
2006-09-01,-0.463528747438536,-2.4007445159919456,4.72,-0.25,0.92,1.1,0,887.2127880499851,0,state_0,Late-Cycle / Inflationary Flat Curve,1.0,0.0,0.0,0.0
2006-10-01,0.0168863742571985,-2.9862460162762705,4.73,-0.2799999999999993,0.91,1.1,0,887.2127880499851,0,state_0,Late-Cycle / Inflationary Flat Curve,1.0,0.0,0.0,0.0
2006-11-01,-0.7036705050435875,0.5299702042474568,4.6,-0.4100000000000001,0.8700000000000001,1.1,0,887.2127880499851,0,state_0,Late-Cycle / Inflationary Flat Curve,1.0,0.0,0.0,0.0
2006-12-01,0.2447763695707983,0.565638470820601,4.56,-0.3800000000000008,0.8999999999999995,1.1,0,887.2127880499851,0,state_0,Late-Cycle / Inflationary Flat Curve,1.0,0.0,0.0,0.0
2007-01-01,-0.8080498132460963,-1.3572345195899018,4.76,-0.2999999999999998,0.9399999999999996,1.1,0,887.2127880499851,0,state_0,Late-Cycle / Inflationary Flat Curve,1.0,0.0,0.0,0.0
2007-02-01,0.3323783140379822,1.504762851315277,4.72,-0.33,0.8900000000000006,1.1,0,887.2127880499851,0,state_0,Late-Cycle / Inflationary Flat Curve,1.0,0.0,0.0,0.0
2007-03-01,-0.6071427805732071,1.4855364242864295,4.56,-0.3600000000000003,0.9699999999999998,1.1,0,887.2127880499851,0,state_0,Late-Cycle / Inflationary Flat Curve,1.0,0.0,0.0,0.0
2007-04-01,0.2257907974420138,0.9037463122572624,4.69,-0.2399999999999993,0.92,1.1,0,887.2127880499851,0,state_0,Late-Cycle / Inflationary Flat Curve,1.0,0.0,0.0,0.0
2007-05-01,0.0902556606488643,0.994122826675766,4.75,-0.1600000000000001,0.92,1.1,0,887.2127880499851,0,state_0,Late-Cycle / Inflationary Flat Curve,1.0,0.0,0.0,0.0
2007-06-01,0.3339734938504868,0.0394919696266932,5.1,0.1399999999999996,0.91,1.1,0,887.2127880499851,0,state_0,Late-Cycle / Inflationary Flat Curve,1.0,0.0,0.0,0.0
2007-07-01,0.111882448424561,-0.3212918503178741,5.0,0.04,0.92,1.1,0,887.2127880499851,0,state_0,Late-Cycle / Inflationary Flat Curve,1.0,0.0,0.0,0.0
2007-08-01,0.0278970958790916,-1.234677587081299,4.67,0.2000000000000001,0.8600000000000003,1.1,0,887.2127880499851,0,state_0,Late-Cycle / Inflationary Flat Curve,1.0,0.0,0.0,0.0
2007-09-01,-0.1870684005206001,0.1687049945595162,4.52,0.3799999999999999,0.8499999999999996,1.1,0,887.2127880499851,0,state_0,Late-Cycle / Inflationary Flat Curve,1.0,0.0,0.0,0.0
2007-10-01,-0.221844236832291,0.4212166888780174,4.53,0.4300000000000006,0.8200000000000003,1.1,0,887.2127880499851,0,state_0,Late-Cycle / Inflationary Flat Curve,1.0,0.0,0.0,0.0
2007-11-01,-0.3065284834247475,2.6706873468662646,4.15,0.6500000000000004,0.96,1.1,0,887.2127880499851,0,state_0,Late-Cycle / Inflationary Flat Curve,1.0,0.0,0.0,0.0
2007-12-01,-0.8403360451757916,-0.3414728489442482,4.1,0.8399999999999999,1.16,1.1,0,887.2127880499851,0,state_0,Late-Cycle / Inflationary Flat Curve,1.0,0.0,0.0,0.0
2008-01-01,-1.022569809092949,1.002917198244336,3.74,1.0300000000000002,1.21,1.1,0,887.2127880499851,0,state_0,Late-Cycle / Inflationary Flat Curve,1.0,0.0,0.0,0.0
2008-02-01,-1.690972877320565,0.5971232648850447,3.74,1.6900000000000004,1.29,1.1,0,887.2127880499851,1,state_1,Low-Rate / Steep Curve,0.0,1.0,0.0,0.0
2008-03-01,-2.025789609018517,2.112166766809016,3.51,1.97,1.38,1.1,0,887.2127880499851,1,state_1,Low-Rate / Steep Curve,0.0,1.0,0.0,0.0
2008-04-01,-1.2938283932678758,1.2853145186618526,3.68,1.94,1.42,1.1,0,887.2127880499851,1,state_1,Low-Rate / Steep Curve,0.0,1.0,0.0,0.0
2008-05-01,-1.0417688890223686,2.77679921576765,3.88,1.82,1.3599999999999994,1.1,0,887.2127880499851,1,state_1,Low-Rate / Steep Curve,0.0,1.0,0.0,0.0
2008-06-01,-0.5193218081974453,2.559183489051726,4.1,1.6799999999999995,1.3900000000000006,1.1,0,887.2127880499851,1,state_1,Low-Rate / Steep Curve,0.0,1.0,0.0,0.0
2008-07-01,-1.694688511689627,2.0467067237193306,4.01,1.73,1.4900000000000002,1.1,0,887.2127880499851,1,state_1,Low-Rate / Steep Curve,0.0,1.0,0.0,0.0
2008-08-01,-2.2444256188902703,-2.673520007624022,3.89,1.71,1.510000000000001,1.1,0,887.2127880499851,1,state_1,Low-Rate / Steep Curve,0.0,1.0,0.0,0.0
2008-09-01,-3.678349225861669,-1.8347549137856216,3.69,1.78,1.6599999999999993,1.1,0,887.2127880499851,3,state_3,Macro-Financial Stress,0.0,0.0,0.0,1.0
2008-10-01,-3.300110390113061,-3.557105687697972,3.81,2.39,2.6000000000000005,1.1,0,887.2127880499851,3,state_3,Macro-Financial Stress,0.0,0.0,0.0,1.0
2008-11-01,-4.699901038740619,-5.0681285835659295,3.53,2.46,3.0900000000000007,1.1,0,887.2127880499851,3,state_3,Macro-Financial Stress,0.0,0.0,0.0,1.0
2008-12-01,-5.559804107824735,-3.730517412569402,2.42,1.93,3.38,1.1,0,887.2127880499851,3,state_3,Macro-Financial Stress,0.0,0.0,0.0,1.0
2009-01-01,-4.680903523710318,-0.1466598597513015,2.52,2.08,3.0900000000000007,1.1,0,887.2127880499851,3,state_3,Macro-Financial Stress,0.0,0.0,0.0,1.0
2009-02-01,-3.4962353827663635,-0.4194142622560445,2.87,2.25,2.8100000000000005,1.1,0,887.2127880499851,3,state_3,Macro-Financial Stress,0.0,0.0,0.0,1.0
2009-03-01,-3.7992381815281537,-1.3225659408528214,2.82,2.18,2.92,1.1,0,887.2127880499851,3,state_3,Macro-Financial Stress,0.0,0.0,0.0,1.0
2009-04-01,-1.9408893654024515,-0.8062394855150851,2.93,2.38,3.000000000000001,1.1,0,887.2127880499851,3,state_3,Macro-Financial Stress,0.0,0.0,0.0,1.0
2009-05-01,-1.8758772979977167,-0.0581670045509732,3.29,2.79,2.5200000000000005,1.1,0,887.2127880499851,3,state_3,Macro-Financial Stress,0.0,0.0,0.0,1.0
2009-06-01,-1.2882445704781185,1.665031458080012,3.72,3.21,1.89,1.1,0,887.2127880499851,1,state_1,Low-Rate / Steep Curve,0.0,1.0,0.0,0.0
2009-07-01,0.2955753016742158,-0.8456780512015679,3.56,3.08,1.6799999999999995,1.1,0,887.2127880499851,1,state_1,Low-Rate / Steep Curve,0.0,1.0,0.0,0.0
2009-08-01,1.2117815694800471,1.0341887163056065,3.59,3.13,1.3200000000000005,1.1,0,887.2127880499851,1,state_1,Low-Rate / Steep Curve,0.0,1.0,0.0,0.0
2009-09-01,0.6737574016907725,-1.2785637814248327,3.4,3.0,1.1799999999999995,1.1,0,887.2127880499851,1,state_1,Low-Rate / Steep Curve,0.0,1.0,0.0,0.0
2009-10-01,0.3807035672251615,0.3828468213854518,3.39,3.02,1.1399999999999997,1.1,0,887.2127880499851,1,state_1,Low-Rate / Steep Curve,0.0,1.0,0.0,0.0
2009-11-01,0.8667512147347723,1.0281378643118928,3.4,3.09,1.13,1.1,0,887.2127880499851,1,state_1,Low-Rate / Steep Curve,0.0,1.0,0.0,0.0
2009-12-01,0.8677411284925175,-0.5442215005965586,3.59,3.22,1.1100000000000003,1.1,0,887.2127880499851,1,state_1,Low-Rate / Steep Curve,0.0,1.0,0.0,0.0
2010-01-01,0.7771410837104956,0.8352950590537841,3.73,3.38,0.9900000000000002,1.1,0,887.2127880499851,1,state_1,Low-Rate / Steep Curve,0.0,1.0,0.0,0.0
2010-02-01,-0.1896562950420302,-0.8786599456616871,3.69,3.34,0.9900000000000002,1.1,0,887.2127880499851,1,state_1,Low-Rate / Steep Curve,0.0,1.0,0.0,0.0
2010-03-01,0.7938927141287692,0.349880484742839,3.73,3.33,1.0,1.1,0,887.2127880499851,1,state_1,Low-Rate / Steep Curve,0.0,1.0,0.0,0.0
2010-04-01,1.044457530583505,-0.2117502059878013,3.85,3.4,0.96,1.1,0,887.2127880499851,1,state_1,Low-Rate / Steep Curve,0.0,1.0,0.0,0.0
2010-05-01,1.2827811765567292,-0.7970858042050817,3.42,3.05,1.09,1.1,0,887.2127880499851,1,state_1,Low-Rate / Steep Curve,0.0,1.0,0.0,0.0
2010-06-01,-1.9339419015991164,-1.416812688945078,3.2,2.8800000000000003,1.3500000000000003,1.1,0,887.2127880499851,1,state_1,Low-Rate / Steep Curve,0.0,1.0,0.0,0.0
2010-07-01,0.5792086477436372,0.5961636924441841,3.01,2.72,1.29,1.1,0,887.2127880499851,1,state_1,Low-Rate / Steep Curve,0.0,1.0,0.0,0.0
2010-08-01,-0.0275975757065014,-0.067676449873902,2.7,2.4400000000000004,1.17,1.1,0,887.2127880499851,1,state_1,Low-Rate / Steep Curve,0.0,1.0,0.0,0.0
2010-09-01,-0.2045075007730489,-0.4374160271484049,2.65,2.39,1.13,1.1,0,887.2127880499851,1,state_1,Low-Rate / Steep Curve,0.0,1.0,0.0,0.0
2010-10-01,0.207816554800998,0.3566969582220263,2.54,2.31,1.04,1.1,0,887.2127880499851,1,state_1,Low-Rate / Steep Curve,0.0,1.0,0.0,0.0
2010-11-01,0.2014713022002048,-0.3407971786238841,2.76,2.51,1.0499999999999998,1.1,0,887.2127880499851,1,state_1,Low-Rate / Steep Curve,0.0,1.0,0.0,0.0
2010-12-01,0.6711863398934609,0.6001322300624548,3.29,3.0,1.08,1.1,0,887.2127880499851,1,state_1,Low-Rate / Steep Curve,0.0,1.0,0.0,0.0
2011-01-01,0.1613501704089109,1.0248275144856172,3.39,3.12,1.0499999999999998,1.1,0,887.2127880499851,1,state_1,Low-Rate / Steep Curve,0.0,1.0,0.0,0.0
2011-02-01,-0.0394880612537177,1.0407313354006011,3.58,3.29,0.9300000000000006,1.1,0,887.2127880499851,1,state_1,Low-Rate / Steep Curve,0.0,1.0,0.0,0.0
2011-03-01,-0.4281885074418299,2.091970914813308,3.41,3.1500000000000004,0.9000000000000004,1.1,0,887.2127880499851,1,state_1,Low-Rate / Steep Curve,0.0,1.0,0.0,0.0
2011-04-01,-0.0022018662183508,1.2128671563626232,3.46,3.21,0.8599999999999994,1.1,0,887.2127880499851,1,state_1,Low-Rate / Steep Curve,0.0,1.0,0.0,0.0
2011-05-01,-0.3361217905498775,-0.3918938235126601,3.17,2.98,0.8200000000000003,1.1,0,887.2127880499851,1,state_1,Low-Rate / Steep Curve,0.0,1.0,0.0,0.0
2011-06-01,0.0625194068473874,-0.7820394341218312,3.0,2.82,0.7599999999999998,1.1,0,887.2127880499851,1,state_1,Low-Rate / Steep Curve,0.0,1.0,0.0,0.0
2011-07-01,0.1611173090864766,0.8469099174870948,3.0,2.81,0.8300000000000001,1.1,0,887.2127880499851,1,state_1,Low-Rate / Steep Curve,0.0,1.0,0.0,0.0
2011-08-01,-0.6307561910504135,0.0196732249558988,2.3,2.19,0.9900000000000002,1.1,0,887.2127880499851,1,state_1,Low-Rate / Steep Curve,0.0,1.0,0.0,0.0
2011-09-01,-0.6782382165978679,-0.3122973392768312,1.98,1.88,1.1799999999999995,1.1,0,887.2127880499851,1,state_1,Low-Rate / Steep Curve,0.0,1.0,0.0,0.0
2011-10-01,0.2025006485194887,-1.6056346992304509,2.15,2.04,1.39,1.1,0,887.2127880499851,1,state_1,Low-Rate / Steep Curve,0.0,1.0,0.0,0.0
2011-11-01,-0.0462236978718125,-0.7581104981030419,2.01,1.9,1.2699999999999996,1.1,0,887.2127880499851,1,state_1,Low-Rate / Steep Curve,0.0,1.0,0.0,0.0
2011-12-01,0.5132935227395626,-1.5460065954462066,1.98,1.86,1.3199999999999998,1.1,0,887.2127880499851,1,state_1,Low-Rate / Steep Curve,0.0,1.0,0.0,0.0
2012-01-01,0.4817142598606534,-0.2311270792924172,1.97,1.85,1.3800000000000003,1.1,0,887.2127880499851,1,state_1,Low-Rate / Steep Curve,0.0,1.0,0.0,0.0
2012-02-01,0.1984584814534085,0.2121069283279591,1.97,1.81,1.2899999999999996,1.1,0,887.2127880499851,1,state_1,Low-Rate / Steep Curve,0.0,1.0,0.0,0.0
2012-03-01,0.0438791113176076,0.6104926658481346,2.17,1.98,1.2400000000000002,1.1,0,887.2127880499851,1,state_1,Low-Rate / Steep Curve,0.0,1.0,0.0,0.0
2012-04-01,0.3840370837416644,-0.7497327191119045,2.05,1.87,1.2300000000000004,1.1,0,887.2127880499851,1,state_1,Low-Rate / Steep Curve,0.0,1.0,0.0,0.0
2012-05-01,-0.0153679790503606,-1.7532636645095268,1.8,1.61,1.2700000000000005,1.1,0,887.2127880499851,1,state_1,Low-Rate / Steep Curve,0.0,1.0,0.0,0.0
2012-06-01,-0.4878514624899291,-0.776754695319499,1.62,1.4300000000000002,1.3799999999999994,1.1,0,887.2127880499851,1,state_1,Low-Rate / Steep Curve,0.0,1.0,0.0,0.0
2012-07-01,-0.5701145352101316,-0.3997417404308948,1.53,1.34,1.4700000000000002,1.1,0,887.2127880499851,1,state_1,Low-Rate / Steep Curve,0.0,1.0,0.0,0.0
2012-08-01,-1.3796723088245602,0.977372451614582,1.68,1.5,1.4300000000000002,1.1,0,887.2127880499851,1,state_1,Low-Rate / Steep Curve,0.0,1.0,0.0,0.0
2012-09-01,-0.3824981434662433,0.4504987456422506,1.72,1.54,1.3499999999999996,1.1,0,887.2127880499851,1,state_1,Low-Rate / Steep Curve,0.0,1.0,0.0,0.0
2012-10-01,-0.9080887804046012,-1.0145063381059454,1.75,1.57,1.11,1.1,0,887.2127880499851,1,state_1,Low-Rate / Steep Curve,0.0,1.0,0.0,0.0
2012-11-01,-0.1368332045916386,-1.563464604286439,1.65,1.47,1.0099999999999998,1.1,0,887.2127880499851,1,state_1,Low-Rate / Steep Curve,0.0,1.0,0.0,0.0
2012-12-01,-0.2988218496144853,-0.0485153702428771,1.72,1.56,0.98,1.1,0,887.2127880499851,1,state_1,Low-Rate / Steep Curve,0.0,1.0,0.0,0.0
2013-01-01,-0.097846508099311,-0.2282864536201798,1.91,1.76,0.9300000000000006,1.1,0,887.2127880499851,1,state_1,Low-Rate / Steep Curve,0.0,1.0,0.0,0.0
2013-02-01,0.6977320322719357,0.6579463521071696,1.98,1.82,0.9499999999999996,1.1,0,887.2127880499851,1,state_1,Low-Rate / Steep Curve,0.0,1.0,0.0,0.0
2013-03-01,-0.198868245823217,-1.0349874118107434,1.96,1.81,0.9199999999999996,1.1,0,887.2127880499851,1,state_1,Low-Rate / Steep Curve,0.0,1.0,0.0,0.0
2013-04-01,-0.9264752435555018,-1.1073972741827798,1.76,1.64,0.8599999999999999,1.1,0,887.2127880499851,1,state_1,Low-Rate / Steep Curve,0.0,1.0,0.0,0.0
2013-05-01,-0.4338256936235686,-0.8044746285911116,1.93,1.81,0.8400000000000003,1.1,0,887.2127880499851,1,state_1,Low-Rate / Steep Curve,0.0,1.0,0.0,0.0
2013-06-01,-0.0849911623719481,0.1279033778132457,2.3,2.16,0.9200000000000008,1.1,0,887.2127880499851,1,state_1,Low-Rate / Steep Curve,0.0,1.0,0.0,0.0
2013-07-01,-0.0725082321349654,-0.4467968787913107,2.58,2.46,0.9800000000000004,1.1,0,887.2127880499851,1,state_1,Low-Rate / Steep Curve,0.0,1.0,0.0,0.0
2013-08-01,0.7899175554869868,-0.3540119922842547,2.74,2.6100000000000003,0.8799999999999999,1.1,0,887.2127880499851,1,state_1,Low-Rate / Steep Curve,0.0,1.0,0.0,0.0
2013-09-01,0.7385409790909472,-0.1478481498753986,2.81,2.69,0.8300000000000001,1.1,0,887.2127880499851,1,state_1,Low-Rate / Steep Curve,0.0,1.0,0.0,0.0
2013-10-01,0.2911460305991823,-0.8280837053699844,2.62,2.5,0.7799999999999994,1.1,0,887.2127880499851,1,state_1,Low-Rate / Steep Curve,0.0,1.0,0.0,0.0
2013-11-01,1.0714516788174986,-1.1184005484858262,2.72,2.6,0.75,1.1,0,887.2127880499851,1,state_1,Low-Rate / Steep Curve,0.0,1.0,0.0,0.0
2013-12-01,0.8135583235844162,-0.4825550528711414,2.9,2.77,0.7599999999999998,1.1,0,887.2127880499851,1,state_1,Low-Rate / Steep Curve,0.0,1.0,0.0,0.0
2014-01-01,-1.2556123862840451,0.280573578094517,2.86,2.74,0.7000000000000002,1.1,0,887.2127880499851,1,state_1,Low-Rate / Steep Curve,0.0,1.0,0.0,0.0
2014-02-01,0.0479535285188043,0.1224250024677238,2.71,2.59,0.6499999999999995,1.1,0,887.2127880499851,1,state_1,Low-Rate / Steep Curve,0.0,1.0,0.0,0.0
2014-03-01,0.4989874943988943,0.187374781747342,2.72,2.5900000000000003,0.6799999999999997,1.1,0,887.2127880499851,1,state_1,Low-Rate / Steep Curve,0.0,1.0,0.0,0.0
2014-04-01,0.1717191186517394,-0.1389117197863884,2.71,2.6,0.6600000000000001,1.1,0,887.2127880499851,1,state_1,Low-Rate / Steep Curve,0.0,1.0,0.0,0.0
2014-05-01,0.8923841766678283,-0.0820797564079431,2.56,2.46,0.5999999999999996,1.1,0,887.2127880499851,1,state_1,Low-Rate / Steep Curve,0.0,1.0,0.0,0.0
2014-06-01,0.6777231499581028,-0.2231107863887761,2.6,2.5,0.5499999999999998,1.1,0,887.2127880499851,1,state_1,Low-Rate / Steep Curve,0.0,1.0,0.0,0.0
2014-07-01,1.0014483675981043,-0.545300223390539,2.54,2.43,0.5700000000000003,1.1,0,887.2127880499851,1,state_1,Low-Rate / Steep Curve,0.0,1.0,0.0,0.0
2014-08-01,0.5840178709140895,-1.2467814125311392,2.42,2.31,0.6100000000000003,1.1,0,887.2127880499851,1,state_1,Low-Rate / Steep Curve,0.0,1.0,0.0,0.0
2014-09-01,0.899367002452799,-0.8438010489544818,2.53,2.42,0.6899999999999995,1.1,0,887.2127880499851,1,state_1,Low-Rate / Steep Curve,0.0,1.0,0.0,0.0
2014-10-01,0.5575400408459849,-1.6584810895288125,2.3,2.2,0.7700000000000005,1.1,0,887.2127880499851,1,state_1,Low-Rate / Steep Curve,0.0,1.0,0.0,0.0
2014-11-01,1.463917643485215,-1.8474425053351549,2.33,2.2,0.8700000000000001,1.1,0,887.2127880499851,1,state_1,Low-Rate / Steep Curve,0.0,1.0,0.0,0.0
2014-12-01,0.0206247741844737,-2.593335618093535,2.21,2.0,0.9500000000000002,1.1,0,887.2127880499851,1,state_1,Low-Rate / Steep Curve,0.0,1.0,0.0,0.0
2015-01-01,-0.3264683098604696,-3.1928441309347373,1.88,1.68,0.9900000000000002,1.1,0,887.2127880499851,1,state_1,Low-Rate / Steep Curve,0.0,1.0,0.0,0.0
2015-02-01,-0.4896748131632211,-0.4360494628863482,1.98,1.76,0.8999999999999999,1.1,0,887.2127880499851,1,state_1,Low-Rate / Steep Curve,0.0,1.0,0.0,0.0
2015-03-01,-0.3466349715970464,0.0040829452113439,2.04,1.79,0.8999999999999999,1.1,0,887.2127880499851,1,state_1,Low-Rate / Steep Curve,0.0,1.0,0.0,0.0
2015-04-01,-0.1827559747854467,-0.893563013896559,1.94,1.71,0.9600000000000004,1.1,0,887.2127880499851,1,state_1,Low-Rate / Steep Curve,0.0,1.0,0.0,0.0
2015-05-01,-0.2152351588693252,1.2738087193315373,2.2,1.96,0.9099999999999996,1.1,0,887.2127880499851,1,state_1,Low-Rate / Steep Curve,0.0,1.0,0.0,0.0
2015-06-01,0.1486440819802237,-0.084221495319396,2.36,2.08,0.9399999999999996,1.1,0,887.2127880499851,1,state_1,Low-Rate / Steep Curve,0.0,1.0,0.0,0.0
2015-07-01,0.8010544478662133,-0.5267384812665787,2.32,2.02,1.0499999999999998,1.1,0,887.2127880499851,1,state_1,Low-Rate / Steep Curve,0.0,1.0,0.0,0.0
2015-08-01,-0.6623170098594057,-1.2682985467833467,2.17,1.79,1.1500000000000004,1.1,0,887.2127880499851,1,state_1,Low-Rate / Steep Curve,0.0,1.0,0.0,0.0
2015-09-01,-0.5479867086452084,-1.371254688477832,2.17,1.7999999999999998,1.2699999999999996,1.1,0,887.2127880499851,1,state_1,Low-Rate / Steep Curve,0.0,1.0,0.0,0.0
2015-10-01,-0.4904363150892991,-1.0794617248430496,2.07,1.81,1.3899999999999997,1.1,0,887.2127880499851,1,state_1,Low-Rate / Steep Curve,0.0,1.0,0.0,0.0
2015-11-01,-1.0782980478996822,-1.2718911818748275,2.26,1.7799999999999998,1.4000000000000004,1.1,0,887.2127880499851,1,state_1,Low-Rate / Steep Curve,0.0,1.0,0.0,0.0
2015-12-01,-0.9738654102715246,-1.588235663337719,2.24,1.5900000000000003,1.4899999999999998,1.1,0,887.2127880499851,1,state_1,Low-Rate / Steep Curve,0.0,1.0,0.0,0.0
2016-01-01,0.030208023571033,-0.7456218247010152,2.09,1.5499999999999998,1.4500000000000002,1.1,0,887.2127880499851,1,state_1,Low-Rate / Steep Curve,0.0,1.0,0.0,0.0
2016-02-01,-0.6116083815044312,-1.2718431079118468,1.78,1.25,1.38,1.1,0,887.2127880499851,1,state_1,Low-Rate / Steep Curve,0.0,1.0,0.0,0.0
2016-03-01,-0.912576531539652,-0.1590653182121397,1.89,1.23,1.31,1.1,0,887.2127880499851,1,state_1,Low-Rate / Steep Curve,0.0,1.0,0.0,0.0
2016-04-01,0.0925012655226761,0.4832371605422476,1.81,1.25,1.17,1.1,0,887.2127880499851,1,state_1,Low-Rate / Steep Curve,0.0,1.0,0.0,0.0
2016-05-01,-0.5352941614222368,0.060601001074644,1.81,1.2200000000000002,1.0299999999999998,1.1,0,887.2127880499851,1,state_1,Low-Rate / Steep Curve,0.0,1.0,0.0,0.0
2016-06-01,0.2208962803103905,0.620500030917651,1.64,1.09,1.0300000000000002,1.1,0,887.2127880499851,1,state_1,Low-Rate / Steep Curve,0.0,1.0,0.0,0.0
2016-07-01,0.4173748432904899,-0.3949507763940477,1.5,0.99,0.94,1.1,0,887.2127880499851,1,state_1,Low-Rate / Steep Curve,0.0,1.0,0.0,0.0
2016-08-01,-0.7106509144828345,-0.7109975385551497,1.56,0.99,0.9200000000000004,1.1,0,887.2127880499851,1,state_1,Low-Rate / Steep Curve,0.0,1.0,0.0,0.0
2016-09-01,-0.125756920632727,-0.2240112571160342,1.63,1.04,0.8999999999999995,1.1,0,887.2127880499851,1,state_1,Low-Rate / Steep Curve,0.0,1.0,0.0,0.0
2016-10-01,-0.3087928938938042,0.0788496394598194,1.76,1.1,0.8700000000000001,1.1,0,887.2127880499851,1,state_1,Low-Rate / Steep Curve,0.0,1.0,0.0,0.0
2016-11-01,-0.4838467766390837,-0.9614013381396208,2.14,1.4,0.8500000000000001,1.1,0,887.2127880499851,1,state_1,Low-Rate / Steep Curve,0.0,1.0,0.0,0.0
2016-12-01,0.7237613117269777,0.1492027055600545,2.49,1.62,0.7700000000000005,1.1,0,887.2127880499851,1,state_1,Low-Rate / Steep Curve,0.0,1.0,0.0,0.0
2017-01-01,0.1717100307743319,0.922411606686402,2.43,1.6,0.7400000000000002,1.1,0,887.2127880499851,1,state_1,Low-Rate / Steep Curve,0.0,1.0,0.0,0.0
2017-02-01,0.5732913181752186,0.0127722583030526,2.42,1.6,0.6899999999999995,1.1,0,887.2127880499851,1,state_1,Low-Rate / Steep Curve,0.0,1.0,0.0,0.0
2017-03-01,0.30992480679463,-1.0799932491561106,2.48,1.47,0.6699999999999999,1.1,0,887.2127880499851,1,state_1,Low-Rate / Steep Curve,0.0,1.0,0.0,0.0
2017-04-01,0.6389534838162956,0.1268136572813867,2.3,1.2599999999999998,0.7000000000000002,1.1,0,887.2127880499851,1,state_1,Low-Rate / Steep Curve,0.0,1.0,0.0,0.0
2017-05-01,0.1893511178865538,-0.8681938638655056,2.3,1.1799999999999995,0.6999999999999997,1.1,0,887.2127880499851,1,state_1,Low-Rate / Steep Curve,0.0,1.0,0.0,0.0
2017-06-01,0.6112531077532679,-0.228394453908497,2.19,0.99,0.69,1.1,0,887.2127880499851,1,state_1,Low-Rate / Steep Curve,0.0,1.0,0.0,0.0
2017-07-01,0.4022352870196786,-0.401361700796737,2.32,1.1,0.6899999999999995,1.1,0,887.2127880499851,1,state_1,Low-Rate / Steep Curve,0.0,1.0,0.0,0.0
2017-08-01,0.1248691785797794,-0.2142820347987279,2.21,0.98,0.6799999999999997,1.1,0,887.2127880499851,1,state_1,Low-Rate / Steep Curve,0.0,1.0,0.0,0.0
2017-09-01,0.7146068164948179,0.598686723828862,2.2,0.9200000000000002,0.6699999999999999,1.1,0,887.2127880499851,1,state_1,Low-Rate / Steep Curve,0.0,1.0,0.0,0.0
2017-10-01,1.5856027208973549,-0.8444307910115456,2.36,0.96,0.7200000000000002,1.1,0,887.2127880499851,1,state_1,Low-Rate / Steep Curve,0.0,1.0,0.0,0.0
2017-11-01,0.975305977628402,0.4046581776733716,2.35,0.79,0.6999999999999997,1.1,0,887.2127880499851,1,state_1,Low-Rate / Steep Curve,0.0,1.0,0.0,0.0
2017-12-01,1.6245469770902303,-0.10217965541848,2.4,0.7,0.71,1.1,0,887.2127880499851,1,state_1,Low-Rate / Steep Curve,0.0,1.0,0.0,0.0
2018-01-01,0.5252437095909754,0.6574849219002383,2.58,0.78,0.71,1.1,0,887.2127880499851,1,state_1,Low-Rate / Steep Curve,0.0,1.0,0.0,0.0
2018-02-01,1.2390489983764903,-0.2272604853172899,2.86,0.8999999999999999,0.69,1.1,0,887.2127880499851,1,state_1,Low-Rate / Steep Curve,0.0,1.0,0.0,0.0
2018-03-01,0.1986120944002995,-0.8291544362483136,2.84,0.7799999999999998,0.7699999999999996,1.1,0,887.2127880499851,1,state_1,Low-Rate / Steep Curve,0.0,1.0,0.0,0.0
2018-04-01,0.5662508204463947,0.1964691366460197,2.87,0.7200000000000002,0.8199999999999998,1.1,0,887.2127880499851,0,state_0,Late-Cycle / Inflationary Flat Curve,1.0,0.0,0.0,0.0
2018-05-01,0.4063825658419272,0.7382148411562409,2.98,0.71,0.8300000000000001,1.1,0,887.2127880499851,0,state_0,Late-Cycle / Inflationary Flat Curve,1.0,0.0,0.0,0.0
2018-06-01,0.7231408779799567,-0.1356142962705357,2.91,0.5800000000000001,0.8700000000000001,1.1,0,887.2127880499851,0,state_0,Late-Cycle / Inflationary Flat Curve,1.0,0.0,0.0,0.0
2018-07-01,0.4124567170013412,-0.3398891937422083,2.89,0.5,0.92,1.1,0,887.2127880499851,0,state_0,Late-Cycle / Inflationary Flat Curve,1.0,0.0,0.0,0.0
2018-08-01,0.8542342064529004,-0.4816479271145285,2.89,0.4399999999999999,0.8899999999999997,1.1,0,887.2127880499851,0,state_0,Late-Cycle / Inflationary Flat Curve,1.0,0.0,0.0,0.0
2018-09-01,0.4916422597741995,-0.758797002778201,3.0,0.4399999999999999,0.8999999999999999,1.1,0,887.2127880499851,0,state_0,Late-Cycle / Inflationary Flat Curve,1.0,0.0,0.0,0.0
2018-10-01,-0.0185069596763515,0.2619977826160114,3.15,0.5,0.9300000000000006,1.1,0,887.2127880499851,0,state_0,Late-Cycle / Inflationary Flat Curve,1.0,0.0,0.0,0.0
2018-11-01,0.3211658612328232,-1.20911139640012,3.12,0.4199999999999999,1.0,1.1,0,887.2127880499851,0,state_0,Late-Cycle / Inflationary Flat Curve,1.0,0.0,0.0,0.0
2018-12-01,-0.4111353532621744,-1.1610676198619494,2.83,0.1699999999999999,1.1100000000000003,1.1,0,887.2127880499851,0,state_0,Late-Cycle / Inflationary Flat Curve,1.0,0.0,0.0,0.0
2019-01-01,-0.2002162086701411,-0.735163475494064,2.71,0.1299999999999999,1.19,1.1,0,887.2127880499851,0,state_0,Late-Cycle / Inflationary Flat Curve,1.0,0.0,0.0,0.0
2019-02-01,-0.1672760162853782,-0.5414768567022918,2.68,0.1300000000000003,1.16,1.1,0,887.2127880499851,0,state_0,Late-Cycle / Inflationary Flat Curve,1.0,0.0,0.0,0.0
2019-03-01,0.238262251900354,0.1548359512959164,2.57,0.0799999999999996,1.0699999999999998,1.1,0,887.2127880499851,0,state_0,Late-Cycle / Inflationary Flat Curve,1.0,0.0,0.0,0.0
2019-04-01,-0.7871892910657416,0.3326327941511328,2.53,0.1099999999999998,1.0100000000000002,1.1,0,887.2127880499851,0,state_0,Late-Cycle / Inflationary Flat Curve,1.0,0.0,0.0,0.0
2019-05-01,0.0195977364176866,-0.8475810451409546,2.4,0.06,0.96,1.1,0,887.2127880499851,0,state_0,Late-Cycle / Inflationary Flat Curve,1.0,0.0,0.0,0.0
2019-06-01,-0.2720128029193667,-0.8526829118192408,2.07,0.0699999999999998,1.04,1.1,0,887.2127880499851,0,state_0,Late-Cycle / Inflationary Flat Curve,1.0,0.0,0.0,0.0
2019-07-01,-0.4278307332281271,-0.0499869056354542,2.06,0.1,0.9900000000000002,1.1,0,887.2127880499851,0,state_0,Late-Cycle / Inflationary Flat Curve,1.0,0.0,0.0,0.0
2019-08-01,0.0080269767609704,-0.4062540540446711,1.63,-0.1400000000000001,0.8900000000000001,1.1,0,887.2127880499851,0,state_0,Late-Cycle / Inflationary Flat Curve,1.0,0.0,0.0,0.0
2019-09-01,-0.6935145549602969,-1.0923093403698718,1.7,-0.1,0.8800000000000003,1.1,0,887.2127880499851,0,state_0,Late-Cycle / Inflationary Flat Curve,1.0,0.0,0.0,0.0
2019-10-01,-1.1143645702338951,-0.2362208398945387,1.71,0.0999999999999998,0.91,1.1,0,887.2127880499851,0,state_0,Late-Cycle / Inflationary Flat Curve,1.0,0.0,0.0,0.0
2019-11-01,-0.0962191351592173,-0.2333656355613916,1.81,0.24,0.8799999999999999,1.1,0,887.2127880499851,0,state_0,Late-Cycle / Inflationary Flat Curve,1.0,0.0,0.0,0.0
2019-12-01,-0.8513389588483208,-0.5058128083903141,1.86,0.31,0.8700000000000001,1.1,0,887.2127880499851,0,state_0,Late-Cycle / Inflationary Flat Curve,1.0,0.0,0.0,0.0
2020-01-01,-1.3040958343977345,-0.3945222175330173,1.76,0.2299999999999999,0.8300000000000001,1.1,0,887.2127880499851,0,state_0,Late-Cycle / Inflationary Flat Curve,1.0,0.0,0.0,0.0
2020-02-01,-1.069268230101449,-1.3823759920067165,1.5,0.09,0.8300000000000001,1.1,0,887.2127880499851,0,state_0,Late-Cycle / Inflationary Flat Curve,1.0,0.0,0.0,0.0
2020-03-01,-5.544531985081921,-1.409690853026463,0.87,0.54,1.27,1.1,0,887.2127880499851,3,state_3,Macro-Financial Stress,0.0,0.0,0.0,1.0
2020-04-01,-17.111061748249117,-2.486868312251153,0.66,0.48,1.6999999999999995,1.1,0,887.2127880499851,3,state_3,Macro-Financial Stress,0.0,0.0,0.0,1.0
2020-05-01,-2.449783690151793,0.4658943746609748,0.67,0.51,1.4500000000000002,1.1,0,887.2127880499851,1,state_1,Low-Rate / Steep Curve,0.0,1.0,0.0,0.0
2020-06-01,2.6737041634174075,0.7128066653875625,0.73,0.55,1.2000000000000002,1.1,0,887.2127880499851,1,state_1,Low-Rate / Steep Curve,0.0,1.0,0.0,0.0
2020-07-01,6.462479834933425,1.2319897345040778,0.62,0.47,1.17,1.1,0,887.2127880499851,1,state_1,Low-Rate / Steep Curve,0.0,1.0,0.0,0.0
2020-08-01,5.421710540789184,0.2230611233354303,0.65,0.52,1.02,1.1,0,887.2127880499851,1,state_1,Low-Rate / Steep Curve,0.0,1.0,0.0,0.0
2020-09-01,4.110059610269314,-0.3815008931619609,0.68,0.55,1.0499999999999998,1.1,0,887.2127880499851,1,state_1,Low-Rate / Steep Curve,0.0,1.0,0.0,0.0
2020-10-01,2.238430932877597,-0.3211275202998469,0.79,0.66,1.09,1.1,0,887.2127880499851,1,state_1,Low-Rate / Steep Curve,0.0,1.0,0.0,0.0
2020-11-01,1.2792145114510942,0.608721538135216,0.87,0.75,1.0,1.1,0,887.2127880499851,1,state_1,Low-Rate / Steep Curve,0.0,1.0,0.0,0.0
2020-12-01,2.065710605850673,0.37548442483881,0.93,0.8300000000000001,0.9000000000000004,1.1,0,887.2127880499851,1,state_1,Low-Rate / Steep Curve,0.0,1.0,0.0,0.0
2021-01-01,1.6933999954282213,1.3078175997367816,1.08,0.98,0.79,1.1,0,887.2127880499851,1,state_1,Low-Rate / Steep Curve,0.0,1.0,0.0,0.0
2021-02-01,-0.7896122518579811,2.1793522141022548,1.26,1.19,0.7199999999999998,1.1,0,887.2127880499851,1,state_1,Low-Rate / Steep Curve,0.0,1.0,0.0,0.0
2021-03-01,2.760156559535214,1.187055065038514,1.61,1.53,0.7000000000000002,1.1,0,887.2127880499851,1,state_1,Low-Rate / Steep Curve,0.0,1.0,0.0,0.0
2021-04-01,1.374332658351731,1.1558841327640896,1.64,1.5799999999999998,0.7000000000000002,1.1,0,887.2127880499851,1,state_1,Low-Rate / Steep Curve,0.0,1.0,0.0,0.0
2021-05-01,-0.2778508378619252,3.1607340860147533,1.62,1.57,0.6600000000000001,1.1,0,887.2127880499851,1,state_1,Low-Rate / Steep Curve,0.0,1.0,0.0,0.0
2021-06-01,1.4236238182845646,1.7428945949528531,1.52,1.45,0.6499999999999999,1.1,0,887.2127880499851,1,state_1,Low-Rate / Steep Curve,0.0,1.0,0.0,0.0
2021-07-01,1.4828358217981414,1.2352544678008062,1.32,1.24,0.6700000000000004,1.1,0,887.2127880499851,1,state_1,Low-Rate / Steep Curve,0.0,1.0,0.0,0.0
2021-08-01,0.9715910223643096,0.9819725236163988,1.28,1.21,0.6900000000000004,1.1,0,887.2127880499851,1,state_1,Low-Rate / Steep Curve,0.0,1.0,0.0,0.0
2021-09-01,0.2144219751367401,0.4289135625482419,1.37,1.29,0.7000000000000002,1.1,0,887.2127880499851,1,state_1,Low-Rate / Steep Curve,0.0,1.0,0.0,0.0
2021-10-01,1.8800763251016717,2.266183887057985,1.58,1.47,0.6699999999999999,1.1,0,887.2127880499851,1,state_1,Low-Rate / Steep Curve,0.0,1.0,0.0,0.0
2021-11-01,1.4599331871901189,1.5866702701571267,1.56,1.38,0.6599999999999997,1.1,0,887.2127880499851,1,state_1,Low-Rate / Steep Curve,0.0,1.0,0.0,0.0
2021-12-01,0.7422794906204881,-0.7063786586955706,1.47,1.17,0.6499999999999999,1.1,0,887.2127880499851,1,state_1,Low-Rate / Steep Curve,0.0,1.0,0.0,0.0
2022-01-01,0.3488701794965149,2.033062508487942,1.76,1.21,0.6499999999999999,1.1,0,887.2127880499851,1,state_1,Low-Rate / Steep Curve,0.0,1.0,0.0,0.0
2022-02-01,0.2502261783964033,2.694134754314567,1.93,0.93,0.7200000000000002,1.1,0,887.2127880499851,0,state_0,Late-Cycle / Inflationary Flat Curve,1.0,0.0,0.0,0.0
2022-03-01,0.0715189044318447,3.6286743675783626,2.13,0.7899999999999998,0.8599999999999999,1.1,0,887.2127880499851,0,state_0,Late-Cycle / Inflationary Flat Curve,1.0,0.0,0.0,0.0
2022-04-01,0.0083132664969298,0.901978725164924,2.75,0.8600000000000001,0.9000000000000004,1.1,0,887.2127880499851,0,state_0,Late-Cycle / Inflationary Flat Curve,1.0,0.0,0.0,0.0
2022-05-01,-0.4278215826756419,3.541993340917122,2.9,0.8399999999999999,0.9900000000000002,1.1,0,887.2127880499851,0,state_0,Late-Cycle / Inflationary Flat Curve,1.0,0.0,0.0,0.0
2022-06-01,-1.2358227375840187,3.804247566074351,3.14,0.4900000000000002,1.0299999999999994,1.1,0,887.2127880499851,0,state_0,Late-Cycle / Inflationary Flat Curve,1.0,0.0,0.0,0.0
2022-07-01,-0.2234913564931805,-2.3480330289310065,2.9,-0.1200000000000001,1.1500000000000004,1.1,0,887.2127880499851,0,state_0,Late-Cycle / Inflationary Flat Curve,1.0,0.0,0.0,0.0
2022-08-01,-0.3362547537200724,-1.560967233846311,2.9,-0.3799999999999999,1.08,1.1,0,887.2127880499851,0,state_0,Late-Cycle / Inflationary Flat Curve,1.0,0.0,0.0,0.0
2022-09-01,-0.3194961852170888,-0.5108531829060768,3.52,-0.3700000000000001,1.1000000000000003,1.1,0,887.2127880499851,0,state_0,Late-Cycle / Inflationary Flat Curve,1.0,0.0,0.0,0.0
2022-10-01,-0.5669620310308736,-0.767752271045614,3.98,-0.4499999999999997,1.16,1.1,0,887.2127880499851,0,state_0,Late-Cycle / Inflationary Flat Curve,1.0,0.0,0.0,0.0
2022-11-01,-0.931017226691972,-0.7169362183053865,3.89,-0.8400000000000003,1.17,1.1,0,887.2127880499851,0,state_0,Late-Cycle / Inflationary Flat Curve,1.0,0.0,0.0,0.0
2022-12-01,-1.2928271882775255,-2.1199540289815904,3.62,-1.0599999999999996,1.16,1.1,0,887.2127880499851,0,state_0,Late-Cycle / Inflationary Flat Curve,1.0,0.0,0.0,0.0
2023-01-01,-0.7296489418429613,0.769094476136752,3.53,-1.1600000000000006,1.0999999999999996,1.1,0,887.2127880499851,0,state_0,Late-Cycle / Inflationary Flat Curve,1.0,0.0,0.0,0.0
2023-02-01,-0.8882324289040305,-0.6393920495543294,3.75,-1.1799999999999995,1.0300000000000002,1.1,0,887.2127880499851,0,state_0,Late-Cycle / Inflationary Flat Curve,1.0,0.0,0.0,0.0
2023-03-01,-0.812153684062012,-0.5953250784130638,3.66,-1.0199999999999996,1.1100000000000003,1.1,0,887.2127880499851,0,state_0,Late-Cycle / Inflationary Flat Curve,1.0,0.0,0.0,0.0
2023-04-01,-0.6584280507599077,-0.2822835757536475,3.46,-1.2199999999999998,1.0600000000000005,1.1,0,887.2127880499851,0,state_0,Late-Cycle / Inflationary Flat Curve,1.0,0.0,0.0,0.0
2023-05-01,-0.997476996124818,-0.8891963449915479,3.57,-1.3400000000000003,1.0999999999999996,1.1,0,887.2127880499851,0,state_0,Late-Cycle / Inflationary Flat Curve,1.0,0.0,0.0,0.0
2023-06-01,-1.168571274313901,-0.7020915572029275,3.75,-1.4900000000000002,1.0999999999999996,1.1,0,887.2127880499851,0,state_0,Late-Cycle / Inflationary Flat Curve,1.0,0.0,0.0,0.0
2023-07-01,-0.0325171103374705,-0.925591414970798,3.9,-1.4700000000000002,1.08,1.1,0,887.2127880499851,0,state_0,Late-Cycle / Inflationary Flat Curve,1.0,0.0,0.0,0.0
2023-08-01,-0.2465750455808709,1.4738064008484677,4.17,-1.2000000000000002,1.0699999999999994,1.1,0,887.2127880499851,0,state_0,Late-Cycle / Inflationary Flat Curve,1.0,0.0,0.0,0.0
2023-09-01,-0.1869218673270985,0.3567270040377115,4.38,-1.0600000000000005,1.0300000000000002,1.1,0,887.2127880499851,0,state_0,Late-Cycle / Inflationary Flat Curve,1.0,0.0,0.0,0.0
2023-10-01,-1.1758119054063425,-1.1497758340801394,4.8,-0.6200000000000001,1.0199999999999996,1.1,0,887.2127880499851,0,state_0,Late-Cycle / Inflationary Flat Curve,1.0,0.0,0.0,0.0
2023-11-01,-0.3558560366407491,-0.8834343171257873,4.5,-0.7800000000000002,1.0099999999999998,1.1,0,887.2127880499851,0,state_0,Late-Cycle / Inflationary Flat Curve,1.0,0.0,0.0,0.0
2023-12-01,-0.6218739518886744,-1.5334833342180496,4.02,-0.9400000000000004,0.8999999999999995,1.1,0,887.2127880499851,0,state_0,Late-Cycle / Inflationary Flat Curve,1.0,0.0,0.0,0.0
2024-01-01,-0.8987212813489197,-0.5320245469335114,4.06,-0.7300000000000004,0.8099999999999996,1.1,0,887.2127880499851,0,state_0,Late-Cycle / Inflationary Flat Curve,1.0,0.0,0.0,0.0
2024-02-01,-0.5825062177600188,1.148600827790486,4.21,-0.71,0.7399999999999993,1.1,0,887.2127880499851,0,state_0,Late-Cycle / Inflationary Flat Curve,1.0,0.0,0.0,0.0
2024-03-01,-0.4340345368544616,-0.2426510961855317,4.21,-0.7800000000000002,0.7400000000000002,1.1,0,887.2127880499851,0,state_0,Late-Cycle / Inflationary Flat Curve,1.0,0.0,0.0,0.0
2024-04-01,-0.4983253288623804,0.4596992809925227,4.54,-0.5999999999999996,0.7199999999999998,1.1,0,887.2127880499851,0,state_0,Late-Cycle / Inflationary Flat Curve,1.0,0.0,0.0,0.0
2024-05-01,-0.3024233211307705,-0.446942650785693,4.48,-0.6799999999999997,0.7000000000000002,1.1,0,887.2127880499851,0,state_0,Late-Cycle / Inflationary Flat Curve,1.0,0.0,0.0,0.0
2024-06-01,-0.1980728997318653,-0.4794733389265728,4.31,-0.8000000000000007,0.6900000000000004,1.1,0,887.2127880499851,0,state_0,Late-Cycle / Inflationary Flat Curve,1.0,0.0,0.0,0.0
2024-07-01,-1.0570108893167156,0.0825944360533884,4.25,-0.6500000000000004,0.7199999999999998,1.1,0,887.2127880499851,0,state_0,Late-Cycle / Inflationary Flat Curve,1.0,0.0,0.0,0.0
2024-08-01,-0.622256306381439,-0.930599596222162,3.87,-0.5599999999999996,0.7299999999999995,1.1,0,887.2127880499851,0,state_0,Late-Cycle / Inflationary Flat Curve,1.0,0.0,0.0,0.0
2024-09-01,-0.8953533341843741,-1.2067759263144384,3.72,-0.31,0.7400000000000002,1.1,0,887.2127880499851,0,state_0,Late-Cycle / Inflationary Flat Curve,1.0,0.0,0.0,0.0
2024-10-01,-1.0856156690007266,-0.2179962432652846,4.1,-0.1000000000000005,0.6799999999999997,1.1,0,887.2127880499851,0,state_0,Late-Cycle / Inflationary Flat Curve,1.0,0.0,0.0,0.0
2024-11-01,-0.587084144534397,-0.2574851153381139,4.36,0.0300000000000002,0.6400000000000006,1.1,0,887.2127880499851,0,state_0,Late-Cycle / Inflationary Flat Curve,1.0,0.0,0.0,0.0
2024-12-01,0.3470727878553601,-0.1888092652139719,4.39,0.1599999999999992,0.5999999999999996,1.1,0,887.2127880499851,0,state_0,Late-Cycle / Inflationary Flat Curve,1.0,0.0,0.0,0.0
2025-01-01,-0.5460448111873264,1.248166865665994,4.63,0.4500000000000002,0.6200000000000001,1.1,0,887.2127880499851,0,state_0,Late-Cycle / Inflationary Flat Curve,1.0,0.0,0.0,0.0
2025-02-01,-0.3736178444393803,0.7340236638297366,4.45,0.2599999999999998,0.5999999999999996,1.1,0,887.2127880499851,0,state_0,Late-Cycle / Inflationary Flat Curve,1.0,0.0,0.0,0.0
2025-03-01,-1.0947060934751662,-0.3816587545945518,4.28,0.2200000000000006,0.6399999999999997,1.1,0,887.2127880499851,0,state_0,Late-Cycle / Inflationary Flat Curve,1.0,0.0,0.0,0.0
2025-04-01,-0.6347020815897447,-0.016498532268592,4.28,0.33,0.7299999999999995,1.1,0,887.2127880499851,0,state_0,Late-Cycle / Inflationary Flat Curve,1.0,0.0,0.0,0.0
2025-05-01,-0.6673404511104629,-0.4429411684483602,4.42,0.33,0.75,1.1,0,887.2127880499851,0,state_0,Late-Cycle / Inflationary Flat Curve,1.0,0.0,0.0,0.0
2025-06-01,-0.3830923206766222,-0.3649844098715513,4.38,0.3200000000000003,0.6900000000000004,1.1,0,887.2127880499851,0,state_0,Late-Cycle / Inflationary Flat Curve,1.0,0.0,0.0,0.0
2025-07-01,-0.3928146661431025,0.056510209088811,4.39,0.3099999999999996,0.6499999999999995,1.1,0,887.2127880499851,0,state_0,Late-Cycle / Inflationary Flat Curve,1.0,0.0,0.0,0.0
2025-08-01,-0.3145277997233527,0.0863573605286407,4.26,0.3699999999999996,0.6500000000000004,1.1,0,887.2127880499851,0,state_0,Late-Cycle / Inflationary Flat Curve,1.0,0.0,0.0,0.0
2025-09-01,-1.2081449694306263,0.0052650801981367,4.12,0.4599999999999999,0.6200000000000001,1.1,0,887.2127880499851,0,state_0,Late-Cycle / Inflationary Flat Curve,1.0,0.0,0.0,0.0
