period_start_date,HOUST,realtime_start_date
1960-07-01,1173.0,1960-08-18
1960-08-01,1275.0,1960-09-19
1960-09-01,1077.0,1960-10-18
1960-10-01,1231.0,1960-11-17
1960-11-01,1235.0,1960-12-16
1960-12-01,990.0,1961-01-17
1961-01-01,1098.0,1961-02-16
1961-02-01,1154.0,1961-03-16
1961-03-01,1283.0,1961-04-14
1961-04-01,1233.0,1961-05-17
1961-05-01,1298.0,1961-06-16
1961-06-01,1374.0,1961-07-19
1961-07-01,1317.0,1961-08-18
1961-08-01,1317.0,1961-09-19
1961-09-01,1360.0,1961-10-17
1961-10-01,1442.0,1961-11-17
1961-11-01,1350.0,1961-12-18
1961-12-01,1306.0,1962-01-18
1962-01-01,1292.0,1962-02-16
1962-02-01,1126.0,1962-03-20
1962-03-01,1409.0,1962-04-17
1962-04-01,1542.0,1962-05-17
1962-05-01,1587.0,1962-06-18
1962-06-01,1389.0,1962-07-17
1962-07-01,1407.0,1962-08-17
1962-08-01,1521.0,1962-09-18
1962-09-01,1312.0,1962-10-19
1962-10-01,1497.0,1962-11-19
1962-11-01,1544.0,1962-12-19
1962-12-01,1499.0,1963-01-17
1963-01-01,1242.0,1963-02-19
1963-02-01,1280.0,1963-03-19
1963-03-01,1494.0,1963-04-17
1963-04-01,1627.0,1963-05-17
1963-05-01,1722.0,1963-06-18
1963-06-01,1586.0,1963-07-19
1963-07-01,1513.0,1963-08-20
1963-08-01,1513.0,1963-09-20
1963-09-01,1687.0,1963-10-17
1963-10-01,1876.0,1963-11-20
1963-11-01,1528.0,1963-12-18
1963-12-01,1597.0,1964-01-16
1964-01-01,1700.0,1964-02-18
1964-02-01,1643.0,1964-03-17
1964-03-01,1648.0,1964-04-17
1964-04-01,1558.0,1964-05-19
1964-05-01,1501.0,1964-06-18
1964-06-01,1577.0,1964-07-17
1964-07-01,1517.0,1964-08-19
1964-08-01,1402.0,1964-09-18
1964-09-01,1484.0,1964-10-19
1964-10-01,1600.0,1964-11-18
1964-11-01,1420.0,1964-12-17
1964-12-01,1541.0,1965-01-19
1965-01-01,1487.0,1965-02-18
1965-02-01,1422.0,1965-03-17
1965-03-01,1549.0,1965-04-19
1965-04-01,1548.0,1965-05-19
1965-05-01,1484.0,1965-06-18
1965-06-01,1531.0,1965-07-19
1965-07-01,1459.0,1965-08-18
1965-08-01,1402.0,1965-09-17
1965-09-01,1424.0,1965-10-19
1965-10-01,1402.0,1965-11-18
1965-11-01,1534.0,1965-12-17
1965-12-01,1746.0,1966-01-19
1966-01-01,1537.0,1966-02-17
1966-02-01,1318.0,1966-03-18
1966-03-01,1543.0,1966-04-18
1966-04-01,1495.0,1966-05-19
1966-05-01,1306.0,1966-06-20
1966-06-01,1288.0,1966-07-19
1966-07-01,1064.0,1966-08-18
1966-08-01,1057.0,1966-09-20
1966-09-01,1073.0,1966-10-18
1966-10-01,848.0,1966-11-17
1966-11-01,1000.0,1966-12-16
1966-12-01,1102.0,1967-01-16
1967-01-01,1243.0,1967-02-15
1967-02-01,1089.0,1967-03-15
1967-03-01,1171.0,1967-04-17
1967-04-01,1171.0,1967-05-16
1967-05-01,1310.0,1967-06-16
1967-06-01,1302.0,1967-07-18
1967-07-01,1360.0,1967-08-16
1967-08-01,1381.0,1967-09-18
1967-09-01,1457.0,1967-10-16
1967-10-01,1496.0,1967-11-16
1967-11-01,1556.0,1967-12-18
1967-12-01,1256.0,1968-01-17
1968-01-01,1445.0,1968-02-16
1968-02-01,1566.0,1968-03-15
1968-03-01,1476.0,1968-04-17
1968-04-01,1620.0,1968-05-17
1968-05-01,1331.0,1968-06-20
1968-06-01,1313.0,1968-07-17
1968-07-01,1539.0,1968-08-16
1968-08-01,1508.0,1968-09-17
1968-09-01,1598.0,1968-10-16
1968-10-01,1548.0,1968-11-18
1968-11-01,1677.0,1968-12-17
1968-12-01,1454.0,1969-01-16
1969-01-01,1816.0,1969-02-17
1969-02-01,1700.0,1969-03-17
1969-03-01,1539.0,1969-04-15
1969-04-01,1543.0,1969-05-15
1969-05-01,1509.0,1969-06-17
1969-06-01,1446.0,1969-07-16
1969-07-01,1336.0,1969-08-15
1969-08-01,1336.0,1969-09-16
1969-09-01,1518.0,1969-10-16
1969-10-01,1342.0,1969-11-18
1969-11-01,1287.0,1969-12-17
1969-12-01,1245.0,1970-01-16
1970-01-01,1166.0,1970-02-17
1970-02-01,1321.0,1970-03-16
1970-03-01,1383.0,1970-04-16
1970-04-01,1181.0,1970-05-15
1970-05-01,1200.0,1970-06-16
1970-06-01,1358.0,1970-07-16
1970-07-01,1585.0,1970-08-17
1970-08-01,1431.0,1970-09-17
1970-09-01,1504.0,1970-10-16
1970-10-01,1550.0,1970-11-17
1970-11-01,1692.0,1970-12-17
1970-12-01,1987.0,1971-01-18
1971-01-01,1701.0,1971-02-18
1971-02-01,1715.0,1971-03-17
1971-03-01,1918.0,1971-04-16
1971-04-01,1903.0,1971-05-18
1971-05-01,1931.0,1971-06-16
1971-06-01,1982.0,1971-07-19
1971-07-01,2218.0,1971-08-17
1971-08-01,2228.0,1971-09-17
1971-09-01,1958.0,1971-10-18
1971-10-01,2050.0,1971-11-16
1971-11-01,2316.0,1971-12-16
1971-12-01,2517.0,1972-01-18
1972-01-01,2549.0,1972-02-16
1972-02-01,2678.0,1972-03-17
1972-03-01,2359.0,1972-04-18
1972-04-01,2115.0,1972-05-16
1972-05-01,2322.0,1972-06-16
1972-06-01,2298.0,1972-07-19
1972-07-01,2181.0,1972-08-16
1972-08-01,2457.0,1972-09-19
1972-09-01,2352.0,1972-10-18
1972-10-01,2410.0,1972-11-16
1972-11-01,2445.0,1972-12-18
1972-12-01,2392.0,1973-01-17
1973-01-01,2468.0,1973-02-16
1973-02-01,2444.0,1973-03-16
1973-03-01,2259.0,1973-04-17
1973-04-01,2103.0,1973-05-16
1973-05-01,2430.0,1973-06-18
1973-06-01,2119.0,1973-07-18
1973-07-01,2176.0,1973-08-16
1973-08-01,2045.0,1973-09-19
1973-09-01,1763.0,1973-10-17
1973-10-01,1613.0,1973-11-16
1973-11-01,1698.0,1973-12-18
1973-12-01,1355.0,1974-01-17
1974-01-01,1486.0,1974-02-19
1974-02-01,1800.0,1974-03-18
1974-03-01,1460.0,1974-04-19
1974-04-01,1626.0,1974-05-16
1974-05-01,1450.0,1974-06-18
1974-06-01,1595.0,1974-07-17
1974-07-01,1335.0,1974-08-16
1974-08-01,1126.0,1974-09-18
1974-09-01,1120.0,1974-10-17
1974-10-01,1124.0,1974-11-18
1974-11-01,990.0,1974-12-17
1974-12-01,868.0,1975-01-17
1975-01-01,987.0,1975-02-19
1975-02-01,977.0,1975-03-18
1975-03-01,980.0,1975-04-16
1975-04-01,990.0,1975-05-16
1975-05-01,1126.0,1975-06-17
1975-06-01,1070.0,1975-07-17
1975-07-01,1238.0,1975-08-18
1975-08-01,1260.0,1975-09-17
1975-09-01,1240.0,1975-10-17
1975-10-01,1458.0,1975-11-18
1975-11-01,1375.0,1975-12-16
1975-12-01,1309.0,1976-01-19
1976-01-01,1221.0,1976-02-18
1976-02-01,1555.0,1976-03-16
1976-03-01,1444.0,1976-04-16
1976-04-01,1372.0,1976-05-18
1976-05-01,1415.0,1976-06-16
1976-06-01,1492.0,1976-07-19
1976-07-01,1387.0,1976-08-17
1976-08-01,1542.0,1976-09-17
1976-09-01,1814.0,1976-10-19
1976-10-01,1792.0,1976-11-16
1976-11-01,1705.0,1976-12-16
1976-12-01,1940.0,1977-01-18
1977-01-01,1375.0,1977-02-16
1977-02-01,1791.0,1977-03-16
1977-03-01,2127.0,1977-04-16
1977-04-01,1875.0,1977-05-17
1977-05-01,1929.0,1977-06-16
1977-06-01,1833.0,1977-07-19
1977-07-01,2064.0,1977-08-16
1977-08-01,2022.0,1977-09-19
1977-09-01,2040.0,1977-10-19
1977-10-01,2179.0,1977-11-16
1977-11-01,2105.0,1977-12-16
1977-12-01,2295.0,1978-01-18
1978-01-01,1549.0,1978-02-16
1978-02-01,1580.0,1978-03-16
1978-03-01,2074.0,1978-04-18
1978-04-01,2189.0,1978-05-16
1978-05-01,2075.0,1978-06-16
1978-06-01,2099.0,1978-07-19
1978-07-01,2085.0,1978-08-16
1978-08-01,2029.0,1978-09-19
1978-09-01,2073.0,1978-10-18
1978-10-01,2080.0,1978-11-17
1978-11-01,2104.0,1978-12-18
1978-12-01,2125.0,1979-01-17
1979-01-01,1656.0,1979-02-19
1979-02-01,1411.0,1979-03-16
1979-03-01,1793.0,1979-04-17
1979-04-01,1749.0,1979-05-16
1979-05-01,1827.0,1979-06-18
1979-06-01,1935.0,1979-07-18
1979-07-01,1799.0,1979-08-16
1979-08-01,1783.0,1979-09-19
1979-09-01,1881.0,1979-10-17
1979-10-01,1760.0,1979-11-19
1979-11-01,1518.0,1979-12-18
1979-12-01,1527.0,1980-01-17
1980-01-01,1420.0,1980-02-19
1980-02-01,1334.0,1980-03-18
1980-03-01,1041.0,1980-04-16
1980-04-01,1019.0,1980-05-16
1980-05-01,920.0,1980-06-17
1980-06-01,1191.0,1980-07-17
1980-07-01,1266.0,1980-08-18
1980-08-01,1399.0,1980-09-17
1980-09-01,1544.0,1980-10-17
1980-10-01,1569.0,1980-11-19
1980-11-01,1555.0,1980-12-16
1980-12-01,1548.0,1981-01-19
1981-01-01,1585.0,1981-02-18
1981-02-01,1218.0,1981-03-17
1981-03-01,1284.0,1981-04-16
1981-04-01,1343.0,1981-05-18
1981-05-01,1152.0,1981-06-16
1981-06-01,1032.0,1981-07-17
1981-07-01,1055.0,1981-08-18
1981-08-01,937.0,1981-09-17
1981-09-01,918.0,1981-10-19
1981-10-01,857.0,1981-11-18
1981-11-01,871.0,1981-12-16
1981-12-01,978.0,1982-01-19
1982-01-01,894.0,1982-02-17
1982-02-01,953.0,1982-03-16
1982-03-01,947.0,1982-04-16
1982-04-01,881.0,1982-05-18
1982-05-01,1086.0,1982-06-16
1982-06-01,911.0,1982-07-19
1982-07-01,1211.0,1982-08-17
1982-08-01,1002.0,1982-09-17
1982-09-01,1146.0,1982-10-19
1982-10-01,1122.0,1982-11-17
1982-11-01,1428.0,1982-12-16
1982-12-01,1222.0,1983-01-18
1983-01-01,1716.0,1983-02-16
1983-02-01,1756.0,1983-03-16
1983-03-01,1611.0,1983-04-18
1983-04-01,1490.0,1983-05-17
1983-05-01,1791.0,1983-06-16
1983-06-01,1747.0,1983-07-19
1983-07-01,1741.0,1983-08-16
1983-08-01,1935.0,1983-09-19
1983-09-01,1652.0,1983-10-19
1983-10-01,1608.0,1983-11-17
1983-11-01,1756.0,1983-12-20
1983-12-01,1667.0,1984-01-18
1984-01-01,1915.0,1984-02-16
1984-02-01,2197.0,1984-03-16
1984-03-01,1638.0,1984-04-17
1984-04-01,1963.0,1984-05-16
1984-05-01,1782.0,1984-06-19
1984-06-01,1900.0,1984-07-18
1984-07-01,1761.0,1984-08-16
1984-08-01,1537.0,1984-09-19
1984-09-01,1676.0,1984-10-17
1984-10-01,1515.0,1984-11-20
1984-11-01,1528.0,1984-12-18
1984-12-01,1587.0,1985-01-17
1985-01-01,1833.0,1985-02-19
1985-02-01,1638.0,1985-03-19
1985-03-01,1895.0,1985-04-16
1985-04-01,1913.0,1985-05-16
1985-05-01,1663.0,1985-06-18
1985-06-01,1705.0,1985-07-17
1985-07-01,1654.0,1985-08-16
1985-08-01,1749.0,1985-09-18
1985-09-01,1583.0,1985-10-17
1985-10-01,1760.0,1985-11-19
1985-11-01,1547.0,1985-12-17
1985-12-01,1840.0,1986-01-17
1986-01-01,2088.0,1986-02-19
1986-02-01,1985.0,1986-03-18
1986-03-01,1949.0,1986-04-16
1986-04-01,2009.0,1986-05-16
1986-05-01,1888.0,1986-06-17
1986-06-01,1845.0,1986-07-17
1986-07-01,1818.0,1986-08-20
1986-08-01,1822.0,1986-09-17
1986-09-01,1680.0,1986-10-17
1986-10-01,1648.0,1986-11-19
1986-11-01,1598.0,1986-12-16
1986-12-01,1802.0,1987-01-21
1987-01-01,1806.0,1987-02-18
1987-02-01,1851.0,1987-03-17
1987-03-01,1774.0,1987-04-16
1987-04-01,1699.0,1987-05-19
1987-05-01,1620.0,1987-06-16
1987-06-01,1590.0,1987-07-17
1987-07-01,1611.0,1987-08-18
1987-08-01,1582.0,1987-09-17
1987-09-01,1669.0,1987-10-20
1987-10-01,1513.0,1987-11-18
1987-11-01,1637.0,1987-12-16
1987-12-01,1374.0,1988-01-20
1988-01-01,1377.0,1988-02-17
1988-02-01,1494.0,1988-03-16
1988-03-01,1543.0,1988-04-19
1988-04-01,1561.0,1988-05-18
1988-05-01,1384.0,1988-06-17
1988-06-01,1454.0,1988-07-19
1988-07-01,1489.0,1988-08-17
1988-08-01,1436.0,1988-09-21
1988-09-01,1453.0,1988-10-19
1988-10-01,1554.0,1988-11-17
1988-11-01,1563.0,1988-12-16
1988-12-01,1524.0,1989-01-19
1989-01-01,1693.0,1989-02-16
1989-02-01,1498.0,1989-03-16
1989-03-01,1397.0,1989-04-18
1989-04-01,1361.0,1989-05-16
1989-05-01,1311.0,1989-06-16
1989-06-01,1400.0,1989-07-19
1989-07-01,1430.0,1989-08-16
1989-08-01,1353.0,1989-09-19
1989-09-01,1263.0,1989-10-18
1989-10-01,1420.0,1989-11-17
1989-11-01,1361.0,1989-12-19
1989-12-01,1235.0,1990-01-18
1990-01-01,1625.0,1990-02-15
1990-02-01,1477.0,1990-03-16
1990-03-01,1321.0,1990-04-17
1990-04-01,1245.0,1990-05-16
1990-05-01,1207.0,1990-06-19
1990-06-01,1177.0,1990-07-18
1990-07-01,1148.0,1990-08-16
1990-08-01,1127.0,1990-09-19
1990-09-01,1135.0,1990-10-17
1990-10-01,1041.0,1990-11-20
1990-11-01,1129.0,1990-12-19
1990-12-01,987.0,1991-01-17
1991-01-01,850.0,1991-02-20
1991-02-01,989.0,1991-03-19
1991-03-01,901.0,1991-04-16
1991-04-01,957.0,1991-05-16
1991-05-01,982.0,1991-06-18
1991-06-01,1040.0,1991-07-17
1991-07-01,1070.0,1991-08-15
1991-08-01,1065.0,1991-09-18
1991-09-01,1033.0,1991-10-18
1991-10-01,1096.0,1991-11-20
1991-11-01,1066.0,1991-12-17
1991-12-01,1103.0,1992-01-22
1992-01-01,1167.0,1992-02-19
1992-02-01,1304.0,1992-03-16
1992-03-01,1365.0,1992-04-17
1992-04-01,1115.0,1992-05-19
1992-05-01,1230.0,1992-06-16
1992-06-01,1167.0,1992-07-16
1992-07-01,1119.0,1992-08-18
1992-08-01,1237.0,1992-09-22
1992-09-01,1256.0,1992-10-20
1992-10-01,1229.0,1992-11-19
1992-11-01,1242.0,1992-12-16
1992-12-01,1302.0,1993-01-22
1993-01-01,1192.0,1993-02-17
1993-02-01,1208.0,1993-03-16
1993-03-01,1134.0,1993-04-20
1993-04-01,1213.0,1993-05-18
1993-05-01,1244.0,1993-06-16
1993-06-01,1254.0,1993-07-20
1993-07-01,1212.0,1993-08-17
1993-08-01,1323.0,1993-09-21
1993-09-01,1351.0,1993-10-19
1993-10-01,1396.0,1993-11-17
1993-11-01,1432.0,1993-12-17
1993-12-01,1540.0,1994-01-20
1994-01-01,1294.0,1994-02-16
1994-02-01,1309.0,1994-03-16
1994-03-01,1473.0,1994-04-20
1994-04-01,1455.0,1994-05-17
1994-05-01,1510.0,1994-06-16
1994-06-01,1351.0,1994-07-20
1994-07-01,1415.0,1994-08-16
1994-08-01,1442.0,1994-09-21
1994-09-01,1525.0,1994-10-20
1994-10-01,1419.0,1994-11-17
1994-11-01,1540.0,1994-12-16
1994-12-01,1529.0,1995-01-20
1995-01-01,1377.0,1995-02-16
1995-02-01,1323.0,1995-03-16
1995-03-01,1211.0,1995-04-18
1995-04-01,1236.0,1995-05-16
1995-05-01,1239.0,1995-06-20
1995-06-01,1263.0,1995-07-19
1995-07-01,1380.0,1995-08-16
1995-08-01,1398.0,1995-09-19
1995-09-01,1390.0,1995-10-19
1995-10-01,1337.0,1995-11-28
1995-11-01,1420.0,1996-01-16
1995-12-01,1385.0,1996-02-23
1996-01-01,1446.0,1996-02-23
1996-02-01,1490.0,1996-03-17
1996-03-01,1447.0,1996-04-17
1996-04-01,1519.0,1996-05-16
1996-05-01,1434.0,1996-06-18
1996-06-01,1480.0,1996-07-17
1996-07-01,1455.0,1996-08-16
1996-08-01,1525.0,1996-09-19
1996-09-01,1438.0,1996-10-17
1996-10-01,1366.0,1996-11-19
1996-11-01,1514.0,1996-12-17
1996-12-01,1329.0,1997-01-22
1997-01-01,1350.0,1997-02-20
1997-02-01,1528.0,1997-03-18
1997-03-01,1425.0,1997-04-16
1997-04-01,1473.0,1997-05-16
1997-05-01,1397.0,1997-06-17
1997-06-01,1452.0,1997-07-17
1997-07-01,1447.0,1997-08-19
1997-08-01,1363.0,1997-09-17
1997-09-01,1500.0,1997-10-17
1997-10-01,1528.0,1997-11-19
1997-11-01,1531.0,1997-12-16
1997-12-01,1519.0,1998-01-22
1998-01-01,1534.0,1998-02-18
1998-02-01,1636.0,1998-03-17
1998-03-01,1590.0,1998-04-16
1998-04-01,1538.0,1998-05-19
1998-05-01,1530.0,1998-06-16
1998-06-01,1615.0,1998-07-21
1998-07-01,1718.0,1998-08-19
1998-08-01,1613.0,1998-09-18
1998-09-01,1576.0,1998-10-21
1998-10-01,1695.0,1998-11-19
1998-11-01,1649.0,1998-12-16
1998-12-01,1720.0,1999-01-20
1999-01-01,1804.0,1999-02-17
1999-02-01,1799.0,1999-03-16
1999-03-01,1766.0,1999-04-16
1999-04-01,1574.0,1999-05-18
1999-05-01,1676.0,1999-06-16
1999-06-01,1571.0,1999-07-21
1999-07-01,1661.0,1999-08-17
1999-08-01,1676.0,1999-09-17
1999-09-01,1618.0,1999-10-19
1999-10-01,1628.0,1999-11-17
1999-11-01,1600.0,1999-12-17
1999-12-01,1712.0,2000-01-19
2000-01-01,1775.0,2000-02-16
2000-02-01,1781.0,2000-03-16
2000-03-01,1604.0,2000-04-18
2000-04-01,1663.0,2000-05-16
2000-05-01,1592.0,2000-06-16
2000-06-01,1554.0,2000-07-20
2000-07-01,1512.0,2000-08-16
2000-08-01,1531.0,2000-09-19
2000-09-01,1530.0,2000-10-18
2000-10-01,1532.0,2000-11-17
2000-11-01,1562.0,2000-12-20
2000-12-01,1575.0,2001-01-18
2001-01-01,1651.0,2001-02-16
2001-02-01,1647.0,2001-03-16
2001-03-01,1613.0,2001-04-17
2001-04-01,1609.0,2001-05-16
2001-05-01,1622.0,2001-06-19
2001-06-01,1658.0,2001-07-18
2001-07-01,1672.0,2001-08-16
2001-08-01,1527.0,2001-09-20
2001-09-01,1574.0,2001-10-17
2001-10-01,1552.0,2001-11-19
2001-11-01,1645.0,2001-12-18
2001-12-01,1570.0,2002-01-17
2002-01-01,1678.0,2002-02-19
2002-02-01,1769.0,2002-03-20
2002-03-01,1646.0,2002-04-16
2002-04-01,1555.0,2002-05-16
2002-05-01,1733.0,2002-06-18
2002-06-01,1672.0,2002-07-17
2002-07-01,1649.0,2002-08-16
2002-08-01,1609.0,2002-09-19
2002-09-01,1843.0,2002-10-17
2002-10-01,1603.0,2002-11-20
2002-11-01,1697.0,2002-12-17
2002-12-01,1835.0,2003-01-21
2003-01-01,1850.0,2003-02-19
2003-02-01,1622.0,2003-03-18
2003-03-01,1780.0,2003-04-16
2003-04-01,1630.0,2003-05-16
2003-05-01,1732.0,2003-06-17
2003-06-01,1803.0,2003-07-17
2003-07-01,1872.0,2003-08-19
2003-08-01,1820.0,2003-09-17
2003-09-01,1888.0,2003-10-17
2003-10-01,1960.0,2003-11-19
2003-11-01,2070.0,2003-12-16
2003-12-01,2088.0,2004-01-21
2004-01-01,1903.0,2004-02-18
2004-02-01,1855.0,2004-03-16
2004-03-01,2007.0,2004-04-16
2004-04-01,1969.0,2004-05-18
2004-05-01,1967.0,2004-06-16
2004-06-01,1802.0,2004-07-20
2004-07-01,1978.0,2004-08-17
2004-08-01,2000.0,2004-09-21
2004-09-01,1898.0,2004-10-19
2004-10-01,2027.0,2004-11-17
2004-11-01,1771.0,2004-12-16
2004-12-01,2004.0,2005-01-19
2005-01-01,2159.0,2005-02-16
2005-02-01,2195.0,2005-03-16
2005-03-01,1837.0,2005-04-19
2005-04-01,2038.0,2005-05-17
2005-05-01,2009.0,2005-06-16
2005-06-01,2004.0,2005-07-19
2005-07-01,2042.0,2005-08-16
2005-08-01,2009.0,2005-09-20
2005-09-01,2108.0,2005-10-19
2005-10-01,2014.0,2005-11-17
2005-11-01,2123.0,2005-12-20
2005-12-01,1933.0,2006-01-19
2006-01-01,2276.0,2006-02-16
2006-02-01,2120.0,2006-03-16
2006-03-01,1960.0,2006-04-18
2006-04-01,1849.0,2006-05-16
2006-05-01,1957.0,2006-06-20
2006-06-01,1850.0,2006-07-19
2006-07-01,1795.0,2006-08-16
2006-08-01,1665.0,2006-09-19
2006-09-01,1772.0,2006-10-18
2006-10-01,1486.0,2006-11-17
2006-11-01,1588.0,2006-12-19
2006-12-01,1642.0,2007-01-18
2007-01-01,1408.0,2007-02-16
2007-02-01,1525.0,2007-03-20
2007-03-01,1518.0,2007-04-17
2007-04-01,1528.0,2007-05-16
2007-05-01,1474.0,2007-06-19
2007-06-01,1467.0,2007-07-18
2007-07-01,1381.0,2007-08-16
2007-08-01,1331.0,2007-09-19
2007-09-01,1191.0,2007-10-17
2007-10-01,1229.0,2007-11-20
2007-11-01,1187.0,2007-12-18
2007-12-01,1006.0,2008-01-17
2008-01-01,1012.0,2008-02-20
2008-02-01,1065.0,2008-03-18
2008-03-01,947.0,2008-04-16
2008-04-01,1032.0,2008-05-16
2008-05-01,975.0,2008-06-17
2008-06-01,1066.0,2008-07-17
2008-07-01,965.0,2008-08-19
2008-08-01,895.0,2008-09-17
2008-09-01,817.0,2008-10-17
2008-10-01,791.0,2008-11-19
2008-11-01,625.0,2008-12-16
2008-12-01,550.0,2009-01-22
2009-01-01,466.0,2009-02-18
2009-02-01,583.0,2009-03-17
2009-03-01,510.0,2009-04-16
2009-04-01,458.0,2009-05-19
2009-05-01,532.0,2009-06-16
2009-06-01,582.0,2009-07-17
2009-07-01,581.0,2009-08-18
2009-08-01,598.0,2009-09-17
2009-09-01,590.0,2009-10-20
2009-10-01,529.0,2009-11-18
2009-11-01,574.0,2009-12-16
2009-12-01,557.0,2010-01-20
2010-01-01,591.0,2010-02-17
2010-02-01,575.0,2010-03-16
2010-03-01,626.0,2010-04-16
2010-04-01,672.0,2010-05-18
2010-05-01,593.0,2010-06-16
2010-06-01,549.0,2010-07-20
2010-07-01,546.0,2010-08-17
2010-08-01,598.0,2010-09-21
2010-09-01,610.0,2010-10-19
2010-10-01,519.0,2010-11-17
2010-11-01,555.0,2010-12-16
2010-12-01,529.0,2011-01-19
2011-01-01,596.0,2011-02-16
2011-02-01,479.0,2011-03-16
2011-03-01,549.0,2011-04-19
2011-04-01,523.0,2011-05-17
2011-05-01,560.0,2011-06-16
2011-06-01,629.0,2011-07-19
2011-07-01,604.0,2011-08-16
2011-08-01,571.0,2011-09-20
2011-09-01,658.0,2011-10-19
2011-10-01,628.0,2011-11-17
2011-11-01,685.0,2011-12-20
2011-12-01,657.0,2012-01-19
2012-01-01,699.0,2012-02-16
2012-02-01,698.0,2012-03-20
2012-03-01,654.0,2012-04-17
2012-04-01,717.0,2012-05-16
2012-05-01,708.0,2012-06-19
2012-06-01,760.0,2012-07-18
2012-07-01,746.0,2012-08-16
2012-08-01,750.0,2012-09-19
2012-09-01,872.0,2012-10-17
2012-10-01,894.0,2012-11-20
2012-11-01,861.0,2012-12-19
2012-12-01,954.0,2013-01-17
2013-01-01,890.0,2013-02-20
2013-02-01,917.0,2013-03-19
2013-03-01,1036.0,2013-04-16
2013-04-01,853.0,2013-05-16
2013-05-01,914.0,2013-06-18
2013-06-01,836.0,2013-07-17
2013-07-01,896.0,2013-08-16
2013-08-01,891.0,2013-09-18
2013-09-01,873.0,2013-12-18
2013-10-01,889.0,2013-12-18
2013-11-01,1091.0,2013-12-18
2013-12-01,999.0,2014-01-17
2014-01-01,880.0,2014-02-19
2014-02-01,907.0,2014-03-18
2014-03-01,946.0,2014-04-16
2014-04-01,1072.0,2014-05-16
2014-05-01,1001.0,2014-06-17
2014-06-01,893.0,2014-07-17
2014-07-01,1093.0,2014-08-19
2014-08-01,956.0,2014-09-18
2014-09-01,1017.0,2014-10-17
2014-10-01,1009.0,2014-11-19
2014-11-01,1028.0,2014-12-16
2014-12-01,1089.0,2015-01-21
2015-01-01,1065.0,2015-02-18
2015-02-01,897.0,2015-03-17
2015-03-01,926.0,2015-04-16
2015-04-01,1135.0,2015-05-19
2015-05-01,1036.0,2015-06-16
2015-06-01,1174.0,2015-07-17
2015-07-01,1206.0,2015-08-18
2015-08-01,1126.0,2015-09-17
2015-09-01,1206.0,2015-10-20
2015-10-01,1060.0,2015-11-18
2015-11-01,1173.0,2015-12-16
2015-12-01,1149.0,2016-01-20
2016-01-01,1099.0,2016-02-17
2016-02-01,1178.0,2016-03-16
2016-03-01,1089.0,2016-04-19
2016-04-01,1172.0,2016-05-17
2016-05-01,1164.0,2016-06-17
2016-06-01,1189.0,2016-07-19
2016-07-01,1211.0,2016-08-16
2016-08-01,1142.0,2016-09-20
2016-09-01,1047.0,2016-10-19
2016-10-01,1323.0,2016-11-17
2016-11-01,1090.0,2016-12-16
2016-12-01,1226.0,2017-01-19
2017-01-01,1246.0,2017-02-16
2017-02-01,1288.0,2017-03-16
2017-03-01,1215.0,2017-04-18
2017-04-01,1172.0,2017-05-16
2017-05-01,1092.0,2017-06-16
2017-06-01,1215.0,2017-07-19
2017-07-01,1155.0,2017-08-16
2017-08-01,1180.0,2017-09-19
2017-09-01,1127.0,2017-10-18
2017-10-01,1290.0,2017-11-17
2017-11-01,1297.0,2017-12-19
2017-12-01,1192.0,2018-01-18
2018-01-01,1326.0,2018-02-16
2018-02-01,1236.0,2018-03-16
2018-03-01,1319.0,2018-04-17
2018-04-01,1287.0,2018-05-16
2018-05-01,1350.0,2018-06-19
2018-06-01,1173.0,2018-07-18
2018-07-01,1168.0,2018-08-16
2018-08-01,1282.0,2018-09-19
2018-09-01,1201.0,2018-10-17
2018-10-01,1228.0,2018-11-20
2018-11-01,1256.0,2018-12-18
2018-12-01,1078.0,2019-02-26
2019-01-01,1230.0,2019-03-08
2019-02-01,1162.0,2019-03-26
2019-03-01,1139.0,2019-04-19
2019-04-01,1235.0,2019-05-16
2019-05-01,1269.0,2019-06-18
2019-06-01,1253.0,2019-07-17
2019-07-01,1191.0,2019-08-16
2019-08-01,1364.0,2019-09-18
2019-09-01,1256.0,2019-10-17
2019-10-01,1314.0,2019-11-19
2019-11-01,1365.0,2019-12-17
2019-12-01,1608.0,2020-01-17
2020-01-01,1567.0,2020-02-19
2020-02-01,1599.0,2020-03-18
2020-03-01,1216.0,2020-04-16
2020-04-01,891.0,2020-05-19
2020-05-01,974.0,2020-06-17
2020-06-01,1186.0,2020-07-17
2020-07-01,1496.0,2020-08-18
2020-08-01,1416.0,2020-09-17
2020-09-01,1415.0,2020-10-20
2020-10-01,1530.0,2020-11-18
2020-11-01,1547.0,2020-12-17
2020-12-01,1669.0,2021-01-21
2021-01-01,1580.0,2021-02-18
2021-02-01,1421.0,2021-03-17
2021-03-01,1739.0,2021-04-16
2021-04-01,1569.0,2021-05-18
2021-05-01,1572.0,2021-06-16
2021-06-01,1643.0,2021-07-20
2021-07-01,1534.0,2021-08-18
2021-08-01,1615.0,2021-09-21
2021-09-01,1555.0,2021-10-19
2021-10-01,1520.0,2021-11-17
2021-11-01,1679.0,2021-12-16
2021-12-01,1702.0,2022-01-19
2022-01-01,1638.0,2022-02-17
2022-02-01,1769.0,2022-03-17
2022-03-01,1793.0,2022-04-19
2022-04-01,1724.0,2022-05-18
2022-05-01,1549.0,2022-06-16
2022-06-01,1559.0,2022-07-19
2022-07-01,1446.0,2022-08-16
2022-08-01,1575.0,2022-09-20
2022-09-01,1439.0,2022-10-19
2022-10-01,1425.0,2022-11-17
2022-11-01,1427.0,2022-12-20
2022-12-01,1382.0,2023-01-19
2023-01-01,1309.0,2023-02-16
2023-02-01,1450.0,2023-03-16
2023-03-01,1420.0,2023-04-18
2023-04-01,1401.0,2023-05-17
2023-05-01,1631.0,2023-06-20
2023-06-01,1434.0,2023-07-19
2023-07-01,1452.0,2023-08-16
2023-08-01,1283.0,2023-09-19
2023-09-01,1358.0,2023-10-18
2023-10-01,1372.0,2023-11-17
2023-11-01,1560.0,2023-12-19
2023-12-01,1460.0,2024-01-18
2024-01-01,1331.0,2024-02-16
2024-02-01,1521.0,2024-03-19
2024-03-01,1321.0,2024-04-16
2024-04-01,1360.0,2024-05-16
2024-05-01,1277.0,2024-06-20
2024-06-01,1353.0,2024-07-17
2024-07-01,1238.0,2024-08-16
2024-08-01,1356.0,2024-09-18
2024-09-01,1354.0,2024-10-18
2024-10-01,1311.0,2024-11-19
2024-11-01,1289.0,2024-12-18
2024-12-01,1499.0,2025-01-17
2025-01-01,1366.0,2025-02-19
2025-02-01,1501.0,2025-03-18
2025-03-01,1324.0,2025-04-17
2025-04-01,1361.0,2025-05-16
2025-05-01,1256.0,2025-06-18
2025-06-01,1321.0,2025-07-18
2025-07-01,1428.0,2025-08-19
2025-08-01,1307.0,2025-09-17
2025-09-01,1306.0,2026-01-09
2025-10-01,1246.0,2026-01-09
2025-11-01,1322.0,2026-02-18
2025-12-01,1404.0,2026-02-18
2026-01-01,1487.0,2026-03-12
